0 verbose cli node /bin/npm
1 info using npm@9.6.7
2 info using node@v18.20.8
3 verbose node symlink /bin/node
4 timing npm:load:whichnode Completed in 28ms
5 timing config:load:defaults Completed in 1ms
6 timing config:load:file:/lib/node_modules/npm/npmrc Completed in 0ms
7 timing config:load:builtin Completed in 0ms
8 timing config:load:cli Completed in 2ms
9 timing config:load:env Completed in 0ms
10 timing config:load:project Completed in 1ms
11 timing config:load:file:/app/.npmrc Completed in 0ms
12 timing config:load:user Completed in 0ms
13 timing config:load:file:/etc/npmrc Completed in 0ms
14 timing config:load:global Completed in 0ms
15 timing config:load:setEnvs Completed in 1ms
16 timing config:load Completed in 6ms
17 timing npm:load:configload Completed in 6ms
18 timing npm:load:mkdirpcache Completed in 1ms
19 timing npm:load:mkdirplogs Completed in 0ms
20 verbose title npm install
21 verbose argv "install"
22 timing npm:load:setTitle Completed in 1ms
23 timing config:load:flatten Completed in 3ms
24 timing npm:load:display Completed in 5ms
25 verbose logfile logs-max:10 dir:/app/.npm/_logs/2026-01-13T17_20_31_938Z-
26 verbose logfile /app/.npm/_logs/2026-01-13T17_20_31_938Z-debug-0.log
27 timing npm:load:logFile Completed in 21ms
28 timing npm:load:timers Completed in 0ms
29 timing npm:load:configScope Completed in 0ms
30 timing npm:load Completed in 62ms
31 timing arborist:ctor Completed in 0ms
32 silly logfile done cleaning log files
33 timing arborist:ctor Completed in 0ms
34 timing idealTree:init Completed in 18ms
35 timing idealTree:userRequests Completed in 0ms
36 silly idealTree buildDeps
37 silly fetch manifest @normalframework/applications-sdk@~0.1.75
38 http fetch GET 200 https://registry.npmjs.org/npm 105ms (cache hit)
39 http fetch GET 200 https://registry.npmjs.org/@normalframework%2fapplications-sdk 673ms (cache miss)
40 silly fetch manifest chalk@^4.1.2
41 http fetch GET 200 https://registry.npmjs.org/chalk 37ms (cache miss)
42 silly fetch manifest js2xmlparser@^5.0.0
43 http fetch GET 200 https://registry.npmjs.org/js2xmlparser 30ms (cache miss)
44 silly fetch manifest node-opcua@^2.124.0
45 http fetch GET 200 https://registry.npmjs.org/node-opcua 212ms (cache miss)
46 silly fetch manifest node-opcua-client-crawler@^2.124.0
47 http fetch GET 200 https://registry.npmjs.org/node-opcua-client-crawler 212ms (cache miss)
48 silly fetch manifest node-opcua-client@>=2.124.0
49 http fetch GET 200 https://registry.npmjs.org/node-opcua-client 219ms (cache miss)
50 silly fetch manifest typescript@^5.0.2
51 http fetch GET 200 https://registry.npmjs.org/typescript 300ms (cache miss)
52 silly fetch manifest uuid@^9.0.1
53 http fetch GET 200 https://registry.npmjs.org/uuid 78ms (cache miss)
54 silly placeDep ROOT @normalframework/applications-sdk@0.1.99 OK for: normal-applictions-template@1.0.0 want: ~0.1.75
55 silly fetch manifest npm@9.7.1
56 silly fetch manifest ora@^8.2.0
57 silly fetch manifest jest@^29.0.3
58 silly fetch manifest path@^0.12.7
59 silly fetch manifest rxjs@^7.8.0
60 silly fetch manifest uuid@^8.3.2
61 silly fetch manifest axios@^1.4.0
62 silly fetch manifest chalk@^5.4.1
63 silly fetch manifest luxon@^3.3.0
64 silly fetch manifest yargs@^17.7.1
65 silly fetch manifest dotenv@^16.1.3
66 silly fetch manifest lodash@^4.17.21
67 silly fetch manifest vitest@^2.1.8
68 silly fetch manifest esbuild@0.15.18
69 silly fetch manifest install@0.13.0
70 silly fetch manifest winston@^3.9.0
71 silly fetch manifest get-port@^7.0.0
72 silly fetch manifest inquirer@^9.1.5
73 silly fetch manifest mustache@^4.2.0
74 silly fetch manifest commander@^10.0.1
75 silly fetch manifest inversify@^6.0.1
76 silly fetch manifest node-cron@^3.0.1
77 silly fetch manifest simple-git@^3.17.0
78 silly fetch manifest ts-pattern@^4.0.5
79 silly fetch manifest cli-spinners@^2.8.0
80 silly fetch manifest @grpc/grpc-js@^1.6.7
81 silly fetch manifest testcontainers@^9.12.0
82 silly fetch manifest tiny-invariant@^1.3.1
83 silly fetch manifest google-protobuf@^3.21.2
84 silly fetch manifest reflect-metadata@^0.1.13
85 silly fetch manifest node-domexception@^1.0.0
86 silly fetch manifest @bufbuild/protobuf@^2.2.3
87 silly fetch manifest axios-mock-adapter@^1.21.5
88 silly fetch manifest source-map-support@^0.5.21
89 silly fetch manifest @connectrpc/connect@^2.0.1
90 silly fetch manifest @protobuf-ts/plugin@2.8.2
91 silly fetch manifest @connectrpc/connect-node@^2.0.1
92 silly fetch manifest @protobuf-ts/grpc-transport@2.8.2
93 silly fetch manifest @protobuf-ts/grpcweb-transport@2.8.2
94 silly placeDep ROOT chalk@4.1.2 OK for: normal-applictions-template@1.0.0 want: ^4.1.2
95 silly fetch manifest ansi-styles@^4.1.0
96 silly fetch manifest supports-color@^7.1.0
97 silly placeDep ROOT js2xmlparser@5.0.0 OK for: normal-applictions-template@1.0.0 want: ^5.0.0
98 silly fetch manifest xmlcreate@^2.0.4
99 silly placeDep ROOT node-opcua@2.160.0 OK for: normal-applictions-template@1.0.0 want: ^2.124.0
100 silly fetch manifest @types/semver@7.7.1
101 silly fetch manifest node-opcua-address-space@2.160.0
102 silly fetch manifest node-opcua-address-space-for-conformance-testing@2.160.0
103 silly fetch manifest node-opcua-aggregates@2.160.0
104 silly fetch manifest node-opcua-assert@2.157.0
105 silly fetch manifest node-opcua-basic-types@2.157.0
106 silly fetch manifest node-opcua-binary-stream@2.157.0
107 silly fetch manifest node-opcua-certificate-manager@2.160.0
108 silly fetch manifest node-opcua-client@2.160.0
109 silly fetch manifest node-opcua-client-proxy@2.160.0
110 silly fetch manifest node-opcua-common@2.159.0
111 silly fetch manifest node-opcua-constants@2.157.0
112 silly fetch manifest node-opcua-crypto@4.16.1
113 silly fetch manifest node-opcua-data-access@2.159.0
114 silly fetch manifest node-opcua-data-model@2.158.0
115 silly fetch manifest node-opcua-data-value@2.159.0
116 silly fetch manifest node-opcua-debug@2.157.0
117 silly fetch manifest node-opcua-enum@2.157.0
118 silly fetch manifest node-opcua-factory@2.158.0
119 silly fetch manifest node-opcua-hostname@2.157.0
120 silly fetch manifest node-opcua-nodeid@2.157.0
121 silly fetch manifest node-opcua-nodesets@2.157.0
122 silly fetch manifest node-opcua-numeric-range@2.158.0
123 silly fetch manifest node-opcua-packet-analyzer@2.158.0
124 silly fetch manifest node-opcua-secure-channel@2.160.0
125 silly fetch manifest node-opcua-server@2.160.0
126 silly fetch manifest node-opcua-server-discovery@2.160.0
127 silly fetch manifest node-opcua-service-browse@2.159.0
128 silly fetch manifest node-opcua-service-call@2.159.0
129 silly fetch manifest node-opcua-service-discovery@2.159.0
130 silly fetch manifest node-opcua-service-endpoints@2.159.0
131 silly fetch manifest node-opcua-service-filter@2.159.0
132 silly fetch manifest node-opcua-service-history@2.159.0
133 silly fetch manifest node-opcua-service-node-management@2.159.0
134 silly fetch manifest node-opcua-service-query@2.159.0
135 silly fetch manifest node-opcua-service-read@2.159.0
136 silly fetch manifest node-opcua-service-register-node@2.159.0
137 silly fetch manifest node-opcua-service-secure-channel@2.159.0
138 silly fetch manifest node-opcua-service-session@2.159.0
139 silly fetch manifest node-opcua-service-subscription@2.160.0
140 silly fetch manifest node-opcua-service-translate-browse-path@2.159.0
141 silly fetch manifest node-opcua-service-write@2.159.0
142 silly fetch manifest node-opcua-status-code@2.157.0
143 silly fetch manifest node-opcua-transport@2.158.0
144 silly fetch manifest node-opcua-types@2.159.0
145 silly fetch manifest node-opcua-utils@2.157.0
146 silly fetch manifest node-opcua-variant@2.159.0
147 silly fetch manifest node-opcua-vendor-diagnostic@2.160.0
148 silly fetch manifest semver@^7.7.3
149 silly placeDep ROOT node-opcua-client-crawler@2.127.1 OK for: normal-applictions-template@1.0.0 want: ^2.124.0
150 silly placeDep ROOT node-opcua-client@2.160.0 OK for: node-opcua-client-crawler@2.127.1 want: >=2.124.0
151 silly fetch manifest async@^3.2.5
152 silly fetch manifest thenify@^3.3.1
153 silly fetch manifest @ster5/global-mutex@^2.0.0
154 silly fetch manifest async@^3.2.6
155 silly fetch manifest node-opcua-alarm-condition@2.160.0
156 silly fetch manifest node-opcua-buffer-utils@2.157.0
157 silly fetch manifest node-opcua-client-dynamic-extension-object@2.160.0
158 silly fetch manifest node-opcua-date-time@2.157.0
159 silly fetch manifest node-opcua-extension-object@2.158.0
160 silly fetch manifest node-opcua-object-registry@2.157.0
161 silly fetch manifest node-opcua-pki@5.7.0
162 silly fetch manifest node-opcua-pseudo-session@2.160.0
163 silly fetch manifest node-opcua-schemas@2.159.0
164 silly fetch manifest thenify-ex@4.4.0
165 silly placeDep ROOT typescript@5.9.3 OK for: normal-applictions-template@1.0.0 want: ^5.0.2
166 silly placeDep ROOT uuid@9.0.1 OK for: normal-applictions-template@1.0.0 want: ^9.0.1
167 http fetch GET 200 https://registry.npmjs.org/npm 374ms (cache hit)
168 http fetch GET 200 https://registry.npmjs.org/ora 421ms (cache miss)
169 http fetch GET 200 https://registry.npmjs.org/mustache 413ms (cache miss)
170 http fetch GET 200 https://registry.npmjs.org/get-port 422ms (cache miss)
171 http fetch GET 200 https://registry.npmjs.org/install 480ms (cache miss)
172 http fetch GET 200 https://registry.npmjs.org/path 543ms (cache miss)
173 http fetch GET 200 https://registry.npmjs.org/commander 562ms (cache miss)
174 http fetch GET 200 https://registry.npmjs.org/node-cron 562ms (cache miss)
175 http fetch GET 200 https://registry.npmjs.org/dotenv 641ms (cache miss)
176 http fetch GET 200 https://registry.npmjs.org/lodash 643ms (cache miss)
177 http fetch GET 200 https://registry.npmjs.org/tiny-invariant 612ms (cache miss)
178 http fetch GET 200 https://registry.npmjs.org/inquirer 646ms (cache miss)
179 http fetch GET 200 https://registry.npmjs.org/yargs 664ms (cache miss)
180 http fetch GET 200 https://registry.npmjs.org/winston 684ms (cache miss)
181 http fetch GET 200 https://registry.npmjs.org/inversify 683ms (cache miss)
182 http fetch GET 200 https://registry.npmjs.org/reflect-metadata 679ms (cache miss)
183 http fetch GET 200 https://registry.npmjs.org/node-domexception 680ms (cache miss)
184 http fetch GET 200 https://registry.npmjs.org/@connectrpc%2fconnect 656ms (cache miss)
185 http fetch GET 200 https://registry.npmjs.org/@connectrpc%2fconnect-node 658ms (cache miss)
186 http fetch GET 200 https://registry.npmjs.org/axios 727ms (cache miss)
187 http fetch GET 200 https://registry.npmjs.org/google-protobuf 703ms (cache miss)
188 http fetch GET 200 https://registry.npmjs.org/cli-spinners 709ms (cache miss)
189 http fetch GET 200 https://registry.npmjs.org/@bufbuild%2fprotobuf 704ms (cache miss)
190 http fetch GET 200 https://registry.npmjs.org/source-map-support 697ms (cache miss)
191 http fetch GET 200 https://registry.npmjs.org/jest 762ms (cache miss)
192 http fetch GET 200 https://registry.npmjs.org/xmlcreate 681ms (cache miss)
193 http fetch GET 200 https://registry.npmjs.org/rxjs 773ms (cache miss)
194 http fetch GET 200 https://registry.npmjs.org/axios-mock-adapter 725ms (cache miss)
195 http fetch GET 200 https://registry.npmjs.org/luxon 765ms (cache miss)
196 http fetch GET 200 https://registry.npmjs.org/ansi-styles 700ms (cache miss)
197 http fetch GET 200 https://registry.npmjs.org/supports-color 700ms (cache miss)
198 http fetch GET 200 https://registry.npmjs.org/@protobuf-ts%2fplugin 720ms (cache miss)
199 http fetch GET 200 https://registry.npmjs.org/@types%2fsemver 716ms (cache miss)
200 http fetch GET 200 https://registry.npmjs.org/@protobuf-ts%2fgrpc-transport 725ms (cache miss)
201 http fetch GET 200 https://registry.npmjs.org/simple-git 783ms (cache miss)
202 http fetch GET 200 https://registry.npmjs.org/@protobuf-ts%2fgrpcweb-transport 732ms (cache miss)
203 http fetch GET 200 https://registry.npmjs.org/ts-pattern 799ms (cache miss)
204 http fetch GET 200 https://registry.npmjs.org/@grpc%2fgrpc-js 832ms (cache miss)
205 http fetch GET 200 https://registry.npmjs.org/node-opcua-assert 854ms (cache miss)
206 http fetch GET 200 https://registry.npmjs.org/node-opcua-constants 877ms (cache miss)
207 http fetch GET 200 https://registry.npmjs.org/node-opcua-crypto 878ms (cache miss)
208 http fetch GET 200 https://registry.npmjs.org/node-opcua-binary-stream 907ms (cache miss)
209 http fetch GET 200 https://registry.npmjs.org/node-opcua-certificate-manager 918ms (cache miss)
210 http fetch GET 200 https://registry.npmjs.org/testcontainers 972ms (cache miss)
211 http fetch GET 200 https://registry.npmjs.org/node-opcua-basic-types 935ms (cache miss)
212 http fetch GET 200 https://registry.npmjs.org/node-opcua-aggregates 951ms (cache miss)
213 http fetch GET 200 https://registry.npmjs.org/node-opcua-debug 931ms (cache miss)
214 http fetch GET 200 https://registry.npmjs.org/node-opcua-data-model 935ms (cache miss)
215 http fetch GET 200 https://registry.npmjs.org/vitest 1039ms (cache miss)
216 http fetch GET 200 https://registry.npmjs.org/node-opcua-common 960ms (cache miss)
217 http fetch GET 200 https://registry.npmjs.org/node-opcua-enum 956ms (cache miss)
218 http fetch GET 200 https://registry.npmjs.org/node-opcua-client-proxy 986ms (cache miss)
219 http fetch GET 200 https://registry.npmjs.org/node-opcua-data-access 971ms (cache miss)
220 http fetch GET 200 https://registry.npmjs.org/node-opcua-data-value 974ms (cache miss)
221 http fetch GET 200 https://registry.npmjs.org/node-opcua-address-space-for-conformance-testing 1008ms (cache miss)
222 http fetch GET 200 https://registry.npmjs.org/esbuild 1086ms (cache miss)
223 http fetch GET 200 https://registry.npmjs.org/node-opcua-factory 1019ms (cache miss)
224 http fetch GET 200 https://registry.npmjs.org/node-opcua-hostname 1023ms (cache miss)
225 http fetch GET 200 https://registry.npmjs.org/node-opcua-nodeid 1111ms (cache miss)
226 http fetch GET 200 https://registry.npmjs.org/node-opcua-address-space 1155ms (cache miss)
227 http fetch GET 200 https://registry.npmjs.org/node-opcua-packet-analyzer 1122ms (cache miss)
228 http fetch GET 200 https://registry.npmjs.org/node-opcua-numeric-range 1132ms (cache miss)
229 http fetch GET 200 https://registry.npmjs.org/node-opcua-service-discovery 1140ms (cache miss)
230 http fetch GET 200 https://registry.npmjs.org/node-opcua-service-history 1176ms (cache miss)
231 http fetch GET 200 https://registry.npmjs.org/node-opcua-server-discovery 1199ms (cache miss)
232 http fetch GET 200 https://registry.npmjs.org/node-opcua-service-endpoints 1199ms (cache miss)
233 http fetch GET 200 https://registry.npmjs.org/node-opcua-service-call 1202ms (cache miss)
234 http fetch GET 200 https://registry.npmjs.org/node-opcua-service-node-management 1202ms (cache miss)
235 http fetch GET 200 https://registry.npmjs.org/node-opcua-service-browse 1209ms (cache miss)
236 http fetch GET 200 https://registry.npmjs.org/node-opcua-service-filter 1210ms (cache miss)
237 http fetch GET 200 https://registry.npmjs.org/node-opcua-secure-channel 1231ms (cache miss)
238 http fetch GET 200 https://registry.npmjs.org/node-opcua-nodesets 1240ms (cache miss)
239 http fetch GET 200 https://registry.npmjs.org/thenify 1203ms (cache miss)
240 http fetch GET 200 https://registry.npmjs.org/node-opcua-service-query 1250ms (cache miss)
241 http fetch GET 200 https://registry.npmjs.org/semver 1210ms (cache miss)
242 http fetch GET 200 https://registry.npmjs.org/async 1210ms (cache miss)
243 http fetch GET 200 https://registry.npmjs.org/async 1216ms (cache miss)
244 http fetch GET 200 https://registry.npmjs.org/node-opcua-service-read 1263ms (cache miss)
245 http fetch GET 200 https://registry.npmjs.org/node-opcua-service-register-node 1267ms (cache miss)
246 http fetch GET 200 https://registry.npmjs.org/node-opcua-server 1279ms (cache miss)
247 http fetch GET 200 https://registry.npmjs.org/node-opcua-service-session 1266ms (cache miss)
248 http fetch GET 200 https://registry.npmjs.org/node-opcua-service-secure-channel 1300ms (cache miss)
249 http fetch GET 200 https://registry.npmjs.org/node-opcua-status-code 1329ms (cache miss)
250 http fetch GET 200 https://registry.npmjs.org/node-opcua-transport 1330ms (cache miss)
251 http fetch GET 200 https://registry.npmjs.org/node-opcua-utils 1320ms (cache miss)
252 http fetch GET 200 https://registry.npmjs.org/node-opcua-service-translate-browse-path 1343ms (cache miss)
253 http fetch GET 200 https://registry.npmjs.org/node-opcua-types 1324ms (cache miss)
254 http fetch GET 200 https://registry.npmjs.org/node-opcua-variant 1328ms (cache miss)
255 http fetch GET 200 https://registry.npmjs.org/node-opcua-service-subscription 1357ms (cache miss)
256 http fetch GET 200 https://registry.npmjs.org/node-opcua-service-write 1360ms (cache miss)
257 http fetch GET 200 https://registry.npmjs.org/node-opcua-vendor-diagnostic 1340ms (cache miss)
258 http fetch GET 200 https://registry.npmjs.org/node-opcua-alarm-condition 1334ms (cache miss)
259 http fetch GET 200 https://registry.npmjs.org/node-opcua-buffer-utils 1335ms (cache miss)
260 http fetch GET 200 https://registry.npmjs.org/node-opcua-date-time 1327ms (cache miss)
261 http fetch GET 200 https://registry.npmjs.org/node-opcua-extension-object 1358ms (cache miss)
262 http fetch GET 200 https://registry.npmjs.org/node-opcua-client-dynamic-extension-object 1367ms (cache miss)
263 http fetch GET 200 https://registry.npmjs.org/node-opcua-object-registry 1389ms (cache miss)
264 http fetch GET 200 https://registry.npmjs.org/node-opcua-pki 1424ms (cache miss)
265 http fetch GET 200 https://registry.npmjs.org/node-opcua-schemas 1457ms (cache miss)
266 http fetch GET 200 https://registry.npmjs.org/thenify-ex 1461ms (cache miss)
267 http fetch GET 200 https://registry.npmjs.org/node-opcua-pseudo-session 1478ms (cache miss)
268 http fetch GET 200 https://registry.npmjs.org/@ster5%2fglobal-mutex 1506ms (cache miss)
269 timing idealTree:#root Completed in 3648ms
270 silly fetch manifest node-notifier@^8.0.1 || ^9.0.0 || ^10.0.0
271 http fetch GET 200 https://registry.npmjs.org/node-notifier 117ms (cache miss)
272 silly fetch manifest @edge-runtime/vm@*
273 http fetch GET 200 https://registry.npmjs.org/@edge-runtime%2fvm 101ms (cache miss)
274 silly fetch manifest @types/node@^18.0.0 || >=20.0.0
275 http fetch GET 200 https://registry.npmjs.org/@types%2fnode 170ms (cache miss)
276 silly fetch manifest @vitest/browser@2.1.9
277 http fetch GET 200 https://registry.npmjs.org/@vitest%2fbrowser 123ms (cache miss)
278 silly fetch manifest playwright@*
279 http fetch GET 200 https://registry.npmjs.org/playwright 481ms (cache miss)
280 silly fetch manifest webdriverio@*
281 http fetch GET 200 https://registry.npmjs.org/webdriverio 108ms (cache miss)
282 silly fetch manifest puppeteer-core@>=22.x || <=24.x
283 http fetch GET 200 https://registry.npmjs.org/puppeteer-core 51ms (cache miss)
284 silly fetch manifest @vitest/ui@2.1.9
285 http fetch GET 200 https://registry.npmjs.org/@vitest%2fui 93ms (cache miss)
286 silly fetch manifest happy-dom@*
287 http fetch GET 200 https://registry.npmjs.org/happy-dom 58ms (cache miss)
288 silly fetch manifest jsdom@*
289 http fetch GET 200 https://registry.npmjs.org/jsdom 83ms (cache miss)
290 silly fetch manifest canvas@^3.0.0
291 http fetch GET 200 https://registry.npmjs.org/canvas 47ms (cache miss)
292 silly fetch manifest reflect-metadata@~0.2.2
293 silly placeDep ROOT @bufbuild/protobuf@2.10.2 OK for: @normalframework/applications-sdk@0.1.99 want: ^2.2.3
294 silly placeDep ROOT @connectrpc/connect@2.1.1 OK for: @normalframework/applications-sdk@0.1.99 want: ^2.0.1
295 silly placeDep ROOT @connectrpc/connect-node@2.1.1 OK for: @normalframework/applications-sdk@0.1.99 want: ^2.0.1
296 silly placeDep ROOT @grpc/grpc-js@1.14.3 OK for: @normalframework/applications-sdk@0.1.99 want: ^1.6.7
297 silly fetch manifest @grpc/proto-loader@^0.8.0
298 silly fetch manifest @js-sdsl/ordered-map@^4.4.2
299 silly placeDep ROOT @protobuf-ts/grpc-transport@2.8.2 OK for: @normalframework/applications-sdk@0.1.99 want: 2.8.2
300 silly fetch manifest @protobuf-ts/runtime@^2.8.2
301 silly fetch manifest @protobuf-ts/runtime-rpc@^2.8.2
302 silly placeDep ROOT @protobuf-ts/grpcweb-transport@2.8.2 OK for: @normalframework/applications-sdk@0.1.99 want: 2.8.2
303 silly placeDep ROOT @protobuf-ts/plugin@2.8.2 OK for: @normalframework/applications-sdk@0.1.99 want: 2.8.2
304 silly fetch manifest typescript@^3.9
305 silly fetch manifest @protobuf-ts/protoc@^2.8.2
306 silly fetch manifest @protobuf-ts/plugin-framework@^2.8.2
307 silly placeDep ROOT axios@1.13.2 OK for: @normalframework/applications-sdk@0.1.99 want: ^1.4.0
308 silly fetch manifest follow-redirects@^1.15.6
309 silly fetch manifest form-data@^4.0.4
310 silly fetch manifest proxy-from-env@^1.1.0
311 silly placeDep ROOT axios-mock-adapter@1.22.0 OK for: @normalframework/applications-sdk@0.1.99 want: ^1.21.5
312 silly fetch manifest is-buffer@^2.0.5
313 silly fetch manifest fast-deep-equal@^3.1.3
314 silly placeDep node_modules/@normalframework/applications-sdk chalk@5.6.2 OK for: @normalframework/applications-sdk@0.1.99 want: ^5.4.1
315 silly placeDep ROOT cli-spinners@2.9.2 OK for: @normalframework/applications-sdk@0.1.99 want: ^2.8.0
316 silly placeDep ROOT commander@10.0.1 OK for: @normalframework/applications-sdk@0.1.99 want: ^10.0.1
317 silly placeDep ROOT dotenv@16.6.1 OK for: @normalframework/applications-sdk@0.1.99 want: ^16.1.3
318 silly placeDep ROOT esbuild@0.15.18 OK for: @normalframework/applications-sdk@0.1.99 want: 0.15.18
319 silly fetch manifest esbuild-linux-32@0.15.18
320 silly fetch manifest esbuild-linux-64@0.15.18
321 silly fetch manifest esbuild-sunos-64@0.15.18
322 silly fetch manifest esbuild-darwin-64@0.15.18
323 silly fetch manifest esbuild-linux-arm@0.15.18
324 silly fetch manifest esbuild-netbsd-64@0.15.18
325 silly fetch manifest esbuild-android-64@0.15.18
326 silly fetch manifest esbuild-freebsd-64@0.15.18
327 silly fetch manifest esbuild-openbsd-64@0.15.18
328 silly fetch manifest esbuild-windows-32@0.15.18
329 silly fetch manifest esbuild-windows-64@0.15.18
330 silly fetch manifest esbuild-linux-arm64@0.15.18
331 silly fetch manifest esbuild-linux-s390x@0.15.18
332 silly fetch manifest @esbuild/android-arm@0.15.18
333 silly fetch manifest esbuild-darwin-arm64@0.15.18
334 silly fetch manifest esbuild-android-arm64@0.15.18
335 silly fetch manifest esbuild-freebsd-arm64@0.15.18
336 silly fetch manifest esbuild-linux-ppc64le@0.15.18
337 silly fetch manifest esbuild-linux-riscv64@0.15.18
338 silly fetch manifest esbuild-windows-arm64@0.15.18
339 silly fetch manifest @esbuild/linux-loong64@0.15.18
340 silly fetch manifest esbuild-linux-mips64le@0.15.18
341 silly placeDep ROOT get-port@7.1.0 OK for: @normalframework/applications-sdk@0.1.99 want: ^7.0.0
342 silly placeDep ROOT google-protobuf@3.21.4 OK for: @normalframework/applications-sdk@0.1.99 want: ^3.21.2
343 silly placeDep ROOT inquirer@9.3.8 OK for: @normalframework/applications-sdk@0.1.99 want: ^9.1.5
344 silly fetch manifest ora@^5.4.1
345 silly fetch manifest rxjs@^7.8.1
346 silly fetch manifest cli-width@^4.1.0
347 silly fetch manifest run-async@^3.0.0
348 silly fetch manifest wrap-ansi@^6.2.0
349 silly fetch manifest strip-ansi@^6.0.1
350 silly fetch manifest mute-stream@1.0.0
351 silly fetch manifest ansi-escapes@^4.3.2
352 silly fetch manifest string-width@^4.2.3
353 silly fetch manifest yoctocolors-cjs@^2.1.2
354 silly fetch manifest @inquirer/figures@^1.0.3
355 silly fetch manifest @inquirer/external-editor@^1.0.2
356 silly placeDep ROOT install@0.13.0 OK for: @normalframework/applications-sdk@0.1.99 want: 0.13.0
357 silly placeDep ROOT inversify@6.2.2 OK for: @normalframework/applications-sdk@0.1.99 want: ^6.0.1
358 silly fetch manifest @inversifyjs/core@1.3.5
359 silly fetch manifest @inversifyjs/common@1.4.0
360 silly placeDep ROOT jest@29.7.0 OK for: @normalframework/applications-sdk@0.1.99 want: ^29.0.3
361 silly fetch manifest jest-cli@^29.7.0
362 silly fetch manifest @jest/core@^29.7.0
363 silly fetch manifest @jest/types@^29.6.3
364 silly fetch manifest import-local@^3.0.2
365 silly placeDep ROOT lodash@4.17.21 OK for: @normalframework/applications-sdk@0.1.99 want: ^4.17.21
366 silly placeDep ROOT luxon@3.7.2 OK for: @normalframework/applications-sdk@0.1.99 want: ^3.3.0
367 silly placeDep ROOT mustache@4.2.0 OK for: @normalframework/applications-sdk@0.1.99 want: ^4.2.0
368 silly placeDep ROOT node-cron@3.0.3 OK for: @normalframework/applications-sdk@0.1.99 want: ^3.0.1
369 silly fetch manifest uuid@8.3.2
370 silly placeDep ROOT node-domexception@1.0.0 OK for: @normalframework/applications-sdk@0.1.99 want: ^1.0.0
371 silly placeDep ROOT npm@9.7.1 OK for: @normalframework/applications-sdk@0.1.99 want: 9.7.1
372 silly placeDep ROOT ora@8.2.0 OK for: @normalframework/applications-sdk@0.1.99 want: ^8.2.0
373 silly fetch manifest chalk@^5.3.0
374 silly fetch manifest cli-cursor@^5.0.0
375 silly fetch manifest strip-ansi@^7.1.0
376 silly fetch manifest log-symbols@^6.0.0
377 silly fetch manifest string-width@^7.2.0
378 silly fetch manifest is-interactive@^2.0.0
379 silly fetch manifest stdin-discarder@^0.2.2
380 silly fetch manifest is-unicode-supported@^2.0.0
381 silly placeDep ROOT path@0.12.7 OK for: @normalframework/applications-sdk@0.1.99 want: ^0.12.7
382 silly fetch manifest process@^0.11.1
383 silly fetch manifest util@^0.10.3
384 silly placeDep ROOT reflect-metadata@0.1.14 OK for: @normalframework/applications-sdk@0.1.99 want: ^0.1.13
385 silly placeDep ROOT rxjs@7.8.2 OK for: @normalframework/applications-sdk@0.1.99 want: ^7.8.0
386 silly fetch manifest tslib@^2.1.0
387 silly placeDep ROOT simple-git@3.30.0 OK for: @normalframework/applications-sdk@0.1.99 want: ^3.17.0
388 silly fetch manifest @kwsites/file-exists@^1.1.1
389 silly fetch manifest @kwsites/promise-deferred@^1.1.1
390 silly fetch manifest debug@^4.4.0
391 silly placeDep ROOT source-map-support@0.5.21 OK for: @normalframework/applications-sdk@0.1.99 want: ^0.5.21
392 silly fetch manifest buffer-from@^1.0.0
393 silly fetch manifest source-map@^0.6.0
394 silly placeDep ROOT testcontainers@9.12.0 OK for: @normalframework/applications-sdk@0.1.99 want: ^9.12.0
395 silly fetch manifest tmp@^0.2.1
396 silly fetch manifest debug@^4.3.4
397 silly fetch manifest byline@^5.0.0
398 silly fetch manifest tar-fs@^2.1.1
399 silly fetch manifest archiver@^5.3.1
400 silly fetch manifest get-port@^5.1.1
401 silly fetch manifest dockerode@^3.3.5
402 silly fetch manifest async-lock@^1.4.0
403 silly fetch manifest node-fetch@^2.6.12
404 silly fetch manifest docker-compose@^0.24.1
405 silly fetch manifest @types/archiver@^5.3.2
406 silly fetch manifest proper-lockfile@^4.1.2
407 silly fetch manifest @types/dockerode@^3.3.19
408 silly fetch manifest properties-reader@^2.2.0
409 silly fetch manifest @balena/dockerignore@^1.0.2
410 silly fetch manifest ssh-remote-port-forward@^1.0.4
411 silly placeDep ROOT tiny-invariant@1.3.3 OK for: @normalframework/applications-sdk@0.1.99 want: ^1.3.1
412 silly placeDep ROOT ts-pattern@4.3.0 OK for: @normalframework/applications-sdk@0.1.99 want: ^4.0.5
413 silly placeDep node_modules/@normalframework/applications-sdk uuid@8.3.2 OK for: @normalframework/applications-sdk@0.1.99 want: ^8.3.2
414 silly placeDep ROOT vitest@2.1.9 OK for: @normalframework/applications-sdk@0.1.99 want: ^2.1.8
415 silly fetch manifest chai@^5.1.2
416 silly fetch manifest vite@^5.0.0
417 silly fetch manifest debug@^4.3.7
418 silly fetch manifest pathe@^1.1.2
419 silly fetch manifest std-env@^3.8.0
420 silly fetch manifest tinyexec@^0.3.1
421 silly fetch manifest tinypool@^1.0.1
422 silly fetch manifest tinybench@^2.9.0
423 silly fetch manifest vite-node@2.1.9
424 silly fetch manifest @vitest/spy@2.1.9
425 silly fetch manifest expect-type@^1.1.0
426 silly fetch manifest tinyrainbow@^1.2.0
427 silly fetch manifest magic-string@^0.30.12
428 silly fetch manifest @vitest/utils@2.1.9
429 silly fetch manifest @vitest/expect@2.1.9
430 silly fetch manifest @vitest/mocker@2.1.9
431 silly fetch manifest @vitest/runner@2.1.9
432 silly fetch manifest @vitest/snapshot@2.1.9
433 silly fetch manifest why-is-node-running@^2.3.0
434 silly fetch manifest @vitest/pretty-format@^2.1.9
435 silly placeDep ROOT winston@3.19.0 OK for: @normalframework/applications-sdk@0.1.99 want: ^3.9.0
436 silly fetch manifest @dabh/diagnostics@^2.0.8
437 silly fetch manifest @colors/colors@^1.6.0
438 silly fetch manifest async@^3.2.3
439 silly fetch manifest is-stream@^2.0.0
440 silly fetch manifest logform@^2.7.0
441 silly fetch manifest one-time@^1.0.0
442 silly fetch manifest readable-stream@^3.4.0
443 silly fetch manifest safe-stable-stringify@^2.3.1
444 silly fetch manifest stack-trace@0.0.x
445 silly fetch manifest triple-beam@^1.3.0
446 silly fetch manifest winston-transport@^4.9.0
447 silly placeDep ROOT yargs@17.7.2 OK for: @normalframework/applications-sdk@0.1.99 want: ^17.7.1
448 silly fetch manifest y18n@^5.0.5
449 silly fetch manifest cliui@^8.0.1
450 silly fetch manifest escalade@^3.1.1
451 silly fetch manifest yargs-parser@^21.1.1
452 silly fetch manifest get-caller-file@^2.0.5
453 silly fetch manifest require-directory@^2.1.1
454 http fetch GET 200 https://registry.npmjs.org/proxy-from-env 491ms (cache miss)
455 http fetch GET 200 https://registry.npmjs.org/@js-sdsl%2fordered-map 525ms (cache miss)
456 http fetch GET 200 https://registry.npmjs.org/fast-deep-equal 506ms (cache miss)
457 http fetch GET 200 https://registry.npmjs.org/is-buffer 524ms (cache miss)
458 http fetch GET 200 https://registry.npmjs.org/follow-redirects 535ms (cache miss)
459 http fetch GET 200 https://registry.npmjs.org/form-data 536ms (cache miss)
460 http fetch GET 200 https://registry.npmjs.org/esbuild-sunos-64 566ms (cache miss)
461 http fetch GET 200 https://registry.npmjs.org/@grpc%2fproto-loader 633ms (cache miss)
462 http fetch GET 200 https://registry.npmjs.org/@protobuf-ts%2fprotoc 609ms (cache miss)
463 http fetch GET 200 https://registry.npmjs.org/@protobuf-ts%2fruntime-rpc 715ms (cache miss)
464 http fetch GET 200 https://registry.npmjs.org/esbuild-android-64 717ms (cache miss)
465 http fetch GET 200 https://registry.npmjs.org/@protobuf-ts%2fruntime 745ms (cache miss)
466 http fetch GET 200 https://registry.npmjs.org/esbuild-netbsd-64 798ms (cache miss)
467 http fetch GET 200 https://registry.npmjs.org/cli-width 767ms (cache miss)
468 http fetch GET 200 https://registry.npmjs.org/esbuild-linux-s390x 809ms (cache miss)
469 http fetch GET 200 https://registry.npmjs.org/wrap-ansi 802ms (cache miss)
470 http fetch GET 200 https://registry.npmjs.org/mute-stream 801ms (cache miss)
471 http fetch GET 200 https://registry.npmjs.org/run-async 812ms (cache miss)
472 http fetch GET 200 https://registry.npmjs.org/yoctocolors-cjs 794ms (cache miss)
473 http fetch GET 200 https://registry.npmjs.org/log-symbols 764ms (cache miss)
474 http fetch GET 200 https://registry.npmjs.org/strip-ansi 819ms (cache miss)
475 http fetch GET 200 https://registry.npmjs.org/@inquirer%2ffigures 809ms (cache miss)
476 http fetch GET 200 https://registry.npmjs.org/@inversifyjs%2fcore 804ms (cache miss)
477 http fetch GET 200 https://registry.npmjs.org/@esbuild%2fandroid-arm 872ms (cache miss)
478 http fetch GET 200 https://registry.npmjs.org/ansi-escapes 840ms (cache miss)
479 http fetch GET 200 https://registry.npmjs.org/esbuild-linux-32 885ms (cache miss)
480 http fetch GET 200 https://registry.npmjs.org/esbuild-linux-riscv64 861ms (cache miss)
481 http fetch GET 200 https://registry.npmjs.org/string-width 827ms (cache miss)
482 http fetch GET 200 https://registry.npmjs.org/@inversifyjs%2fcommon 820ms (cache miss)
483 http fetch GET 200 https://registry.npmjs.org/import-local 816ms (cache miss)
484 http fetch GET 200 https://registry.npmjs.org/is-interactive 797ms (cache miss)
485 http fetch GET 200 https://registry.npmjs.org/@protobuf-ts%2fplugin-framework 915ms (cache miss)
486 http fetch GET 200 https://registry.npmjs.org/strip-ansi 808ms (cache miss)
487 http fetch GET 200 https://registry.npmjs.org/cli-cursor 810ms (cache miss)
488 http fetch GET 200 https://registry.npmjs.org/esbuild-android-arm64 897ms (cache miss)
489 http fetch GET 200 https://registry.npmjs.org/string-width 815ms (cache miss)
490 http fetch GET 200 https://registry.npmjs.org/@inquirer%2fexternal-editor 845ms (cache miss)
491 http fetch GET 200 https://registry.npmjs.org/stdin-discarder 829ms (cache miss)
492 http fetch GET 200 https://registry.npmjs.org/is-unicode-supported 836ms (cache miss)
493 http fetch GET 200 https://registry.npmjs.org/process 833ms (cache miss)
494 http fetch GET 200 https://registry.npmjs.org/buffer-from 826ms (cache miss)
495 http fetch GET 200 https://registry.npmjs.org/tmp 824ms (cache miss)
496 http fetch GET 200 https://registry.npmjs.org/@kwsites%2fpromise-deferred 829ms (cache miss)
497 http fetch GET 200 https://registry.npmjs.org/util 835ms (cache miss)
498 http fetch GET 200 https://registry.npmjs.org/esbuild-darwin-arm64 949ms (cache miss)
499 http fetch GET 200 https://registry.npmjs.org/esbuild-openbsd-64 955ms (cache miss)
500 http fetch GET 200 https://registry.npmjs.org/esbuild-linux-arm 959ms (cache miss)
501 http fetch GET 200 https://registry.npmjs.org/tslib 847ms (cache miss)
502 http fetch GET 200 https://registry.npmjs.org/esbuild-windows-arm64 941ms (cache miss)
503 http fetch GET 200 https://registry.npmjs.org/@kwsites%2ffile-exists 852ms (cache miss)
504 http fetch GET 200 https://registry.npmjs.org/@esbuild%2flinux-loong64 943ms (cache miss)
505 http fetch GET 200 https://registry.npmjs.org/byline 848ms (cache miss)
506 http fetch GET 200 https://registry.npmjs.org/tar-fs 822ms (cache miss)
507 http fetch GET 200 https://registry.npmjs.org/source-map 865ms (cache miss)
508 http fetch GET 200 https://registry.npmjs.org/dockerode 832ms (cache miss)
509 http fetch GET 200 https://registry.npmjs.org/async-lock 833ms (cache miss)
510 http fetch GET 200 https://registry.npmjs.org/debug 891ms (cache miss)
511 http fetch GET 200 https://registry.npmjs.org/ssh-remote-port-forward 849ms (cache miss)
512 http fetch GET 200 https://registry.npmjs.org/archiver 867ms (cache miss)
513 http fetch GET 200 https://registry.npmjs.org/tinyexec 837ms (cache miss)
514 http fetch GET 200 https://registry.npmjs.org/@jest%2ftypes 957ms (cache miss)
515 http fetch GET 200 https://registry.npmjs.org/@balena%2fdockerignore 872ms (cache miss)
516 http fetch GET 200 https://registry.npmjs.org/proper-lockfile 880ms (cache miss)
517 http fetch GET 200 https://registry.npmjs.org/pathe 855ms (cache miss)
518 http fetch GET 200 https://registry.npmjs.org/properties-reader 882ms (cache miss)
519 http fetch GET 200 https://registry.npmjs.org/esbuild-linux-64 1046ms (cache miss)
520 http fetch GET 200 https://registry.npmjs.org/debug 867ms (cache miss)
521 http fetch GET 200 https://registry.npmjs.org/debug 930ms (cache miss)
522 http fetch GET 200 https://registry.npmjs.org/std-env 869ms (cache miss)
523 http fetch GET 200 https://registry.npmjs.org/tinypool 868ms (cache miss)
524 http fetch GET 200 https://registry.npmjs.org/@types%2farchiver 901ms (cache miss)
525 http fetch GET 200 https://registry.npmjs.org/node-fetch 905ms (cache miss)
526 http fetch GET 200 https://registry.npmjs.org/esbuild-windows-32 1059ms (cache miss)
527 http fetch GET 200 https://registry.npmjs.org/tinyrainbow 876ms (cache miss)
528 http fetch GET 200 https://registry.npmjs.org/chai 887ms (cache miss)
529 http fetch GET 200 https://registry.npmjs.org/@dabh%2fdiagnostics 867ms (cache miss)
530 http fetch GET 200 https://registry.npmjs.org/esbuild-darwin-64 1075ms (cache miss)
531 http fetch GET 200 https://registry.npmjs.org/why-is-node-running 875ms (cache miss)
532 http fetch GET 200 https://registry.npmjs.org/tinybench 893ms (cache miss)
533 http fetch GET 200 https://registry.npmjs.org/stack-trace 855ms (cache miss)
534 http fetch GET 200 https://registry.npmjs.org/esbuild-linux-mips64le 1056ms (cache miss)
535 http fetch GET 200 https://registry.npmjs.org/docker-compose 936ms (cache miss)
536 http fetch GET 200 https://registry.npmjs.org/expect-type 903ms (cache miss)
537 http fetch GET 200 https://registry.npmjs.org/@colors%2fcolors 886ms (cache miss)
538 http fetch GET 200 https://registry.npmjs.org/is-stream 874ms (cache miss)
539 http fetch GET 200 https://registry.npmjs.org/one-time 873ms (cache miss)
540 http fetch GET 200 https://registry.npmjs.org/esbuild-freebsd-arm64 1088ms (cache miss)
541 http fetch GET 200 https://registry.npmjs.org/logform 878ms (cache miss)
542 http fetch GET 200 https://registry.npmjs.org/safe-stable-stringify 875ms (cache miss)
543 http fetch GET 200 https://registry.npmjs.org/cliui 871ms (cache miss)
544 http fetch GET 200 https://registry.npmjs.org/esbuild-freebsd-64 1100ms (cache miss)
545 http fetch GET 200 https://registry.npmjs.org/@jest%2fcore 1034ms (cache miss)
546 http fetch GET 200 https://registry.npmjs.org/magic-string 923ms (cache miss)
547 http fetch GET 200 https://registry.npmjs.org/@vitest%2fmocker 914ms (cache miss)
548 http fetch GET 200 https://registry.npmjs.org/triple-beam 890ms (cache miss)
549 http fetch GET 200 https://registry.npmjs.org/escalade 887ms (cache miss)
550 http fetch GET 200 https://registry.npmjs.org/@vitest%2fpretty-format 914ms (cache miss)
551 http fetch GET 200 https://registry.npmjs.org/winston-transport 892ms (cache miss)
552 http fetch GET 200 https://registry.npmjs.org/esbuild-linux-arm64 1116ms (cache miss)
553 http fetch GET 200 https://registry.npmjs.org/get-caller-file 891ms (cache miss)
554 http fetch GET 200 https://registry.npmjs.org/y18n 896ms (cache miss)
555 http fetch GET 200 https://registry.npmjs.org/readable-stream 901ms (cache miss)
556 http fetch GET 200 https://registry.npmjs.org/require-directory 893ms (cache miss)
557 http fetch GET 200 https://registry.npmjs.org/esbuild-linux-ppc64le 1105ms (cache miss)
558 http fetch GET 200 https://registry.npmjs.org/@vitest%2fspy 941ms (cache miss)
559 http fetch GET 200 https://registry.npmjs.org/@types%2fdockerode 974ms (cache miss)
560 http fetch GET 200 https://registry.npmjs.org/@vitest%2futils 942ms (cache miss)
561 http fetch GET 200 https://registry.npmjs.org/@vitest%2fexpect 943ms (cache miss)
562 http fetch GET 200 https://registry.npmjs.org/@vitest%2fsnapshot 934ms (cache miss)
563 http fetch GET 200 https://registry.npmjs.org/@vitest%2frunner 936ms (cache miss)
564 http fetch GET 200 https://registry.npmjs.org/yargs-parser 909ms (cache miss)
565 http fetch GET 200 https://registry.npmjs.org/esbuild-windows-64 1151ms (cache miss)
566 http fetch GET 200 https://registry.npmjs.org/jest-cli 1089ms (cache miss)
567 http fetch GET 200 https://registry.npmjs.org/vite-node 980ms (cache miss)
568 http fetch GET 200 https://registry.npmjs.org/vite 1000ms (cache miss)
569 timing idealTree:node_modules/@normalframework/applications-sdk Completed in 2961ms
570 timing idealTree:node_modules/@bufbuild/protobuf Completed in 0ms
571 timing idealTree:node_modules/@connectrpc/connect Completed in 0ms
572 timing idealTree:node_modules/@connectrpc/connect-node Completed in 0ms
573 silly placeDep ROOT @grpc/proto-loader@0.8.0 OK for: @grpc/grpc-js@1.14.3 want: ^0.8.0
574 silly fetch manifest lodash.camelcase@^4.3.0
575 silly fetch manifest long@^5.0.0
576 silly fetch manifest protobufjs@^7.5.3
577 silly placeDep ROOT @js-sdsl/ordered-map@4.4.2 OK for: @grpc/grpc-js@1.14.3 want: ^4.4.2
578 http fetch GET 200 https://registry.npmjs.org/long 60ms (cache miss)
579 http fetch GET 200 https://registry.npmjs.org/lodash.camelcase 68ms (cache miss)
580 http fetch GET 200 https://registry.npmjs.org/protobufjs 71ms (cache miss)
581 timing idealTree:node_modules/@grpc/grpc-js Completed in 79ms
582 silly placeDep ROOT lodash.camelcase@4.3.0 OK for: @grpc/proto-loader@0.8.0 want: ^4.3.0
583 silly placeDep ROOT long@5.3.2 OK for: @grpc/proto-loader@0.8.0 want: ^5.0.0
584 silly placeDep ROOT protobufjs@7.5.4 OK for: @grpc/proto-loader@0.8.0 want: ^7.5.3
585 silly fetch manifest @types/node@>=13.7.0
586 silly fetch manifest @protobufjs/path@^1.1.2
587 silly fetch manifest @protobufjs/pool@^1.1.0
588 silly fetch manifest @protobufjs/utf8@^1.1.0
589 silly fetch manifest @protobufjs/fetch@^1.1.0
590 silly fetch manifest @protobufjs/float@^1.0.2
591 silly fetch manifest @protobufjs/base64@^1.1.2
592 silly fetch manifest @protobufjs/codegen@^2.0.4
593 silly fetch manifest @protobufjs/inquire@^1.1.0
594 silly fetch manifest @protobufjs/aspromise@^1.1.2
595 silly fetch manifest @protobufjs/eventemitter@^1.1.0
596 http fetch GET 200 https://registry.npmjs.org/@protobufjs%2fpool 78ms (cache miss)
597 http fetch GET 200 https://registry.npmjs.org/@protobufjs%2ffloat 74ms (cache miss)
598 http fetch GET 200 https://registry.npmjs.org/@protobufjs%2fpath 83ms (cache miss)
599 http fetch GET 200 https://registry.npmjs.org/@protobufjs%2ffetch 109ms (cache miss)
600 http fetch GET 200 https://registry.npmjs.org/@protobufjs%2finquire 103ms (cache miss)
601 http fetch GET 200 https://registry.npmjs.org/@protobufjs%2fcodegen 105ms (cache miss)
602 http fetch GET 200 https://registry.npmjs.org/@protobufjs%2futf8 111ms (cache miss)
603 http fetch GET 200 https://registry.npmjs.org/@protobufjs%2faspromise 103ms (cache miss)
604 http fetch GET 200 https://registry.npmjs.org/@protobufjs%2feventemitter 101ms (cache miss)
605 http fetch GET 200 https://registry.npmjs.org/@protobufjs%2fbase64 107ms (cache miss)
606 timing idealTree:node_modules/@grpc/proto-loader Completed in 121ms
607 timing idealTree:node_modules/@js-sdsl/ordered-map Completed in 0ms
608 silly placeDep ROOT @protobuf-ts/runtime@2.11.1 OK for: @protobuf-ts/grpc-transport@2.8.2 want: ^2.8.2
609 silly placeDep ROOT @protobuf-ts/runtime-rpc@2.11.1 OK for: @protobuf-ts/grpc-transport@2.8.2 want: ^2.8.2
610 timing idealTree:node_modules/@protobuf-ts/grpc-transport Completed in 5ms
611 timing idealTree:node_modules/@protobuf-ts/grpcweb-transport Completed in 0ms
612 silly placeDep ROOT @protobuf-ts/plugin-framework@2.11.0 OK for: @protobuf-ts/plugin@2.8.2 want: ^2.8.2
613 silly placeDep ROOT @protobuf-ts/protoc@2.11.1 OK for: @protobuf-ts/plugin@2.8.2 want: ^2.8.2
614 silly placeDep node_modules/@protobuf-ts/plugin typescript@3.9.10 OK for: @protobuf-ts/plugin@2.8.2 want: ^3.9
615 timing idealTree:node_modules/@protobuf-ts/plugin Completed in 8ms
616 silly placeDep node_modules/@protobuf-ts/plugin-framework typescript@3.9.10 OK for: @protobuf-ts/plugin-framework@2.11.0 want: ^3.9
617 timing idealTree:node_modules/@protobuf-ts/plugin-framework Completed in 15ms
618 timing idealTree:node_modules/@protobuf-ts/protoc Completed in 0ms
619 timing idealTree:node_modules/@protobuf-ts/runtime Completed in 0ms
620 timing idealTree:node_modules/@protobuf-ts/runtime-rpc Completed in 0ms
621 silly placeDep ROOT follow-redirects@1.15.11 OK for: axios@1.13.2 want: ^1.15.6
622 silly placeDep ROOT form-data@4.0.5 OK for: axios@1.13.2 want: ^4.0.4
623 silly fetch manifest asynckit@^0.4.0
624 silly fetch manifest combined-stream@^1.0.8
625 silly fetch manifest es-set-tostringtag@^2.1.0
626 silly fetch manifest hasown@^2.0.2
627 silly fetch manifest mime-types@^2.1.12
628 silly placeDep ROOT proxy-from-env@1.1.0 OK for: axios@1.13.2 want: ^1.1.0
629 http fetch GET 200 https://registry.npmjs.org/hasown 51ms (cache miss)
630 http fetch GET 200 https://registry.npmjs.org/es-set-tostringtag 60ms (cache miss)
631 http fetch GET 200 https://registry.npmjs.org/asynckit 65ms (cache miss)
632 http fetch GET 200 https://registry.npmjs.org/combined-stream 67ms (cache miss)
633 http fetch GET 200 https://registry.npmjs.org/mime-types 64ms (cache miss)
634 timing idealTree:node_modules/axios Completed in 77ms
635 silly placeDep ROOT fast-deep-equal@3.1.3 OK for: axios-mock-adapter@1.22.0 want: ^3.1.3
636 silly placeDep ROOT is-buffer@2.0.5 OK for: axios-mock-adapter@1.22.0 want: ^2.0.5
637 timing idealTree:node_modules/axios-mock-adapter Completed in 4ms
638 silly placeDep ROOT ansi-styles@4.3.0 OK for: chalk@4.1.2 want: ^4.1.0
639 silly fetch manifest color-convert@^2.0.1
640 silly placeDep ROOT supports-color@7.2.0 OK for: chalk@4.1.2 want: ^7.1.0
641 silly fetch manifest has-flag@^4.0.0
642 http fetch GET 200 https://registry.npmjs.org/has-flag 48ms (cache miss)
643 http fetch GET 200 https://registry.npmjs.org/color-convert 55ms (cache miss)
644 timing idealTree:node_modules/chalk Completed in 58ms
645 silly placeDep ROOT color-convert@2.0.1 OK for: ansi-styles@4.3.0 want: ^2.0.1
646 silly fetch manifest color-name@~1.1.4
647 http fetch GET 200 https://registry.npmjs.org/color-name 45ms (cache miss)
648 timing idealTree:node_modules/ansi-styles Completed in 48ms
649 timing idealTree:node_modules/cli-spinners Completed in 0ms
650 silly placeDep ROOT color-name@1.1.4 OK for: color-convert@2.0.1 want: ~1.1.4
651 timing idealTree:node_modules/color-convert Completed in 5ms
652 timing idealTree:node_modules/color-name Completed in 0ms
653 timing idealTree:node_modules/commander Completed in 0ms
654 timing idealTree:node_modules/dotenv Completed in 0ms
655 silly placeDep ROOT @esbuild/android-arm@0.15.18 OK for: esbuild@0.15.18 want: 0.15.18
656 silly placeDep ROOT @esbuild/linux-loong64@0.15.18 OK for: esbuild@0.15.18 want: 0.15.18
657 silly placeDep ROOT esbuild-android-64@0.15.18 OK for: esbuild@0.15.18 want: 0.15.18
658 silly placeDep ROOT esbuild-android-arm64@0.15.18 OK for: esbuild@0.15.18 want: 0.15.18
659 silly placeDep ROOT esbuild-darwin-64@0.15.18 OK for: esbuild@0.15.18 want: 0.15.18
660 silly placeDep ROOT esbuild-darwin-arm64@0.15.18 OK for: esbuild@0.15.18 want: 0.15.18
661 silly placeDep ROOT esbuild-freebsd-64@0.15.18 OK for: esbuild@0.15.18 want: 0.15.18
662 silly placeDep ROOT esbuild-freebsd-arm64@0.15.18 OK for: esbuild@0.15.18 want: 0.15.18
663 silly placeDep ROOT esbuild-linux-32@0.15.18 OK for: esbuild@0.15.18 want: 0.15.18
664 silly placeDep ROOT esbuild-linux-64@0.15.18 OK for: esbuild@0.15.18 want: 0.15.18
665 silly placeDep ROOT esbuild-linux-arm@0.15.18 OK for: esbuild@0.15.18 want: 0.15.18
666 silly placeDep ROOT esbuild-linux-arm64@0.15.18 OK for: esbuild@0.15.18 want: 0.15.18
667 silly placeDep ROOT esbuild-linux-mips64le@0.15.18 OK for: esbuild@0.15.18 want: 0.15.18
668 silly placeDep ROOT esbuild-linux-ppc64le@0.15.18 OK for: esbuild@0.15.18 want: 0.15.18
669 silly placeDep ROOT esbuild-linux-riscv64@0.15.18 OK for: esbuild@0.15.18 want: 0.15.18
670 silly placeDep ROOT esbuild-linux-s390x@0.15.18 OK for: esbuild@0.15.18 want: 0.15.18
671 silly placeDep ROOT esbuild-netbsd-64@0.15.18 OK for: esbuild@0.15.18 want: 0.15.18
672 silly placeDep ROOT esbuild-openbsd-64@0.15.18 OK for: esbuild@0.15.18 want: 0.15.18
673 silly placeDep ROOT esbuild-sunos-64@0.15.18 OK for: esbuild@0.15.18 want: 0.15.18
674 silly placeDep ROOT esbuild-windows-32@0.15.18 OK for: esbuild@0.15.18 want: 0.15.18
675 silly placeDep ROOT esbuild-windows-64@0.15.18 OK for: esbuild@0.15.18 want: 0.15.18
676 silly placeDep ROOT esbuild-windows-arm64@0.15.18 OK for: esbuild@0.15.18 want: 0.15.18
677 timing idealTree:node_modules/esbuild Completed in 29ms
678 timing idealTree:node_modules/@esbuild/android-arm Completed in 0ms
679 timing idealTree:node_modules/@esbuild/linux-loong64 Completed in 0ms
680 timing idealTree:node_modules/esbuild-android-64 Completed in 0ms
681 timing idealTree:node_modules/esbuild-android-arm64 Completed in 0ms
682 timing idealTree:node_modules/esbuild-darwin-64 Completed in 0ms
683 timing idealTree:node_modules/esbuild-darwin-arm64 Completed in 0ms
684 timing idealTree:node_modules/esbuild-freebsd-64 Completed in 0ms
685 timing idealTree:node_modules/esbuild-freebsd-arm64 Completed in 0ms
686 timing idealTree:node_modules/esbuild-linux-32 Completed in 0ms
687 timing idealTree:node_modules/esbuild-linux-64 Completed in 0ms
688 timing idealTree:node_modules/esbuild-linux-arm Completed in 0ms
689 timing idealTree:node_modules/esbuild-linux-arm64 Completed in 0ms
690 timing idealTree:node_modules/esbuild-linux-mips64le Completed in 0ms
691 timing idealTree:node_modules/esbuild-linux-ppc64le Completed in 0ms
692 timing idealTree:node_modules/esbuild-linux-riscv64 Completed in 0ms
693 timing idealTree:node_modules/esbuild-linux-s390x Completed in 0ms
694 timing idealTree:node_modules/esbuild-netbsd-64 Completed in 0ms
695 timing idealTree:node_modules/esbuild-openbsd-64 Completed in 0ms
696 timing idealTree:node_modules/esbuild-sunos-64 Completed in 0ms
697 timing idealTree:node_modules/esbuild-windows-32 Completed in 0ms
698 timing idealTree:node_modules/esbuild-windows-64 Completed in 0ms
699 timing idealTree:node_modules/esbuild-windows-arm64 Completed in 0ms
700 timing idealTree:node_modules/fast-deep-equal Completed in 0ms
701 timing idealTree:node_modules/follow-redirects Completed in 0ms
702 silly placeDep ROOT asynckit@0.4.0 OK for: form-data@4.0.5 want: ^0.4.0
703 silly placeDep ROOT combined-stream@1.0.8 OK for: form-data@4.0.5 want: ^1.0.8
704 silly fetch manifest delayed-stream@~1.0.0
705 silly placeDep ROOT es-set-tostringtag@2.1.0 OK for: form-data@4.0.5 want: ^2.1.0
706 silly fetch manifest es-errors@^1.3.0
707 silly fetch manifest get-intrinsic@^1.2.6
708 silly fetch manifest has-tostringtag@^1.0.2
709 silly placeDep ROOT hasown@2.0.2 OK for: form-data@4.0.5 want: ^2.0.2
710 silly fetch manifest function-bind@^1.1.2
711 silly placeDep ROOT mime-types@2.1.35 OK for: form-data@4.0.5 want: ^2.1.12
712 silly fetch manifest mime-db@1.52.0
713 http fetch GET 200 https://registry.npmjs.org/function-bind 47ms (cache miss)
714 http fetch GET 200 https://registry.npmjs.org/has-tostringtag 50ms (cache miss)
715 http fetch GET 200 https://registry.npmjs.org/get-intrinsic 55ms (cache miss)
716 http fetch GET 200 https://registry.npmjs.org/mime-db 57ms (cache miss)
717 http fetch GET 200 https://registry.npmjs.org/delayed-stream 69ms (cache miss)
718 http fetch GET 200 https://registry.npmjs.org/es-errors 71ms (cache miss)
719 timing idealTree:node_modules/form-data Completed in 76ms
720 timing idealTree:node_modules/asynckit Completed in 0ms
721 silly placeDep ROOT delayed-stream@1.0.0 OK for: combined-stream@1.0.8 want: ~1.0.0
722 timing idealTree:node_modules/combined-stream Completed in 1ms
723 timing idealTree:node_modules/delayed-stream Completed in 0ms
724 silly placeDep ROOT es-errors@1.3.0 OK for: es-set-tostringtag@2.1.0 want: ^1.3.0
725 silly placeDep ROOT get-intrinsic@1.3.0 OK for: es-set-tostringtag@2.1.0 want: ^1.2.6
726 silly fetch manifest gopd@^1.2.0
727 silly fetch manifest get-proto@^1.0.1
728 silly fetch manifest has-symbols@^1.1.0
729 silly fetch manifest es-object-atoms@^1.1.1
730 silly fetch manifest math-intrinsics@^1.1.0
731 silly fetch manifest es-define-property@^1.0.1
732 silly fetch manifest call-bind-apply-helpers@^1.0.2
733 silly placeDep ROOT has-tostringtag@1.0.2 OK for: es-set-tostringtag@2.1.0 want: ^1.0.2
734 silly fetch manifest has-symbols@^1.0.3
735 http fetch GET 200 https://registry.npmjs.org/es-define-property 51ms (cache miss)
736 http fetch GET 200 https://registry.npmjs.org/get-proto 63ms (cache miss)
737 http fetch GET 200 https://registry.npmjs.org/math-intrinsics 60ms (cache miss)
738 http fetch GET 200 https://registry.npmjs.org/es-object-atoms 63ms (cache miss)
739 http fetch GET 200 https://registry.npmjs.org/has-symbols 58ms (cache miss)
740 http fetch GET 200 https://registry.npmjs.org/has-symbols 66ms (cache miss)
741 http fetch GET 200 https://registry.npmjs.org/call-bind-apply-helpers 73ms (cache miss)
742 http fetch GET 200 https://registry.npmjs.org/gopd 89ms (cache miss)
743 timing idealTree:node_modules/es-set-tostringtag Completed in 91ms
744 timing idealTree:node_modules/es-errors Completed in 0ms
745 silly placeDep ROOT call-bind-apply-helpers@1.0.2 OK for: get-intrinsic@1.3.0 want: ^1.0.2
746 silly placeDep ROOT es-define-property@1.0.1 OK for: get-intrinsic@1.3.0 want: ^1.0.1
747 silly placeDep ROOT es-object-atoms@1.1.1 OK for: get-intrinsic@1.3.0 want: ^1.1.1
748 silly placeDep ROOT function-bind@1.1.2 OK for: get-intrinsic@1.3.0 want: ^1.1.2
749 silly placeDep ROOT get-proto@1.0.1 OK for: get-intrinsic@1.3.0 want: ^1.0.1
750 silly fetch manifest dunder-proto@^1.0.1
751 silly placeDep ROOT gopd@1.2.0 OK for: get-intrinsic@1.3.0 want: ^1.2.0
752 silly placeDep ROOT has-symbols@1.1.0 OK for: get-intrinsic@1.3.0 want: ^1.1.0
753 silly placeDep ROOT math-intrinsics@1.1.0 OK for: get-intrinsic@1.3.0 want: ^1.1.0
754 http fetch GET 200 https://registry.npmjs.org/dunder-proto 66ms (cache miss)
755 timing idealTree:node_modules/get-intrinsic Completed in 72ms
756 timing idealTree:node_modules/call-bind-apply-helpers Completed in 0ms
757 timing idealTree:node_modules/es-define-property Completed in 0ms
758 timing idealTree:node_modules/es-object-atoms Completed in 0ms
759 timing idealTree:node_modules/function-bind Completed in 0ms
760 timing idealTree:node_modules/get-port Completed in 0ms
761 silly placeDep ROOT dunder-proto@1.0.1 OK for: get-proto@1.0.1 want: ^1.0.1
762 timing idealTree:node_modules/get-proto Completed in 2ms
763 timing idealTree:node_modules/dunder-proto Completed in 0ms
764 timing idealTree:node_modules/google-protobuf Completed in 0ms
765 timing idealTree:node_modules/gopd Completed in 0ms
766 timing idealTree:node_modules/has-symbols Completed in 0ms
767 timing idealTree:node_modules/has-tostringtag Completed in 0ms
768 timing idealTree:node_modules/hasown Completed in 0ms
769 silly fetch manifest @types/node@>=18
770 silly placeDep ROOT @inquirer/external-editor@1.0.3 OK for: inquirer@9.3.8 want: ^1.0.2
771 silly fetch manifest chardet@^2.1.1
772 silly fetch manifest iconv-lite@^0.7.0
773 silly placeDep ROOT @inquirer/figures@1.0.15 OK for: inquirer@9.3.8 want: ^1.0.3
774 silly placeDep ROOT ansi-escapes@4.3.2 OK for: inquirer@9.3.8 want: ^4.3.2
775 silly fetch manifest type-fest@^0.21.3
776 silly placeDep ROOT cli-width@4.1.0 OK for: inquirer@9.3.8 want: ^4.1.0
777 silly placeDep ROOT mute-stream@1.0.0 OK for: inquirer@9.3.8 want: 1.0.0
778 silly placeDep node_modules/inquirer ora@5.4.1 OK for: inquirer@9.3.8 want: ^5.4.1
779 silly fetch manifest bl@^4.1.0
780 silly fetch manifest wcwidth@^1.0.1
781 silly fetch manifest cli-cursor@^3.1.0
782 silly fetch manifest strip-ansi@^6.0.0
783 silly fetch manifest log-symbols@^4.1.0
784 silly fetch manifest is-interactive@^1.0.0
785 silly fetch manifest is-unicode-supported@^0.1.0
786 silly placeDep ROOT run-async@3.0.0 OK for: inquirer@9.3.8 want: ^3.0.0
787 silly placeDep ROOT string-width@4.2.3 OK for: inquirer@9.3.8 want: ^4.2.3
788 silly fetch manifest emoji-regex@^8.0.0
789 silly fetch manifest is-fullwidth-code-point@^3.0.0
790 silly placeDep ROOT strip-ansi@6.0.1 OK for: inquirer@9.3.8 want: ^6.0.1
791 silly fetch manifest ansi-regex@^5.0.1
792 silly placeDep ROOT wrap-ansi@6.2.0 OK for: inquirer@9.3.8 want: ^6.2.0
793 silly placeDep ROOT yoctocolors-cjs@2.1.3 OK for: inquirer@9.3.8 want: ^2.1.2
794 http fetch GET 200 https://registry.npmjs.org/iconv-lite 73ms (cache miss)
795 http fetch GET 200 https://registry.npmjs.org/wcwidth 83ms (cache miss)
796 http fetch GET 200 https://registry.npmjs.org/type-fest 96ms (cache miss)
797 http fetch GET 200 https://registry.npmjs.org/ansi-regex 89ms (cache miss)
798 http fetch GET 200 https://registry.npmjs.org/is-fullwidth-code-point 94ms (cache miss)
799 http fetch GET 200 https://registry.npmjs.org/chardet 113ms (cache miss)
800 http fetch GET 200 https://registry.npmjs.org/emoji-regex 96ms (cache miss)
801 http fetch GET 200 https://registry.npmjs.org/bl 119ms (cache miss)
802 timing idealTree:node_modules/inquirer Completed in 134ms
803 silly placeDep ROOT chardet@2.1.1 OK for: @inquirer/external-editor@1.0.3 want: ^2.1.1
804 silly placeDep ROOT iconv-lite@0.7.2 OK for: @inquirer/external-editor@1.0.3 want: ^0.7.0
805 silly fetch manifest safer-buffer@>= 2.1.2 < 3.0.0
806 http fetch GET 200 https://registry.npmjs.org/safer-buffer 39ms (cache miss)
807 timing idealTree:node_modules/@inquirer/external-editor Completed in 42ms
808 timing idealTree:node_modules/@inquirer/figures Completed in 0ms
809 silly placeDep ROOT type-fest@0.21.3 OK for: ansi-escapes@4.3.2 want: ^0.21.3
810 timing idealTree:node_modules/ansi-escapes Completed in 1ms
811 timing idealTree:node_modules/chardet Completed in 0ms
812 timing idealTree:node_modules/cli-width Completed in 0ms
813 silly placeDep ROOT safer-buffer@2.1.2 OK for: iconv-lite@0.7.2 want: >= 2.1.2 < 3.0.0
814 timing idealTree:node_modules/iconv-lite Completed in 1ms
815 timing idealTree:node_modules/install Completed in 0ms
816 silly placeDep ROOT @inversifyjs/common@1.4.0 OK for: inversify@6.2.2 want: 1.4.0
817 silly placeDep ROOT @inversifyjs/core@1.3.5 OK for: inversify@6.2.2 want: 1.3.5
818 silly fetch manifest @inversifyjs/reflect-metadata-utils@0.2.4
819 silly placeDep ROOT reflect-metadata@0.2.2 REPLACE for: inversify@6.2.2 want: ~0.2.2
820 http fetch GET 200 https://registry.npmjs.org/@inversifyjs%2freflect-metadata-utils 91ms (cache miss)
821 timing idealTree:node_modules/inversify Completed in 94ms
822 timing idealTree:node_modules/@inversifyjs/common Completed in 0ms
823 silly fetch manifest reflect-metadata@0.2.2
824 silly placeDep ROOT @inversifyjs/reflect-metadata-utils@0.2.4 OK for: @inversifyjs/core@1.3.5 want: 0.2.4
825 timing idealTree:node_modules/@inversifyjs/core Completed in 1ms
826 timing idealTree:node_modules/@inversifyjs/reflect-metadata-utils Completed in 0ms
827 silly placeDep node_modules/@normalframework/applications-sdk reflect-metadata@0.1.14 OK for: @normalframework/applications-sdk@0.1.99 want: ^0.1.13
828 timing idealTree:node_modules/@normalframework/applications-sdk Completed in 1ms
829 timing idealTree:node_modules/is-buffer Completed in 0ms
830 silly placeDep ROOT @jest/core@29.7.0 OK for: jest@29.7.0 want: ^29.7.0
831 silly fetch manifest exit@^0.1.2
832 silly fetch manifest slash@^3.0.0
833 silly fetch manifest ci-info@^3.2.0
834 silly fetch manifest jest-util@^29.7.0
835 silly fetch manifest micromatch@^4.0.4
836 silly fetch manifest @types/node@*
837 silly fetch manifest graceful-fs@^4.2.9
838 silly fetch manifest jest-config@^29.7.0
839 silly fetch manifest jest-runner@^29.7.0
840 silly fetch manifest jest-resolve@^29.7.0
841 silly fetch manifest jest-runtime@^29.7.0
842 silly fetch manifest jest-watcher@^29.7.0
843 silly fetch manifest @jest/console@^29.7.0
844 silly fetch manifest jest-snapshot@^29.7.0
845 silly fetch manifest jest-validate@^29.7.0
846 silly fetch manifest pretty-format@^29.7.0
847 silly fetch manifest jest-haste-map@^29.7.0
848 silly fetch manifest @jest/reporters@^29.7.0
849 silly fetch manifest @jest/transform@^29.7.0
850 silly fetch manifest jest-regex-util@^29.6.3
851 silly fetch manifest @jest/test-result@^29.7.0
852 silly fetch manifest jest-message-util@^29.7.0
853 silly fetch manifest jest-changed-files@^29.7.0
854 silly fetch manifest jest-resolve-dependencies@^29.7.0
855 silly placeDep ROOT @jest/types@29.6.3 OK for: jest@29.7.0 want: ^29.6.3
856 silly fetch manifest @types/yargs@^17.0.8
857 silly fetch manifest @jest/schemas@^29.6.3
858 silly fetch manifest @types/istanbul-reports@^3.0.0
859 silly fetch manifest @types/istanbul-lib-coverage@^2.0.0
860 silly placeDep ROOT import-local@3.2.0 OK for: jest@29.7.0 want: ^3.0.2
861 silly fetch manifest pkg-dir@^4.2.0
862 silly fetch manifest resolve-cwd@^3.0.0
863 silly placeDep ROOT jest-cli@29.7.0 OK for: jest@29.7.0 want: ^29.7.0
864 silly fetch manifest create-jest@^29.7.0
865 http fetch GET 200 https://registry.npmjs.org/slash 93ms (cache miss)
866 http fetch GET 200 https://registry.npmjs.org/ci-info 112ms (cache miss)
867 http fetch GET 200 https://registry.npmjs.org/graceful-fs 119ms (cache miss)
868 http fetch GET 200 https://registry.npmjs.org/jest-config 181ms (cache miss)
869 http fetch GET 200 https://registry.npmjs.org/micromatch 228ms (cache miss)
870 http fetch GET 200 https://registry.npmjs.org/exit 270ms (cache miss)
871 http fetch GET 200 https://registry.npmjs.org/jest-runner 260ms (cache miss)
872 http fetch GET 200 https://registry.npmjs.org/resolve-cwd 241ms (cache miss)
873 http fetch GET 200 https://registry.npmjs.org/pkg-dir 243ms (cache miss)
874 http fetch GET 200 https://registry.npmjs.org/pretty-format 262ms (cache miss)
875 http fetch GET 200 https://registry.npmjs.org/@jest%2fconsole 268ms (cache miss)
876 http fetch GET 200 https://registry.npmjs.org/jest-regex-util 266ms (cache miss)
877 http fetch GET 200 https://registry.npmjs.org/@types%2fistanbul-lib-coverage 254ms (cache miss)
878 http fetch GET 200 https://registry.npmjs.org/jest-watcher 274ms (cache miss)
879 http fetch GET 200 https://registry.npmjs.org/create-jest 253ms (cache miss)
880 http fetch GET 200 https://registry.npmjs.org/@types%2fistanbul-reports 258ms (cache miss)
881 http fetch GET 200 https://registry.npmjs.org/@jest%2fschemas 277ms (cache miss)
882 http fetch GET 200 https://registry.npmjs.org/jest-haste-map 293ms (cache miss)
883 http fetch GET 200 https://registry.npmjs.org/jest-validate 300ms (cache miss)
884 http fetch GET 200 https://registry.npmjs.org/@types%2fyargs 300ms (cache miss)
885 http fetch GET 200 https://registry.npmjs.org/@jest%2ftransform 314ms (cache miss)
886 http fetch GET 200 https://registry.npmjs.org/jest-snapshot 320ms (cache miss)
887 http fetch GET 200 https://registry.npmjs.org/jest-util 348ms (cache miss)
888 http fetch GET 200 https://registry.npmjs.org/jest-resolve 331ms (cache miss)
889 http fetch GET 200 https://registry.npmjs.org/jest-message-util 343ms (cache miss)
890 http fetch GET 200 https://registry.npmjs.org/jest-changed-files 340ms (cache miss)
891 http fetch GET 200 https://registry.npmjs.org/@jest%2ftest-result 350ms (cache miss)
892 http fetch GET 200 https://registry.npmjs.org/jest-resolve-dependencies 344ms (cache miss)
893 http fetch GET 200 https://registry.npmjs.org/jest-runtime 370ms (cache miss)
894 http fetch GET 200 https://registry.npmjs.org/@jest%2freporters 384ms (cache miss)
895 timing idealTree:node_modules/jest Completed in 420ms
896 silly fetch manifest ts-node@>=9.0.0
897 http fetch GET 200 https://registry.npmjs.org/ts-node 239ms (cache miss)
898 silly fetch manifest @swc/core@>=1.2.50
899 http fetch GET 200 https://registry.npmjs.org/@swc%2fcore 150ms (cache miss)
900 silly fetch manifest @swc/helpers@>=0.5.17
901 http fetch GET 200 https://registry.npmjs.org/@swc%2fhelpers 90ms (cache miss)
902 silly fetch manifest @swc/wasm@>=1.2.50
903 http fetch GET 200 https://registry.npmjs.org/@swc%2fwasm 179ms (cache miss)
904 silly fetch manifest typescript@>=2.7
905 silly placeDep ROOT @jest/console@29.7.0 OK for: @jest/core@29.7.0 want: ^29.7.0
906 silly placeDep ROOT @jest/reporters@29.7.0 OK for: @jest/core@29.7.0 want: ^29.7.0
907 silly fetch manifest glob@^7.1.3
908 silly fetch manifest jest-worker@^29.7.0
909 silly fetch manifest string-length@^4.0.1
910 silly fetch manifest v8-to-istanbul@^9.0.1
911 silly fetch manifest istanbul-reports@^3.1.3
912 silly fetch manifest @bcoe/v8-coverage@^0.2.3
913 silly fetch manifest collect-v8-coverage@^1.0.0
914 silly fetch manifest istanbul-lib-report@^3.0.0
915 silly fetch manifest istanbul-lib-coverage@^3.0.0
916 silly fetch manifest istanbul-lib-instrument@^6.0.0
917 silly fetch manifest istanbul-lib-source-maps@^4.0.0
918 silly fetch manifest @jridgewell/trace-mapping@^0.3.18
919 silly placeDep ROOT @jest/test-result@29.7.0 OK for: @jest/core@29.7.0 want: ^29.7.0
920 silly placeDep ROOT @jest/transform@29.7.0 OK for: @jest/core@29.7.0 want: ^29.7.0
921 silly fetch manifest pirates@^4.0.4
922 silly fetch manifest @babel/core@^7.11.6
923 silly fetch manifest write-file-atomic@^4.0.2
924 silly fetch manifest convert-source-map@^2.0.0
925 silly fetch manifest babel-plugin-istanbul@^6.1.1
926 silly fetch manifest fast-json-stable-stringify@^2.1.0
927 silly placeDep ROOT @types/node@25.0.8 OK for: @jest/core@29.7.0 want: *
928 silly fetch manifest undici-types@~7.16.0
929 silly placeDep ROOT ci-info@3.9.0 OK for: @jest/core@29.7.0 want: ^3.2.0
930 silly placeDep ROOT exit@0.1.2 OK for: @jest/core@29.7.0 want: ^0.1.2
931 silly placeDep ROOT graceful-fs@4.2.11 OK for: @jest/core@29.7.0 want: ^4.2.9
932 silly placeDep ROOT jest-changed-files@29.7.0 OK for: @jest/core@29.7.0 want: ^29.7.0
933 silly fetch manifest execa@^5.0.0
934 silly fetch manifest p-limit@^3.1.0
935 silly placeDep ROOT jest-config@29.7.0 OK for: @jest/core@29.7.0 want: ^29.7.0
936 silly fetch manifest deepmerge@^4.2.2
937 silly fetch manifest babel-jest@^29.7.0
938 silly fetch manifest parse-json@^5.2.0
939 silly fetch manifest jest-circus@^29.7.0
940 silly fetch manifest jest-get-type@^29.6.3
941 silly fetch manifest strip-json-comments@^3.1.1
942 silly fetch manifest @jest/test-sequencer@^29.7.0
943 silly fetch manifest jest-environment-node@^29.7.0
944 silly placeDep ROOT jest-haste-map@29.7.0 OK for: @jest/core@29.7.0 want: ^29.7.0
945 silly fetch manifest walker@^1.0.8
946 silly fetch manifest anymatch@^3.0.3
947 silly fetch manifest fb-watchman@^2.0.0
948 silly fetch manifest @types/graceful-fs@^4.1.3
949 silly fetch manifest fsevents@^2.3.2
950 silly placeDep ROOT jest-message-util@29.7.0 OK for: @jest/core@29.7.0 want: ^29.7.0
951 silly fetch manifest stack-utils@^2.0.3
952 silly fetch manifest @babel/code-frame@^7.12.13
953 silly fetch manifest @types/stack-utils@^2.0.0
954 silly placeDep ROOT jest-regex-util@29.6.3 OK for: @jest/core@29.7.0 want: ^29.6.3
955 silly placeDep ROOT jest-resolve@29.7.0 OK for: @jest/core@29.7.0 want: ^29.7.0
956 silly fetch manifest resolve@^1.20.0
957 silly fetch manifest resolve.exports@^2.0.0
958 silly fetch manifest jest-pnp-resolver@^1.2.2
959 silly placeDep ROOT jest-resolve-dependencies@29.7.0 OK for: @jest/core@29.7.0 want: ^29.7.0
960 silly placeDep ROOT jest-runner@29.7.0 OK for: @jest/core@29.7.0 want: ^29.7.0
961 silly fetch manifest emittery@^0.13.1
962 silly fetch manifest jest-docblock@^29.7.0
963 silly fetch manifest @jest/environment@^29.7.0
964 silly fetch manifest jest-leak-detector@^29.7.0
965 silly fetch manifest source-map-support@0.5.13
966 silly placeDep ROOT jest-runtime@29.7.0 OK for: @jest/core@29.7.0 want: ^29.7.0
967 silly fetch manifest jest-mock@^29.7.0
968 silly fetch manifest strip-bom@^4.0.0
969 silly fetch manifest @jest/globals@^29.7.0
970 silly fetch manifest @jest/source-map@^29.6.3
971 silly fetch manifest cjs-module-lexer@^1.0.0
972 silly fetch manifest @jest/fake-timers@^29.7.0
973 silly placeDep ROOT jest-snapshot@29.7.0 OK for: @jest/core@29.7.0 want: ^29.7.0
974 silly fetch manifest expect@^29.7.0
975 silly fetch manifest semver@^7.5.3
976 silly fetch manifest jest-diff@^29.7.0
977 silly fetch manifest @babel/types@^7.3.3
978 silly fetch manifest natural-compare@^1.4.0
979 silly fetch manifest @babel/generator@^7.7.2
980 silly fetch manifest @jest/expect-utils@^29.7.0
981 silly fetch manifest jest-matcher-utils@^29.7.0
982 silly fetch manifest @babel/plugin-syntax-jsx@^7.7.2
983 silly fetch manifest @babel/plugin-syntax-typescript@^7.7.2
984 silly fetch manifest babel-preset-current-node-syntax@^1.0.0
985 silly placeDep ROOT jest-util@29.7.0 OK for: @jest/core@29.7.0 want: ^29.7.0
986 silly fetch manifest picomatch@^2.2.3
987 silly placeDep ROOT jest-validate@29.7.0 OK for: @jest/core@29.7.0 want: ^29.7.0
988 silly fetch manifest leven@^3.1.0
989 silly fetch manifest camelcase@^6.2.0
990 silly placeDep ROOT jest-watcher@29.7.0 OK for: @jest/core@29.7.0 want: ^29.7.0
991 silly placeDep ROOT micromatch@4.0.8 OK for: @jest/core@29.7.0 want: ^4.0.4
992 silly fetch manifest braces@^3.0.3
993 silly fetch manifest picomatch@^2.3.1
994 silly placeDep ROOT pretty-format@29.7.0 OK for: @jest/core@29.7.0 want: ^29.7.0
995 silly fetch manifest react-is@^18.0.0
996 silly fetch manifest ansi-styles@^5.0.0
997 silly placeDep ROOT slash@3.0.0 OK for: @jest/core@29.7.0 want: ^3.0.0
998 http fetch GET 200 https://registry.npmjs.org/istanbul-lib-coverage 489ms (cache miss)
999 http fetch GET 200 https://registry.npmjs.org/string-length 503ms (cache miss)
1000 http fetch GET 200 https://registry.npmjs.org/collect-v8-coverage 506ms (cache miss)
1001 http fetch GET 200 https://registry.npmjs.org/@bcoe%2fv8-coverage 521ms (cache miss)
1002 http fetch GET 200 https://registry.npmjs.org/istanbul-reports 553ms (cache miss)
1003 http fetch GET 200 https://registry.npmjs.org/write-file-atomic 530ms (cache miss)
1004 http fetch GET 200 https://registry.npmjs.org/istanbul-lib-source-maps 563ms (cache miss)
1005 http fetch GET 200 https://registry.npmjs.org/pirates 547ms (cache miss)
1006 http fetch GET 200 https://registry.npmjs.org/istanbul-lib-report 566ms (cache miss)
1007 http fetch GET 200 https://registry.npmjs.org/fast-json-stable-stringify 543ms (cache miss)
1008 http fetch GET 200 https://registry.npmjs.org/p-limit 537ms (cache miss)
1009 http fetch GET 200 https://registry.npmjs.org/@jridgewell%2ftrace-mapping 567ms (cache miss)
1010 http fetch GET 200 https://registry.npmjs.org/deepmerge 538ms (cache miss)
1011 http fetch GET 200 https://registry.npmjs.org/v8-to-istanbul 590ms (cache miss)
1012 http fetch GET 200 https://registry.npmjs.org/babel-plugin-istanbul 564ms (cache miss)
1013 http fetch GET 200 https://registry.npmjs.org/convert-source-map 566ms (cache miss)
1014 http fetch GET 200 https://registry.npmjs.org/strip-json-comments 552ms (cache miss)
1015 http fetch GET 200 https://registry.npmjs.org/istanbul-lib-instrument 591ms (cache miss)
1016 http fetch GET 200 https://registry.npmjs.org/undici-types 570ms (cache miss)
1017 http fetch GET 200 https://registry.npmjs.org/walker 557ms (cache miss)
1018 http fetch GET 200 https://registry.npmjs.org/@types%2fgraceful-fs 517ms (cache miss)
1019 http fetch GET 200 https://registry.npmjs.org/parse-json 565ms (cache miss)
1020 http fetch GET 200 https://registry.npmjs.org/stack-utils 517ms (cache miss)
1021 http fetch GET 200 https://registry.npmjs.org/fb-watchman 521ms (cache miss)
1022 http fetch GET 200 https://registry.npmjs.org/jest-pnp-resolver 513ms (cache miss)
1023 http fetch GET 200 https://registry.npmjs.org/glob 619ms (cache miss)
1024 http fetch GET 200 https://registry.npmjs.org/natural-compare 494ms (cache miss)
1025 http fetch GET 200 https://registry.npmjs.org/execa 582ms (cache miss)
1026 http fetch GET 200 https://registry.npmjs.org/fsevents 531ms (cache miss)
1027 http fetch GET 200 https://registry.npmjs.org/resolve.exports 525ms (cache miss)
1028 http fetch GET 200 https://registry.npmjs.org/emittery 522ms (cache miss)
1029 http fetch GET 200 https://registry.npmjs.org/anymatch 577ms (cache miss)
1030 http fetch GET 200 https://registry.npmjs.org/@types%2fstack-utils 533ms (cache miss)
1031 http fetch GET 200 https://registry.npmjs.org/strip-bom 512ms (cache miss)
1032 http fetch GET 200 https://registry.npmjs.org/@babel%2fcode-frame 538ms (cache miss)
1033 http fetch GET 200 https://registry.npmjs.org/babel-preset-current-node-syntax 505ms (cache miss)
1034 http fetch GET 200 https://registry.npmjs.org/jest-get-type 590ms (cache miss)
1035 http fetch GET 200 https://registry.npmjs.org/resolve 542ms (cache miss)
1036 http fetch GET 200 https://registry.npmjs.org/cjs-module-lexer 522ms (cache miss)
1037 http fetch GET 200 https://registry.npmjs.org/leven 501ms (cache miss)
1038 http fetch GET 200 https://registry.npmjs.org/camelcase 486ms (cache miss)
1039 http fetch GET 200 https://registry.npmjs.org/picomatch 507ms (cache miss)
1040 http fetch GET 200 https://registry.npmjs.org/jest-docblock 550ms (cache miss)
1041 http fetch GET 200 https://registry.npmjs.org/@jest%2fsource-map 549ms (cache miss)
1042 http fetch GET 200 https://registry.npmjs.org/braces 502ms (cache miss)
1043 http fetch GET 200 https://registry.npmjs.org/@jest%2fexpect-utils 548ms (cache miss)
1044 http fetch GET 200 https://registry.npmjs.org/picomatch 562ms (cache miss)
1045 http fetch GET 200 https://registry.npmjs.org/jest-worker 750ms (cache miss)
1046 http fetch GET 200 https://registry.npmjs.org/@babel%2fplugin-syntax-typescript 623ms (cache miss)
1047 http fetch GET 200 https://registry.npmjs.org/@babel%2fplugin-syntax-jsx 630ms (cache miss)
1048 http fetch GET 200 https://registry.npmjs.org/@jest%2fglobals 642ms (cache miss)
1049 http fetch GET 200 https://registry.npmjs.org/@jest%2ftest-sequencer 716ms (cache miss)
1050 http fetch GET 200 https://registry.npmjs.org/@jest%2ffake-timers 644ms (cache miss)
1051 http fetch GET 200 https://registry.npmjs.org/@jest%2fenvironment 654ms (cache miss)
1052 http fetch GET 200 https://registry.npmjs.org/@babel%2fcore 742ms (cache miss)
1053 http fetch GET 200 https://registry.npmjs.org/jest-leak-detector 660ms (cache miss)
1054 http fetch GET 200 https://registry.npmjs.org/jest-mock 661ms (cache miss)
1055 http fetch GET 200 https://registry.npmjs.org/@babel%2ftypes 657ms (cache miss)
1056 http fetch GET 200 https://registry.npmjs.org/jest-environment-node 735ms (cache miss)
1057 http fetch GET 200 https://registry.npmjs.org/jest-diff 664ms (cache miss)
1058 http fetch GET 200 https://registry.npmjs.org/babel-jest 747ms (cache miss)
1059 http fetch GET 200 https://registry.npmjs.org/@babel%2fgenerator 668ms (cache miss)
1060 http fetch GET 200 https://registry.npmjs.org/jest-matcher-utils 668ms (cache miss)
1061 http fetch GET 200 https://registry.npmjs.org/jest-circus 754ms (cache miss)
1062 http fetch GET 200 https://registry.npmjs.org/expect 682ms (cache miss)
1063 http fetch GET 200 https://registry.npmjs.org/react-is 674ms (cache miss)
1064 timing idealTree:node_modules/@jest/core Completed in 1622ms
1065 timing idealTree:node_modules/@jest/console Completed in 0ms
1066 silly placeDep ROOT @bcoe/v8-coverage@0.2.3 OK for: @jest/reporters@29.7.0 want: ^0.2.3
1067 silly placeDep ROOT @jridgewell/trace-mapping@0.3.31 OK for: @jest/reporters@29.7.0 want: ^0.3.18
1068 silly fetch manifest @jridgewell/resolve-uri@^3.1.0
1069 silly fetch manifest @jridgewell/sourcemap-codec@^1.4.14
1070 silly placeDep ROOT collect-v8-coverage@1.0.3 OK for: @jest/reporters@29.7.0 want: ^1.0.0
1071 silly placeDep ROOT glob@7.2.3 OK for: @jest/reporters@29.7.0 want: ^7.1.3
1072 silly fetch manifest once@^1.3.0
1073 silly fetch manifest inflight@^1.0.4
1074 silly fetch manifest inherits@2
1075 silly fetch manifest minimatch@^3.1.1
1076 silly fetch manifest fs.realpath@^1.0.0
1077 silly fetch manifest path-is-absolute@^1.0.0
1078 silly placeDep ROOT istanbul-lib-coverage@3.2.2 OK for: @jest/reporters@29.7.0 want: ^3.0.0
1079 silly placeDep ROOT istanbul-lib-instrument@6.0.3 OK for: @jest/reporters@29.7.0 want: ^6.0.0
1080 silly fetch manifest @babel/core@^7.23.9
1081 silly fetch manifest @babel/parser@^7.23.9
1082 silly fetch manifest @istanbuljs/schema@^0.1.3
1083 silly fetch manifest semver@^7.5.4
1084 silly placeDep ROOT istanbul-lib-report@3.0.1 OK for: @jest/reporters@29.7.0 want: ^3.0.0
1085 silly fetch manifest make-dir@^4.0.0
1086 silly placeDep ROOT istanbul-lib-source-maps@4.0.1 OK for: @jest/reporters@29.7.0 want: ^4.0.0
1087 silly fetch manifest debug@^4.1.1
1088 silly fetch manifest source-map@^0.6.1
1089 silly placeDep ROOT istanbul-reports@3.2.0 OK for: @jest/reporters@29.7.0 want: ^3.1.3
1090 silly fetch manifest html-escaper@^2.0.0
1091 silly placeDep ROOT jest-worker@29.7.0 OK for: @jest/reporters@29.7.0 want: ^29.7.0
1092 silly fetch manifest merge-stream@^2.0.0
1093 silly fetch manifest supports-color@^8.0.0
1094 silly placeDep ROOT string-length@4.0.2 OK for: @jest/reporters@29.7.0 want: ^4.0.1
1095 silly fetch manifest char-regex@^1.0.2
1096 silly placeDep ROOT v8-to-istanbul@9.3.0 OK for: @jest/reporters@29.7.0 want: ^9.0.1
1097 silly fetch manifest @types/istanbul-lib-coverage@^2.0.1
1098 http fetch GET 200 https://registry.npmjs.org/inherits 54ms (cache miss)
1099 http fetch GET 200 https://registry.npmjs.org/path-is-absolute 55ms (cache miss)
1100 http fetch GET 200 https://registry.npmjs.org/html-escaper 55ms (cache miss)
1101 http fetch GET 200 https://registry.npmjs.org/fs.realpath 71ms (cache miss)
1102 http fetch GET 200 https://registry.npmjs.org/once 109ms (cache miss)
1103 http fetch GET 200 https://registry.npmjs.org/char-regex 65ms (cache miss)
1104 http fetch GET 200 https://registry.npmjs.org/merge-stream 68ms (cache miss)
1105 http fetch GET 200 https://registry.npmjs.org/@jridgewell%2fresolve-uri 116ms (cache miss)
1106 http fetch GET 200 https://registry.npmjs.org/make-dir 97ms (cache miss)
1107 http fetch GET 200 https://registry.npmjs.org/@jridgewell%2fsourcemap-codec 152ms (cache miss)
1108 http fetch GET 200 https://registry.npmjs.org/inflight 154ms (cache miss)
1109 http fetch GET 200 https://registry.npmjs.org/@babel%2fparser 118ms (cache miss)
1110 http fetch GET 200 https://registry.npmjs.org/minimatch 125ms (cache miss)
1111 http fetch GET 200 https://registry.npmjs.org/@istanbuljs%2fschema 122ms (cache miss)
1112 timing idealTree:node_modules/@jest/reporters Completed in 169ms
1113 timing idealTree:node_modules/@bcoe/v8-coverage Completed in 0ms
1114 silly placeDep ROOT @types/istanbul-lib-coverage@2.0.6 OK for: @jest/test-result@29.7.0 want: ^2.0.0
1115 timing idealTree:node_modules/@jest/test-result Completed in 2ms
1116 silly placeDep ROOT @babel/core@7.28.6 OK for: @jest/transform@29.7.0 want: ^7.11.6
1117 silly fetch manifest @babel/code-frame@^7.28.6
1118 silly fetch manifest @babel/generator@^7.28.6
1119 silly fetch manifest @babel/helper-compilation-targets@^7.28.6
1120 silly fetch manifest @babel/helper-module-transforms@^7.28.6
1121 silly fetch manifest @babel/helpers@^7.28.6
1122 silly fetch manifest @babel/parser@^7.28.6
1123 silly fetch manifest @babel/template@^7.28.6
1124 silly fetch manifest @babel/traverse@^7.28.6
1125 silly fetch manifest @babel/types@^7.28.6
1126 silly fetch manifest @jridgewell/remapping@^2.3.5
1127 silly fetch manifest debug@^4.1.0
1128 silly fetch manifest gensync@^1.0.0-beta.2
1129 silly fetch manifest json5@^2.2.3
1130 silly fetch manifest semver@^6.3.1
1131 silly placeDep ROOT babel-plugin-istanbul@6.1.1 OK for: @jest/transform@29.7.0 want: ^6.1.1
1132 silly fetch manifest test-exclude@^6.0.0
1133 silly fetch manifest @istanbuljs/schema@^0.1.2
1134 silly fetch manifest istanbul-lib-instrument@^5.0.4
1135 silly fetch manifest @babel/helper-plugin-utils@^7.0.0
1136 silly fetch manifest @istanbuljs/load-nyc-config@^1.0.0
1137 silly placeDep ROOT convert-source-map@2.0.0 OK for: @jest/transform@29.7.0 want: ^2.0.0
1138 silly placeDep ROOT fast-json-stable-stringify@2.1.0 OK for: @jest/transform@29.7.0 want: ^2.1.0
1139 silly placeDep ROOT pirates@4.0.7 OK for: @jest/transform@29.7.0 want: ^4.0.4
1140 silly placeDep ROOT write-file-atomic@4.0.2 OK for: @jest/transform@29.7.0 want: ^4.0.2
1141 silly fetch manifest imurmurhash@^0.1.4
1142 silly fetch manifest signal-exit@^3.0.7
1143 http fetch GET 200 https://registry.npmjs.org/imurmurhash 58ms (cache miss)
1144 http fetch GET 200 https://registry.npmjs.org/gensync 91ms (cache miss)
1145 http fetch GET 200 https://registry.npmjs.org/json5 99ms (cache miss)
1146 http fetch GET 200 https://registry.npmjs.org/signal-exit 88ms (cache miss)
1147 http fetch GET 200 https://registry.npmjs.org/@jridgewell%2fremapping 124ms (cache miss)
1148 http fetch GET 200 https://registry.npmjs.org/@babel%2ftraverse 126ms (cache miss)
1149 http fetch GET 200 https://registry.npmjs.org/@babel%2fhelper-compilation-targets 131ms (cache miss)
1150 http fetch GET 200 https://registry.npmjs.org/@babel%2fhelpers 136ms (cache miss)
1151 http fetch GET 200 https://registry.npmjs.org/test-exclude 156ms (cache miss)
1152 http fetch GET 200 https://registry.npmjs.org/@babel%2fhelper-plugin-utils 132ms (cache miss)
1153 http fetch GET 200 https://registry.npmjs.org/@istanbuljs%2fload-nyc-config 133ms (cache miss)
1154 http fetch GET 200 https://registry.npmjs.org/@babel%2ftemplate 166ms (cache miss)
1155 http fetch GET 200 https://registry.npmjs.org/@babel%2fhelper-module-transforms 184ms (cache miss)
1156 timing idealTree:node_modules/@jest/transform Completed in 190ms
1157 silly fetch manifest @babel/core@^7.0.0
1158 silly placeDep ROOT @babel/code-frame@7.28.6 OK for: @babel/core@7.28.6 want: ^7.28.6
1159 silly fetch manifest @babel/helper-validator-identifier@^7.28.5
1160 silly fetch manifest js-tokens@^4.0.0
1161 silly fetch manifest picocolors@^1.1.1
1162 silly placeDep ROOT @babel/generator@7.28.6 OK for: @babel/core@7.28.6 want: ^7.28.6
1163 silly fetch manifest @jridgewell/gen-mapping@^0.3.12
1164 silly fetch manifest jsesc@^3.0.2
1165 silly placeDep ROOT @babel/helper-compilation-targets@7.28.6 OK for: @babel/core@7.28.6 want: ^7.28.6
1166 silly fetch manifest @babel/compat-data@^7.28.6
1167 silly fetch manifest @babel/helper-validator-option@^7.27.1
1168 silly fetch manifest browserslist@^4.24.0
1169 silly fetch manifest lru-cache@^5.1.1
1170 silly placeDep ROOT @babel/helper-module-transforms@7.28.6 OK for: @babel/core@7.28.6 want: ^7.28.6
1171 silly fetch manifest @babel/helper-module-imports@^7.28.6
1172 silly placeDep ROOT @babel/helpers@7.28.6 OK for: @babel/core@7.28.6 want: ^7.28.6
1173 silly placeDep ROOT @babel/parser@7.28.6 OK for: @babel/core@7.28.6 want: ^7.28.6
1174 silly placeDep ROOT @babel/template@7.28.6 OK for: @babel/core@7.28.6 want: ^7.28.6
1175 silly placeDep ROOT @babel/traverse@7.28.6 OK for: @babel/core@7.28.6 want: ^7.28.6
1176 silly fetch manifest @babel/helper-globals@^7.28.0
1177 silly fetch manifest debug@^4.3.1
1178 silly placeDep ROOT @babel/types@7.28.6 OK for: @babel/core@7.28.6 want: ^7.28.6
1179 silly fetch manifest @babel/helper-string-parser@^7.27.1
1180 silly placeDep ROOT @jridgewell/remapping@2.3.5 OK for: @babel/core@7.28.6 want: ^2.3.5
1181 silly fetch manifest @jridgewell/gen-mapping@^0.3.5
1182 silly placeDep ROOT debug@4.4.3 OK for: @babel/core@7.28.6 want: ^4.1.0
1183 silly fetch manifest ms@^2.1.3
1184 silly placeDep ROOT gensync@1.0.0-beta.2 OK for: @babel/core@7.28.6 want: ^1.0.0-beta.2
1185 silly placeDep ROOT json5@2.2.3 OK for: @babel/core@7.28.6 want: ^2.2.3
1186 silly placeDep ROOT semver@6.3.1 OK for: @babel/core@7.28.6 want: ^6.3.1
1187 http fetch GET 200 https://registry.npmjs.org/ms 45ms (cache miss)
1188 http fetch GET 200 https://registry.npmjs.org/js-tokens 113ms (cache miss)
1189 http fetch GET 200 https://registry.npmjs.org/jsesc 113ms (cache miss)
1190 http fetch GET 200 https://registry.npmjs.org/@babel%2fhelper-globals 84ms (cache miss)
1191 http fetch GET 200 https://registry.npmjs.org/browserslist 113ms (cache miss)
1192 http fetch GET 200 https://registry.npmjs.org/picocolors 162ms (cache miss)
1193 http fetch GET 200 https://registry.npmjs.org/@jridgewell%2fgen-mapping 162ms (cache miss)
1194 http fetch GET 200 https://registry.npmjs.org/@babel%2fhelper-validator-identifier 165ms (cache miss)
1195 http fetch GET 200 https://registry.npmjs.org/lru-cache 159ms (cache miss)
1196 http fetch GET 200 https://registry.npmjs.org/@babel%2fhelper-module-imports 141ms (cache miss)
1197 http fetch GET 200 https://registry.npmjs.org/@jridgewell%2fgen-mapping 124ms (cache miss)
1198 http fetch GET 200 https://registry.npmjs.org/@babel%2fcompat-data 174ms (cache miss)
1199 http fetch GET 200 https://registry.npmjs.org/@babel%2fhelper-validator-option 176ms (cache miss)
1200 http fetch GET 200 https://registry.npmjs.org/@babel%2fhelper-string-parser 180ms (cache miss)
1201 timing idealTree:node_modules/@babel/core Completed in 226ms
1202 silly placeDep ROOT @babel/helper-validator-identifier@7.28.5 OK for: @babel/code-frame@7.28.6 want: ^7.28.5
1203 silly placeDep ROOT js-tokens@4.0.0 OK for: @babel/code-frame@7.28.6 want: ^4.0.0
1204 silly placeDep ROOT picocolors@1.1.1 OK for: @babel/code-frame@7.28.6 want: ^1.1.1
1205 timing idealTree:node_modules/@babel/code-frame Completed in 3ms
1206 silly placeDep ROOT @jridgewell/gen-mapping@0.3.13 OK for: @babel/generator@7.28.6 want: ^0.3.12
1207 silly fetch manifest @jridgewell/sourcemap-codec@^1.5.0
1208 silly placeDep ROOT jsesc@3.1.0 OK for: @babel/generator@7.28.6 want: ^3.0.2
1209 timing idealTree:node_modules/@babel/generator Completed in 3ms
1210 silly placeDep ROOT @babel/compat-data@7.28.6 OK for: @babel/helper-compilation-targets@7.28.6 want: ^7.28.6
1211 silly placeDep ROOT @babel/helper-validator-option@7.27.1 OK for: @babel/helper-compilation-targets@7.28.6 want: ^7.27.1
1212 silly placeDep ROOT browserslist@4.28.1 OK for: @babel/helper-compilation-targets@7.28.6 want: ^4.24.0
1213 silly fetch manifest baseline-browser-mapping@^2.9.0
1214 silly fetch manifest caniuse-lite@^1.0.30001759
1215 silly fetch manifest electron-to-chromium@^1.5.263
1216 silly fetch manifest node-releases@^2.0.27
1217 silly fetch manifest update-browserslist-db@^1.2.0
1218 silly placeDep ROOT lru-cache@5.1.1 OK for: @babel/helper-compilation-targets@7.28.6 want: ^5.1.1
1219 silly fetch manifest yallist@^3.0.2
1220 http fetch GET 200 https://registry.npmjs.org/update-browserslist-db 64ms (cache miss)
1221 http fetch GET 200 https://registry.npmjs.org/baseline-browser-mapping 74ms (cache miss)
1222 http fetch GET 200 https://registry.npmjs.org/node-releases 76ms (cache miss)
1223 http fetch GET 200 https://registry.npmjs.org/yallist 90ms (cache miss)
1224 http fetch GET 200 https://registry.npmjs.org/caniuse-lite 128ms (cache miss)
1225 http fetch GET 200 https://registry.npmjs.org/electron-to-chromium 164ms (cache miss)
1226 timing idealTree:node_modules/@babel/helper-compilation-targets Completed in 199ms
1227 timing idealTree:node_modules/@babel/compat-data Completed in 0ms
1228 silly placeDep ROOT @babel/helper-module-imports@7.28.6 OK for: @babel/helper-module-transforms@7.28.6 want: ^7.28.6
1229 timing idealTree:node_modules/@babel/helper-module-transforms Completed in 3ms
1230 timing idealTree:node_modules/@babel/helper-module-imports Completed in 0ms
1231 timing idealTree:node_modules/@babel/helper-validator-identifier Completed in 0ms
1232 timing idealTree:node_modules/@babel/helper-validator-option Completed in 0ms
1233 timing idealTree:node_modules/@babel/helpers Completed in 0ms
1234 timing idealTree:node_modules/@babel/parser Completed in 0ms
1235 timing idealTree:node_modules/@babel/template Completed in 0ms
1236 silly placeDep ROOT @babel/helper-globals@7.28.0 OK for: @babel/traverse@7.28.6 want: ^7.28.0
1237 timing idealTree:node_modules/@babel/traverse Completed in 2ms
1238 timing idealTree:node_modules/@babel/helper-globals Completed in 0ms
1239 silly placeDep ROOT @babel/helper-string-parser@7.27.1 OK for: @babel/types@7.28.6 want: ^7.27.1
1240 timing idealTree:node_modules/@babel/types Completed in 2ms
1241 timing idealTree:node_modules/@babel/helper-string-parser Completed in 0ms
1242 silly placeDep ROOT @jest/schemas@29.6.3 OK for: @jest/types@29.6.3 want: ^29.6.3
1243 silly fetch manifest @sinclair/typebox@^0.27.8
1244 silly placeDep ROOT @types/istanbul-reports@3.0.4 OK for: @jest/types@29.6.3 want: ^3.0.0
1245 silly fetch manifest @types/istanbul-lib-report@*
1246 silly placeDep ROOT @types/yargs@17.0.35 OK for: @jest/types@29.6.3 want: ^17.0.8
1247 silly fetch manifest @types/yargs-parser@*
1248 http fetch GET 200 https://registry.npmjs.org/@types%2fistanbul-lib-report 100ms (cache miss)
1249 http fetch GET 200 https://registry.npmjs.org/@sinclair%2ftypebox 102ms (cache miss)
1250 http fetch GET 200 https://registry.npmjs.org/@types%2fyargs-parser 107ms (cache miss)
1251 timing idealTree:node_modules/@jest/types Completed in 118ms
1252 silly placeDep ROOT @sinclair/typebox@0.27.8 OK for: @jest/schemas@29.6.3 want: ^0.27.8
1253 timing idealTree:node_modules/@jest/schemas Completed in 2ms
1254 silly placeDep ROOT @jridgewell/sourcemap-codec@1.5.5 OK for: @jridgewell/gen-mapping@0.3.13 want: ^1.5.0
1255 timing idealTree:node_modules/@jridgewell/gen-mapping Completed in 1ms
1256 timing idealTree:node_modules/@jridgewell/remapping Completed in 0ms
1257 timing idealTree:node_modules/@jridgewell/sourcemap-codec Completed in 0ms
1258 silly placeDep ROOT @jridgewell/resolve-uri@3.1.2 OK for: @jridgewell/trace-mapping@0.3.31 want: ^3.1.0
1259 timing idealTree:node_modules/@jridgewell/trace-mapping Completed in 1ms
1260 timing idealTree:node_modules/@jridgewell/resolve-uri Completed in 0ms
1261 timing idealTree:node_modules/@sinclair/typebox Completed in 0ms
1262 timing idealTree:node_modules/@types/istanbul-lib-coverage Completed in 0ms
1263 silly placeDep ROOT @types/istanbul-lib-report@3.0.3 OK for: @types/istanbul-reports@3.0.4 want: *
1264 timing idealTree:node_modules/@types/istanbul-reports Completed in 3ms
1265 timing idealTree:node_modules/@types/istanbul-lib-report Completed in 0ms
1266 silly placeDep ROOT undici-types@7.16.0 OK for: @types/node@25.0.8 want: ~7.16.0
1267 timing idealTree:node_modules/@types/node Completed in 1ms
1268 silly placeDep ROOT @types/yargs-parser@21.0.3 OK for: @types/yargs@17.0.35 want: *
1269 timing idealTree:node_modules/@types/yargs Completed in 1ms
1270 timing idealTree:node_modules/@types/yargs-parser Completed in 0ms
1271 silly placeDep ROOT @babel/helper-plugin-utils@7.28.6 OK for: babel-plugin-istanbul@6.1.1 want: ^7.0.0
1272 silly placeDep ROOT @istanbuljs/load-nyc-config@1.1.0 OK for: babel-plugin-istanbul@6.1.1 want: ^1.0.0
1273 silly fetch manifest camelcase@^5.3.1
1274 silly fetch manifest find-up@^4.1.0
1275 silly fetch manifest get-package-type@^0.1.0
1276 silly fetch manifest js-yaml@^3.13.1
1277 silly fetch manifest resolve-from@^5.0.0
1278 silly placeDep ROOT @istanbuljs/schema@0.1.3 OK for: babel-plugin-istanbul@6.1.1 want: ^0.1.2
1279 silly placeDep node_modules/babel-plugin-istanbul istanbul-lib-instrument@5.2.1 OK for: babel-plugin-istanbul@6.1.1 want: ^5.0.4
1280 silly placeDep ROOT test-exclude@6.0.0 OK for: babel-plugin-istanbul@6.1.1 want: ^6.0.0
1281 silly fetch manifest minimatch@^3.0.4
1282 http fetch GET 200 https://registry.npmjs.org/js-yaml 68ms (cache miss)
1283 http fetch GET 200 https://registry.npmjs.org/get-package-type 73ms (cache miss)
1284 http fetch GET 200 https://registry.npmjs.org/find-up 88ms (cache miss)
1285 http fetch GET 200 https://registry.npmjs.org/resolve-from 92ms (cache miss)
1286 timing idealTree:node_modules/babel-plugin-istanbul Completed in 98ms
1287 timing idealTree:node_modules/@babel/helper-plugin-utils Completed in 0ms
1288 silly placeDep ROOT camelcase@5.3.1 OK for: @istanbuljs/load-nyc-config@1.1.0 want: ^5.3.1
1289 silly placeDep ROOT find-up@4.1.0 OK for: @istanbuljs/load-nyc-config@1.1.0 want: ^4.1.0
1290 silly fetch manifest locate-path@^5.0.0
1291 silly fetch manifest path-exists@^4.0.0
1292 silly placeDep ROOT get-package-type@0.1.0 OK for: @istanbuljs/load-nyc-config@1.1.0 want: ^0.1.0
1293 silly placeDep ROOT js-yaml@3.14.2 OK for: @istanbuljs/load-nyc-config@1.1.0 want: ^3.13.1
1294 silly fetch manifest esprima@^4.0.0
1295 silly fetch manifest argparse@^1.0.7
1296 silly placeDep ROOT resolve-from@5.0.0 OK for: @istanbuljs/load-nyc-config@1.1.0 want: ^5.0.0
1297 http fetch GET 200 https://registry.npmjs.org/path-exists 51ms (cache miss)
1298 http fetch GET 200 https://registry.npmjs.org/locate-path 51ms (cache miss)
1299 http fetch GET 200 https://registry.npmjs.org/esprima 50ms (cache miss)
1300 http fetch GET 200 https://registry.npmjs.org/argparse 53ms (cache miss)
1301 timing idealTree:node_modules/@istanbuljs/load-nyc-config Completed in 61ms
1302 timing idealTree:node_modules/@istanbuljs/schema Completed in 0ms
1303 silly fetch manifest browserslist@>= 4.21.0
1304 silly placeDep ROOT baseline-browser-mapping@2.9.14 OK for: browserslist@4.28.1 want: ^2.9.0
1305 silly placeDep ROOT caniuse-lite@1.0.30001764 OK for: browserslist@4.28.1 want: ^1.0.30001759
1306 silly placeDep ROOT electron-to-chromium@1.5.267 OK for: browserslist@4.28.1 want: ^1.5.263
1307 silly placeDep ROOT node-releases@2.0.27 OK for: browserslist@4.28.1 want: ^2.0.27
1308 silly placeDep ROOT update-browserslist-db@1.2.3 OK for: browserslist@4.28.1 want: ^1.2.0
1309 silly fetch manifest escalade@^3.2.0
1310 timing idealTree:node_modules/browserslist Completed in 6ms
1311 timing idealTree:node_modules/baseline-browser-mapping Completed in 0ms
1312 timing idealTree:node_modules/camelcase Completed in 0ms
1313 timing idealTree:node_modules/caniuse-lite Completed in 0ms
1314 timing idealTree:node_modules/ci-info Completed in 0ms
1315 timing idealTree:node_modules/collect-v8-coverage Completed in 0ms
1316 timing idealTree:node_modules/convert-source-map Completed in 0ms
1317 silly placeDep ROOT ms@2.1.3 OK for: debug@4.4.3 want: ^2.1.3
1318 timing idealTree:node_modules/debug Completed in 1ms
1319 timing idealTree:node_modules/electron-to-chromium Completed in 0ms
1320 timing idealTree:node_modules/exit Completed in 0ms
1321 timing idealTree:node_modules/fast-json-stable-stringify Completed in 0ms
1322 silly placeDep ROOT locate-path@5.0.0 OK for: find-up@4.1.0 want: ^5.0.0
1323 silly fetch manifest p-locate@^4.1.0
1324 silly placeDep ROOT path-exists@4.0.0 OK for: find-up@4.1.0 want: ^4.0.0
1325 http fetch GET 200 https://registry.npmjs.org/p-locate 50ms (cache miss)
1326 timing idealTree:node_modules/find-up Completed in 53ms
1327 timing idealTree:node_modules/gensync Completed in 0ms
1328 timing idealTree:node_modules/get-package-type Completed in 0ms
1329 silly placeDep ROOT fs.realpath@1.0.0 OK for: glob@7.2.3 want: ^1.0.0
1330 silly placeDep ROOT inflight@1.0.6 OK for: glob@7.2.3 want: ^1.0.4
1331 silly fetch manifest wrappy@1
1332 silly placeDep ROOT inherits@2.0.4 OK for: glob@7.2.3 want: 2
1333 silly placeDep ROOT minimatch@3.1.2 OK for: glob@7.2.3 want: ^3.1.1
1334 silly fetch manifest brace-expansion@^1.1.7
1335 silly placeDep ROOT once@1.4.0 OK for: glob@7.2.3 want: ^1.3.0
1336 silly placeDep ROOT path-is-absolute@1.0.1 OK for: glob@7.2.3 want: ^1.0.0
1337 http fetch GET 200 https://registry.npmjs.org/wrappy 66ms (cache miss)
1338 http fetch GET 200 https://registry.npmjs.org/brace-expansion 109ms (cache miss)
1339 timing idealTree:node_modules/glob Completed in 115ms
1340 timing idealTree:node_modules/fs.realpath Completed in 0ms
1341 timing idealTree:node_modules/graceful-fs Completed in 0ms
1342 silly placeDep ROOT pkg-dir@4.2.0 OK for: import-local@3.2.0 want: ^4.2.0
1343 silly placeDep ROOT resolve-cwd@3.0.0 OK for: import-local@3.2.0 want: ^3.0.0
1344 timing idealTree:node_modules/import-local Completed in 2ms
1345 silly placeDep ROOT wrappy@1.0.2 OK for: inflight@1.0.6 want: 1
1346 timing idealTree:node_modules/inflight Completed in 1ms
1347 timing idealTree:node_modules/inherits Completed in 0ms
1348 timing idealTree:node_modules/istanbul-lib-coverage Completed in 0ms
1349 silly placeDep node_modules/istanbul-lib-instrument semver@7.7.3 OK for: istanbul-lib-instrument@6.0.3 want: ^7.5.4
1350 timing idealTree:node_modules/istanbul-lib-instrument Completed in 1ms
1351 silly placeDep ROOT make-dir@4.0.0 OK for: istanbul-lib-report@3.0.1 want: ^4.0.0
1352 timing idealTree:node_modules/istanbul-lib-report Completed in 1ms
1353 silly placeDep ROOT source-map@0.6.1 OK for: istanbul-lib-source-maps@4.0.1 want: ^0.6.1
1354 timing idealTree:node_modules/istanbul-lib-source-maps Completed in 1ms
1355 silly placeDep ROOT html-escaper@2.0.2 OK for: istanbul-reports@3.2.0 want: ^2.0.0
1356 timing idealTree:node_modules/istanbul-reports Completed in 1ms
1357 timing idealTree:node_modules/html-escaper Completed in 0ms
1358 silly placeDep ROOT execa@5.1.1 OK for: jest-changed-files@29.7.0 want: ^5.0.0
1359 silly fetch manifest onetime@^5.1.2
1360 silly fetch manifest get-stream@^6.0.0
1361 silly fetch manifest cross-spawn@^7.0.3
1362 silly fetch manifest signal-exit@^3.0.3
1363 silly fetch manifest npm-run-path@^4.0.1
1364 silly fetch manifest human-signals@^2.1.0
1365 silly fetch manifest strip-final-newline@^2.0.0
1366 silly placeDep ROOT p-limit@3.1.0 OK for: jest-changed-files@29.7.0 want: ^3.1.0
1367 silly fetch manifest yocto-queue@^0.1.0
1368 http fetch GET 200 https://registry.npmjs.org/human-signals 50ms (cache miss)
1369 http fetch GET 200 https://registry.npmjs.org/strip-final-newline 50ms (cache miss)
1370 http fetch GET 200 https://registry.npmjs.org/get-stream 77ms (cache miss)
1371 http fetch GET 200 https://registry.npmjs.org/npm-run-path 76ms (cache miss)
1372 http fetch GET 200 https://registry.npmjs.org/onetime 93ms (cache miss)
1373 http fetch GET 200 https://registry.npmjs.org/cross-spawn 92ms (cache miss)
1374 http fetch GET 200 https://registry.npmjs.org/yocto-queue 73ms (cache miss)
1375 timing idealTree:node_modules/jest-changed-files Completed in 97ms
1376 silly placeDep ROOT cross-spawn@7.0.6 OK for: execa@5.1.1 want: ^7.0.3
1377 silly fetch manifest which@^2.0.1
1378 silly fetch manifest path-key@^3.1.0
1379 silly fetch manifest shebang-command@^2.0.0
1380 silly placeDep ROOT get-stream@6.0.1 OK for: execa@5.1.1 want: ^6.0.0
1381 silly placeDep ROOT human-signals@2.1.0 OK for: execa@5.1.1 want: ^2.1.0
1382 silly placeDep ROOT is-stream@2.0.1 OK for: execa@5.1.1 want: ^2.0.0
1383 silly placeDep ROOT merge-stream@2.0.0 OK for: execa@5.1.1 want: ^2.0.0
1384 silly placeDep ROOT npm-run-path@4.0.1 OK for: execa@5.1.1 want: ^4.0.1
1385 silly fetch manifest path-key@^3.0.0
1386 silly placeDep ROOT onetime@5.1.2 OK for: execa@5.1.1 want: ^5.1.2
1387 silly fetch manifest mimic-fn@^2.1.0
1388 silly placeDep ROOT signal-exit@3.0.7 OK for: execa@5.1.1 want: ^3.0.3
1389 silly placeDep ROOT strip-final-newline@2.0.0 OK for: execa@5.1.1 want: ^2.0.0
1390 http fetch GET 200 https://registry.npmjs.org/path-key 71ms (cache miss)
1391 http fetch GET 200 https://registry.npmjs.org/shebang-command 79ms (cache miss)
1392 http fetch GET 200 https://registry.npmjs.org/which 81ms (cache miss)
1393 http fetch GET 200 https://registry.npmjs.org/mimic-fn 76ms (cache miss)
1394 http fetch GET 200 https://registry.npmjs.org/path-key 91ms (cache miss)
1395 timing idealTree:node_modules/execa Completed in 100ms
1396 silly placeDep ROOT path-key@3.1.1 OK for: cross-spawn@7.0.6 want: ^3.1.0
1397 silly placeDep ROOT shebang-command@2.0.0 OK for: cross-spawn@7.0.6 want: ^2.0.0
1398 silly fetch manifest shebang-regex@^3.0.0
1399 silly placeDep ROOT which@2.0.2 OK for: cross-spawn@7.0.6 want: ^2.0.1
1400 silly fetch manifest isexe@^2.0.0
1401 http fetch GET 200 https://registry.npmjs.org/shebang-regex 71ms (cache miss)
1402 http fetch GET 200 https://registry.npmjs.org/isexe 96ms (cache miss)
1403 timing idealTree:node_modules/cross-spawn Completed in 101ms
1404 timing idealTree:node_modules/get-stream Completed in 0ms
1405 timing idealTree:node_modules/human-signals Completed in 0ms
1406 timing idealTree:node_modules/is-stream Completed in 0ms
1407 silly placeDep ROOT create-jest@29.7.0 OK for: jest-cli@29.7.0 want: ^29.7.0
1408 silly fetch manifest prompts@^2.0.1
1409 http fetch GET 200 https://registry.npmjs.org/prompts 69ms (cache miss)
1410 timing idealTree:node_modules/jest-cli Completed in 71ms
1411 silly placeDep ROOT prompts@2.4.2 OK for: create-jest@29.7.0 want: ^2.0.1
1412 silly fetch manifest kleur@^3.0.3
1413 silly fetch manifest sisteransi@^1.0.5
1414 http fetch GET 200 https://registry.npmjs.org/sisteransi 51ms (cache miss)
1415 http fetch GET 200 https://registry.npmjs.org/kleur 67ms (cache miss)
1416 timing idealTree:node_modules/create-jest Completed in 69ms
1417 silly placeDep ROOT @jest/test-sequencer@29.7.0 OK for: jest-config@29.7.0 want: ^29.7.0
1418 silly placeDep ROOT babel-jest@29.7.0 OK for: jest-config@29.7.0 want: ^29.7.0
1419 silly fetch manifest babel-preset-jest@^29.6.3
1420 silly fetch manifest @types/babel__core@^7.1.14
1421 silly placeDep ROOT deepmerge@4.3.1 OK for: jest-config@29.7.0 want: ^4.2.2
1422 silly placeDep ROOT jest-circus@29.7.0 OK for: jest-config@29.7.0 want: ^29.7.0
1423 silly fetch manifest co@^4.6.0
1424 silly fetch manifest dedent@^1.0.0
1425 silly fetch manifest jest-each@^29.7.0
1426 silly fetch manifest pure-rand@^6.0.0
1427 silly fetch manifest @jest/expect@^29.7.0
1428 silly fetch manifest is-generator-fn@^2.0.0
1429 silly placeDep ROOT jest-environment-node@29.7.0 OK for: jest-config@29.7.0 want: ^29.7.0
1430 silly placeDep ROOT jest-get-type@29.6.3 OK for: jest-config@29.7.0 want: ^29.6.3
1431 silly placeDep ROOT parse-json@5.2.0 OK for: jest-config@29.7.0 want: ^5.2.0
1432 silly fetch manifest error-ex@^1.3.1
1433 silly fetch manifest lines-and-columns@^1.1.6
1434 silly fetch manifest json-parse-even-better-errors@^2.3.0
1435 silly placeDep ROOT strip-json-comments@3.1.1 OK for: jest-config@29.7.0 want: ^3.1.1
1436 http fetch GET 200 https://registry.npmjs.org/error-ex 59ms (cache miss)
1437 http fetch GET 200 https://registry.npmjs.org/is-generator-fn 63ms (cache miss)
1438 http fetch GET 200 https://registry.npmjs.org/json-parse-even-better-errors 58ms (cache miss)
1439 http fetch GET 200 https://registry.npmjs.org/co 92ms (cache miss)
1440 http fetch GET 200 https://registry.npmjs.org/lines-and-columns 60ms (cache miss)
1441 http fetch GET 200 https://registry.npmjs.org/babel-preset-jest 134ms (cache miss)
1442 http fetch GET 200 https://registry.npmjs.org/@types%2fbabel__core 137ms (cache miss)
1443 http fetch GET 200 https://registry.npmjs.org/dedent 134ms (cache miss)
1444 http fetch GET 200 https://registry.npmjs.org/@jest%2fexpect 133ms (cache miss)
1445 http fetch GET 200 https://registry.npmjs.org/pure-rand 135ms (cache miss)
1446 http fetch GET 200 https://registry.npmjs.org/jest-each 151ms (cache miss)
1447 timing idealTree:node_modules/jest-config Completed in 165ms
1448 timing idealTree:node_modules/@jest/test-sequencer Completed in 0ms
1449 silly fetch manifest @babel/core@^7.8.0
1450 silly placeDep ROOT @types/babel__core@7.20.5 OK for: babel-jest@29.7.0 want: ^7.1.14
1451 silly fetch manifest @types/babel__template@*
1452 silly fetch manifest @types/babel__traverse@*
1453 silly fetch manifest @types/babel__generator@*
1454 silly placeDep ROOT babel-preset-jest@29.6.3 OK for: babel-jest@29.7.0 want: ^29.6.3
1455 silly fetch manifest babel-plugin-jest-hoist@^29.6.3
1456 http fetch GET 200 https://registry.npmjs.org/babel-plugin-jest-hoist 46ms (cache miss)
1457 http fetch GET 200 https://registry.npmjs.org/@types%2fbabel__generator 52ms (cache miss)
1458 http fetch GET 200 https://registry.npmjs.org/@types%2fbabel__traverse 58ms (cache miss)
1459 http fetch GET 200 https://registry.npmjs.org/@types%2fbabel__template 65ms (cache miss)
1460 timing idealTree:node_modules/babel-jest Completed in 69ms
1461 silly placeDep ROOT @types/babel__generator@7.27.0 OK for: @types/babel__core@7.20.5 want: *
1462 silly placeDep ROOT @types/babel__template@7.4.4 OK for: @types/babel__core@7.20.5 want: *
1463 silly placeDep ROOT @types/babel__traverse@7.28.0 OK for: @types/babel__core@7.20.5 want: *
1464 timing idealTree:node_modules/@types/babel__core Completed in 3ms
1465 timing idealTree:node_modules/@types/babel__generator Completed in 0ms
1466 timing idealTree:node_modules/@types/babel__template Completed in 0ms
1467 timing idealTree:node_modules/@types/babel__traverse Completed in 0ms
1468 silly placeDep ROOT babel-plugin-jest-hoist@29.6.3 OK for: babel-preset-jest@29.6.3 want: ^29.6.3
1469 silly placeDep ROOT babel-preset-current-node-syntax@1.2.0 OK for: babel-preset-jest@29.6.3 want: ^1.0.0
1470 silly fetch manifest @babel/plugin-syntax-async-generators@^7.8.4
1471 silly fetch manifest @babel/plugin-syntax-bigint@^7.8.3
1472 silly fetch manifest @babel/plugin-syntax-class-properties@^7.12.13
1473 silly fetch manifest @babel/plugin-syntax-class-static-block@^7.14.5
1474 silly fetch manifest @babel/plugin-syntax-import-attributes@^7.24.7
1475 silly fetch manifest @babel/plugin-syntax-import-meta@^7.10.4
1476 silly fetch manifest @babel/plugin-syntax-json-strings@^7.8.3
1477 silly fetch manifest @babel/plugin-syntax-logical-assignment-operators@^7.10.4
1478 silly fetch manifest @babel/plugin-syntax-nullish-coalescing-operator@^7.8.3
1479 silly fetch manifest @babel/plugin-syntax-numeric-separator@^7.10.4
1480 silly fetch manifest @babel/plugin-syntax-object-rest-spread@^7.8.3
1481 silly fetch manifest @babel/plugin-syntax-optional-catch-binding@^7.8.3
1482 silly fetch manifest @babel/plugin-syntax-optional-chaining@^7.8.3
1483 silly fetch manifest @babel/plugin-syntax-private-property-in-object@^7.14.5
1484 silly fetch manifest @babel/plugin-syntax-top-level-await@^7.14.5
1485 http fetch GET 200 https://registry.npmjs.org/@babel%2fplugin-syntax-class-static-block 94ms (cache miss)
1486 http fetch GET 200 https://registry.npmjs.org/@babel%2fplugin-syntax-nullish-coalescing-operator 91ms (cache miss)
1487 http fetch GET 200 https://registry.npmjs.org/@babel%2fplugin-syntax-class-properties 99ms (cache miss)
1488 http fetch GET 200 https://registry.npmjs.org/@babel%2fplugin-syntax-top-level-await 128ms (cache miss)
1489 http fetch GET 200 https://registry.npmjs.org/@babel%2fplugin-syntax-json-strings 151ms (cache miss)
1490 http fetch GET 200 https://registry.npmjs.org/@babel%2fplugin-syntax-logical-assignment-operators 151ms (cache miss)
1491 http fetch GET 200 https://registry.npmjs.org/@babel%2fplugin-syntax-object-rest-spread 133ms (cache miss)
1492 http fetch GET 200 https://registry.npmjs.org/@babel%2fplugin-syntax-numeric-separator 135ms (cache miss)
1493 http fetch GET 200 https://registry.npmjs.org/@babel%2fplugin-syntax-bigint 157ms (cache miss)
1494 http fetch GET 200 https://registry.npmjs.org/@babel%2fplugin-syntax-import-meta 155ms (cache miss)
1495 http fetch GET 200 https://registry.npmjs.org/@babel%2fplugin-syntax-private-property-in-object 134ms (cache miss)
1496 http fetch GET 200 https://registry.npmjs.org/@babel%2fplugin-syntax-import-attributes 157ms (cache miss)
1497 http fetch GET 200 https://registry.npmjs.org/@babel%2fplugin-syntax-optional-catch-binding 136ms (cache miss)
1498 http fetch GET 200 https://registry.npmjs.org/@babel%2fplugin-syntax-async-generators 161ms (cache miss)
1499 http fetch GET 200 https://registry.npmjs.org/@babel%2fplugin-syntax-optional-chaining 136ms (cache miss)
1500 timing idealTree:node_modules/babel-preset-jest Completed in 167ms
1501 timing idealTree:node_modules/babel-plugin-jest-hoist Completed in 0ms
1502 silly fetch manifest @babel/core@^7.0.0 || ^8.0.0-0
1503 silly placeDep ROOT @babel/plugin-syntax-async-generators@7.8.4 OK for: babel-preset-current-node-syntax@1.2.0 want: ^7.8.4
1504 silly placeDep ROOT @babel/plugin-syntax-bigint@7.8.3 OK for: babel-preset-current-node-syntax@1.2.0 want: ^7.8.3
1505 silly placeDep ROOT @babel/plugin-syntax-class-properties@7.12.13 OK for: babel-preset-current-node-syntax@1.2.0 want: ^7.12.13
1506 silly placeDep ROOT @babel/plugin-syntax-class-static-block@7.14.5 OK for: babel-preset-current-node-syntax@1.2.0 want: ^7.14.5
1507 silly placeDep ROOT @babel/plugin-syntax-import-attributes@7.28.6 OK for: babel-preset-current-node-syntax@1.2.0 want: ^7.24.7
1508 silly placeDep ROOT @babel/plugin-syntax-import-meta@7.10.4 OK for: babel-preset-current-node-syntax@1.2.0 want: ^7.10.4
1509 silly placeDep ROOT @babel/plugin-syntax-json-strings@7.8.3 OK for: babel-preset-current-node-syntax@1.2.0 want: ^7.8.3
1510 silly placeDep ROOT @babel/plugin-syntax-logical-assignment-operators@7.10.4 OK for: babel-preset-current-node-syntax@1.2.0 want: ^7.10.4
1511 silly placeDep ROOT @babel/plugin-syntax-nullish-coalescing-operator@7.8.3 OK for: babel-preset-current-node-syntax@1.2.0 want: ^7.8.3
1512 silly placeDep ROOT @babel/plugin-syntax-numeric-separator@7.10.4 OK for: babel-preset-current-node-syntax@1.2.0 want: ^7.10.4
1513 silly placeDep ROOT @babel/plugin-syntax-object-rest-spread@7.8.3 OK for: babel-preset-current-node-syntax@1.2.0 want: ^7.8.3
1514 silly placeDep ROOT @babel/plugin-syntax-optional-catch-binding@7.8.3 OK for: babel-preset-current-node-syntax@1.2.0 want: ^7.8.3
1515 silly placeDep ROOT @babel/plugin-syntax-optional-chaining@7.8.3 OK for: babel-preset-current-node-syntax@1.2.0 want: ^7.8.3
1516 silly placeDep ROOT @babel/plugin-syntax-private-property-in-object@7.14.5 OK for: babel-preset-current-node-syntax@1.2.0 want: ^7.14.5
1517 silly placeDep ROOT @babel/plugin-syntax-top-level-await@7.14.5 OK for: babel-preset-current-node-syntax@1.2.0 want: ^7.14.5
1518 timing idealTree:node_modules/babel-preset-current-node-syntax Completed in 28ms
1519 timing idealTree:node_modules/@babel/plugin-syntax-async-generators Completed in 0ms
1520 timing idealTree:node_modules/@babel/plugin-syntax-bigint Completed in 0ms
1521 timing idealTree:node_modules/@babel/plugin-syntax-class-properties Completed in 0ms
1522 timing idealTree:node_modules/@babel/plugin-syntax-class-static-block Completed in 0ms
1523 timing idealTree:node_modules/@babel/plugin-syntax-import-attributes Completed in 0ms
1524 timing idealTree:node_modules/@babel/plugin-syntax-import-meta Completed in 0ms
1525 timing idealTree:node_modules/@babel/plugin-syntax-json-strings Completed in 0ms
1526 timing idealTree:node_modules/@babel/plugin-syntax-logical-assignment-operators Completed in 0ms
1527 timing idealTree:node_modules/@babel/plugin-syntax-nullish-coalescing-operator Completed in 0ms
1528 timing idealTree:node_modules/@babel/plugin-syntax-numeric-separator Completed in 0ms
1529 timing idealTree:node_modules/@babel/plugin-syntax-object-rest-spread Completed in 0ms
1530 timing idealTree:node_modules/@babel/plugin-syntax-optional-catch-binding Completed in 0ms
1531 timing idealTree:node_modules/@babel/plugin-syntax-optional-chaining Completed in 0ms
1532 timing idealTree:node_modules/@babel/plugin-syntax-private-property-in-object Completed in 0ms
1533 timing idealTree:node_modules/@babel/plugin-syntax-top-level-await Completed in 0ms
1534 timing idealTree:node_modules/deepmerge Completed in 0ms
1535 silly fetch manifest babel-plugin-macros@^3.1.0
1536 http fetch GET 200 https://registry.npmjs.org/babel-plugin-macros 61ms (cache miss)
1537 silly placeDep ROOT @jest/environment@29.7.0 OK for: jest-circus@29.7.0 want: ^29.7.0
1538 silly placeDep ROOT @jest/expect@29.7.0 OK for: jest-circus@29.7.0 want: ^29.7.0
1539 silly placeDep ROOT co@4.6.0 OK for: jest-circus@29.7.0 want: ^4.6.0
1540 silly placeDep ROOT dedent@1.7.1 OK for: jest-circus@29.7.0 want: ^1.0.0
1541 silly placeDep ROOT is-generator-fn@2.1.0 OK for: jest-circus@29.7.0 want: ^2.0.0
1542 silly placeDep ROOT jest-each@29.7.0 OK for: jest-circus@29.7.0 want: ^29.7.0
1543 silly placeDep ROOT jest-matcher-utils@29.7.0 OK for: jest-circus@29.7.0 want: ^29.7.0
1544 silly placeDep ROOT pure-rand@6.1.0 OK for: jest-circus@29.7.0 want: ^6.0.0
1545 silly placeDep ROOT stack-utils@2.0.6 OK for: jest-circus@29.7.0 want: ^2.0.3
1546 silly fetch manifest escape-string-regexp@^2.0.0
1547 http fetch GET 200 https://registry.npmjs.org/escape-string-regexp 73ms (cache miss)
1548 timing idealTree:node_modules/jest-circus Completed in 146ms
1549 silly placeDep ROOT @jest/fake-timers@29.7.0 OK for: @jest/environment@29.7.0 want: ^29.7.0
1550 silly fetch manifest @sinonjs/fake-timers@^10.0.2
1551 silly placeDep ROOT jest-mock@29.7.0 OK for: @jest/environment@29.7.0 want: ^29.7.0
1552 http fetch GET 200 https://registry.npmjs.org/@sinonjs%2ffake-timers 95ms (cache miss)
1553 timing idealTree:node_modules/@jest/environment Completed in 99ms
1554 silly placeDep ROOT expect@29.7.0 OK for: @jest/expect@29.7.0 want: ^29.7.0
1555 timing idealTree:node_modules/@jest/expect Completed in 2ms
1556 silly placeDep ROOT @sinonjs/fake-timers@10.3.0 OK for: @jest/fake-timers@29.7.0 want: ^10.0.2
1557 silly fetch manifest @sinonjs/commons@^3.0.0
1558 http fetch GET 200 https://registry.npmjs.org/@sinonjs%2fcommons 73ms (cache miss)
1559 timing idealTree:node_modules/@jest/fake-timers Completed in 76ms
1560 silly placeDep ROOT @sinonjs/commons@3.0.1 OK for: @sinonjs/fake-timers@10.3.0 want: ^3.0.0
1561 silly fetch manifest type-detect@4.0.8
1562 http fetch GET 200 https://registry.npmjs.org/type-detect 45ms (cache miss)
1563 timing idealTree:node_modules/@sinonjs/fake-timers Completed in 47ms
1564 silly placeDep ROOT type-detect@4.0.8 OK for: @sinonjs/commons@3.0.1 want: 4.0.8
1565 timing idealTree:node_modules/@sinonjs/commons Completed in 1ms
1566 timing idealTree:node_modules/co Completed in 0ms
1567 timing idealTree:node_modules/dedent Completed in 0ms
1568 silly placeDep ROOT @jest/expect-utils@29.7.0 OK for: expect@29.7.0 want: ^29.7.0
1569 timing idealTree:node_modules/expect Completed in 2ms
1570 timing idealTree:node_modules/@jest/expect-utils Completed in 0ms
1571 timing idealTree:node_modules/is-generator-fn Completed in 0ms
1572 timing idealTree:node_modules/jest-each Completed in 0ms
1573 timing idealTree:node_modules/jest-environment-node Completed in 0ms
1574 timing idealTree:node_modules/jest-get-type Completed in 0ms
1575 silly placeDep ROOT @types/graceful-fs@4.1.9 OK for: jest-haste-map@29.7.0 want: ^4.1.3
1576 silly placeDep ROOT anymatch@3.1.3 OK for: jest-haste-map@29.7.0 want: ^3.0.3
1577 silly fetch manifest picomatch@^2.0.4
1578 silly fetch manifest normalize-path@^3.0.0
1579 silly placeDep ROOT fb-watchman@2.0.2 OK for: jest-haste-map@29.7.0 want: ^2.0.0
1580 silly fetch manifest bser@2.1.1
1581 silly placeDep ROOT fsevents@2.3.3 OK for: jest-haste-map@29.7.0 want: ^2.3.2
1582 silly placeDep ROOT walker@1.0.8 OK for: jest-haste-map@29.7.0 want: ^1.0.8
1583 silly fetch manifest makeerror@1.0.12
1584 http fetch GET 200 https://registry.npmjs.org/makeerror 43ms (cache miss)
1585 http fetch GET 200 https://registry.npmjs.org/normalize-path 55ms (cache miss)
1586 http fetch GET 200 https://registry.npmjs.org/bser 58ms (cache miss)
1587 timing idealTree:node_modules/jest-haste-map Completed in 63ms
1588 timing idealTree:node_modules/@types/graceful-fs Completed in 0ms
1589 silly placeDep ROOT normalize-path@3.0.0 OK for: anymatch@3.1.3 want: ^3.0.0
1590 silly placeDep ROOT picomatch@2.3.1 OK for: anymatch@3.1.3 want: ^2.0.4
1591 timing idealTree:node_modules/anymatch Completed in 2ms
1592 silly placeDep ROOT bser@2.1.1 OK for: fb-watchman@2.0.2 want: 2.1.1
1593 silly fetch manifest node-int64@^0.4.0
1594 http fetch GET 200 https://registry.npmjs.org/node-int64 63ms (cache miss)
1595 timing idealTree:node_modules/fb-watchman Completed in 65ms
1596 silly placeDep ROOT node-int64@0.4.0 OK for: bser@2.1.1 want: ^0.4.0
1597 timing idealTree:node_modules/bser Completed in 1ms
1598 timing idealTree:node_modules/fsevents Completed in 0ms
1599 silly placeDep ROOT jest-diff@29.7.0 OK for: jest-matcher-utils@29.7.0 want: ^29.7.0
1600 silly fetch manifest diff-sequences@^29.6.3
1601 http fetch GET 200 https://registry.npmjs.org/diff-sequences 49ms (cache miss)
1602 timing idealTree:node_modules/jest-matcher-utils Completed in 52ms
1603 silly placeDep ROOT diff-sequences@29.6.3 OK for: jest-diff@29.7.0 want: ^29.6.3
1604 timing idealTree:node_modules/jest-diff Completed in 1ms
1605 timing idealTree:node_modules/diff-sequences Completed in 0ms
1606 silly placeDep ROOT @types/stack-utils@2.0.3 OK for: jest-message-util@29.7.0 want: ^2.0.0
1607 timing idealTree:node_modules/jest-message-util Completed in 1ms
1608 timing idealTree:node_modules/@types/stack-utils Completed in 0ms
1609 timing idealTree:node_modules/jest-mock Completed in 0ms
1610 timing idealTree:node_modules/jest-regex-util Completed in 0ms
1611 silly fetch manifest jest-resolve@*
1612 silly placeDep ROOT jest-pnp-resolver@1.2.3 OK for: jest-resolve@29.7.0 want: ^1.2.2
1613 silly placeDep ROOT resolve@1.22.11 OK for: jest-resolve@29.7.0 want: ^1.20.0
1614 silly fetch manifest is-core-module@^2.16.1
1615 silly fetch manifest path-parse@^1.0.7
1616 silly fetch manifest supports-preserve-symlinks-flag@^1.0.0
1617 silly placeDep ROOT resolve.exports@2.0.3 OK for: jest-resolve@29.7.0 want: ^2.0.0
1618 http fetch GET 200 https://registry.npmjs.org/supports-preserve-symlinks-flag 60ms (cache miss)
1619 http fetch GET 200 https://registry.npmjs.org/path-parse 60ms (cache miss)
1620 http fetch GET 200 https://registry.npmjs.org/is-core-module 70ms (cache miss)
1621 timing idealTree:node_modules/jest-resolve Completed in 74ms
1622 timing idealTree:node_modules/jest-pnp-resolver Completed in 0ms
1623 timing idealTree:node_modules/jest-resolve-dependencies Completed in 0ms
1624 silly placeDep ROOT emittery@0.13.1 OK for: jest-runner@29.7.0 want: ^0.13.1
1625 silly placeDep ROOT jest-docblock@29.7.0 OK for: jest-runner@29.7.0 want: ^29.7.0
1626 silly fetch manifest detect-newline@^3.0.0
1627 silly placeDep ROOT jest-leak-detector@29.7.0 OK for: jest-runner@29.7.0 want: ^29.7.0
1628 silly placeDep node_modules/jest-runner source-map-support@0.5.13 OK for: jest-runner@29.7.0 want: 0.5.13
1629 http fetch GET 200 https://registry.npmjs.org/detect-newline 42ms (cache miss)
1630 timing idealTree:node_modules/jest-runner Completed in 46ms
1631 timing idealTree:node_modules/emittery Completed in 0ms
1632 silly placeDep ROOT detect-newline@3.1.0 OK for: jest-docblock@29.7.0 want: ^3.0.0
1633 timing idealTree:node_modules/jest-docblock Completed in 1ms
1634 timing idealTree:node_modules/detect-newline Completed in 0ms
1635 timing idealTree:node_modules/jest-leak-detector Completed in 0ms
1636 silly placeDep ROOT @jest/globals@29.7.0 OK for: jest-runtime@29.7.0 want: ^29.7.0
1637 silly placeDep ROOT @jest/source-map@29.6.3 OK for: jest-runtime@29.7.0 want: ^29.6.3
1638 silly fetch manifest callsites@^3.0.0
1639 silly placeDep ROOT cjs-module-lexer@1.4.3 OK for: jest-runtime@29.7.0 want: ^1.0.0
1640 silly placeDep ROOT strip-bom@4.0.0 OK for: jest-runtime@29.7.0 want: ^4.0.0
1641 http fetch GET 200 https://registry.npmjs.org/callsites 64ms (cache miss)
1642 timing idealTree:node_modules/jest-runtime Completed in 68ms
1643 timing idealTree:node_modules/@jest/globals Completed in 0ms
1644 silly placeDep ROOT callsites@3.1.0 OK for: @jest/source-map@29.6.3 want: ^3.0.0
1645 timing idealTree:node_modules/@jest/source-map Completed in 1ms
1646 timing idealTree:node_modules/callsites Completed in 0ms
1647 timing idealTree:node_modules/cjs-module-lexer Completed in 0ms
1648 silly placeDep ROOT @babel/plugin-syntax-jsx@7.28.6 OK for: jest-snapshot@29.7.0 want: ^7.7.2
1649 silly placeDep ROOT @babel/plugin-syntax-typescript@7.28.6 OK for: jest-snapshot@29.7.0 want: ^7.7.2
1650 silly placeDep ROOT natural-compare@1.4.0 OK for: jest-snapshot@29.7.0 want: ^1.4.0
1651 silly placeDep node_modules/jest-snapshot semver@7.7.3 OK for: jest-snapshot@29.7.0 want: ^7.5.3
1652 timing idealTree:node_modules/jest-snapshot Completed in 6ms
1653 timing idealTree:node_modules/@babel/plugin-syntax-jsx Completed in 0ms
1654 timing idealTree:node_modules/@babel/plugin-syntax-typescript Completed in 0ms
1655 timing idealTree:node_modules/jest-util Completed in 0ms
1656 silly placeDep node_modules/jest-validate camelcase@6.3.0 OK for: jest-validate@29.7.0 want: ^6.2.0
1657 silly placeDep ROOT leven@3.1.0 OK for: jest-validate@29.7.0 want: ^3.1.0
1658 timing idealTree:node_modules/jest-validate Completed in 2ms
1659 timing idealTree:node_modules/jest-watcher Completed in 0ms
1660 silly placeDep node_modules/jest-worker supports-color@8.1.1 OK for: jest-worker@29.7.0 want: ^8.0.0
1661 timing idealTree:node_modules/jest-worker Completed in 1ms
1662 timing idealTree:node_modules/js-tokens Completed in 0ms
1663 silly placeDep ROOT argparse@1.0.10 OK for: js-yaml@3.14.2 want: ^1.0.7
1664 silly fetch manifest sprintf-js@~1.0.2
1665 silly placeDep ROOT esprima@4.0.1 OK for: js-yaml@3.14.2 want: ^4.0.0
1666 http fetch GET 200 https://registry.npmjs.org/sprintf-js 60ms (cache miss)
1667 timing idealTree:node_modules/js-yaml Completed in 62ms
1668 silly placeDep ROOT sprintf-js@1.0.3 OK for: argparse@1.0.10 want: ~1.0.2
1669 timing idealTree:node_modules/argparse Completed in 1ms
1670 timing idealTree:node_modules/esprima Completed in 0ms
1671 silly placeDep ROOT xmlcreate@2.0.4 OK for: js2xmlparser@5.0.0 want: ^2.0.4
1672 timing idealTree:node_modules/js2xmlparser Completed in 1ms
1673 timing idealTree:node_modules/jsesc Completed in 0ms
1674 timing idealTree:node_modules/json5 Completed in 0ms
1675 timing idealTree:node_modules/leven Completed in 0ms
1676 silly placeDep ROOT p-locate@4.1.0 OK for: locate-path@5.0.0 want: ^4.1.0
1677 silly fetch manifest p-limit@^2.2.0
1678 timing idealTree:node_modules/locate-path Completed in 2ms
1679 timing idealTree:node_modules/lodash Completed in 0ms
1680 timing idealTree:node_modules/lodash.camelcase Completed in 0ms
1681 timing idealTree:node_modules/long Completed in 0ms
1682 silly placeDep ROOT yallist@3.1.1 OK for: lru-cache@5.1.1 want: ^3.0.2
1683 timing idealTree:node_modules/lru-cache Completed in 1ms
1684 timing idealTree:node_modules/luxon Completed in 0ms
1685 silly placeDep node_modules/make-dir semver@7.7.3 OK for: make-dir@4.0.0 want: ^7.5.3
1686 timing idealTree:node_modules/make-dir Completed in 1ms
1687 timing idealTree:node_modules/math-intrinsics Completed in 0ms
1688 timing idealTree:node_modules/merge-stream Completed in 0ms
1689 silly placeDep ROOT braces@3.0.3 OK for: micromatch@4.0.8 want: ^3.0.3
1690 silly fetch manifest fill-range@^7.1.1
1691 http fetch GET 200 https://registry.npmjs.org/fill-range 64ms (cache miss)
1692 timing idealTree:node_modules/micromatch Completed in 67ms
1693 silly placeDep ROOT fill-range@7.1.1 OK for: braces@3.0.3 want: ^7.1.1
1694 silly fetch manifest to-regex-range@^5.0.1
1695 http fetch GET 200 https://registry.npmjs.org/to-regex-range 40ms (cache miss)
1696 timing idealTree:node_modules/braces Completed in 43ms
1697 silly placeDep ROOT to-regex-range@5.0.1 OK for: fill-range@7.1.1 want: ^5.0.1
1698 silly fetch manifest is-number@^7.0.0
1699 http fetch GET 200 https://registry.npmjs.org/is-number 44ms (cache miss)
1700 timing idealTree:node_modules/fill-range Completed in 46ms
1701 silly placeDep ROOT mime-db@1.52.0 OK for: mime-types@2.1.35 want: 1.52.0
1702 timing idealTree:node_modules/mime-types Completed in 1ms
1703 timing idealTree:node_modules/mime-db Completed in 0ms
1704 silly placeDep ROOT brace-expansion@1.1.12 OK for: minimatch@3.1.2 want: ^1.1.7
1705 silly fetch manifest balanced-match@^1.0.0
1706 silly fetch manifest concat-map@0.0.1
1707 http fetch GET 200 https://registry.npmjs.org/balanced-match 44ms (cache miss)
1708 http fetch GET 200 https://registry.npmjs.org/concat-map 43ms (cache miss)
1709 timing idealTree:node_modules/minimatch Completed in 46ms
1710 silly placeDep ROOT balanced-match@1.0.2 OK for: brace-expansion@1.1.12 want: ^1.0.0
1711 silly placeDep ROOT concat-map@0.0.1 OK for: brace-expansion@1.1.12 want: 0.0.1
1712 timing idealTree:node_modules/brace-expansion Completed in 1ms
1713 timing idealTree:node_modules/balanced-match Completed in 0ms
1714 timing idealTree:node_modules/concat-map Completed in 0ms
1715 timing idealTree:node_modules/ms Completed in 0ms
1716 timing idealTree:node_modules/mustache Completed in 0ms
1717 timing idealTree:node_modules/mute-stream Completed in 0ms
1718 timing idealTree:node_modules/natural-compare Completed in 0ms
1719 silly placeDep node_modules/node-cron uuid@8.3.2 OK for: node-cron@3.0.3 want: 8.3.2
1720 timing idealTree:node_modules/node-cron Completed in 0ms
1721 timing idealTree:node_modules/node-domexception Completed in 0ms
1722 timing idealTree:node_modules/node-int64 Completed in 0ms
1723 silly placeDep ROOT @types/semver@7.7.1 OK for: node-opcua@2.160.0 want: 7.7.1
1724 silly placeDep ROOT node-opcua-address-space@2.160.0 OK for: node-opcua@2.160.0 want: 2.160.0
1725 silly fetch manifest @types/lodash@4.17.22
1726 silly fetch manifest dequeue@^1.0.5
1727 silly fetch manifest node-opcua-address-space-base@2.159.0
1728 silly fetch manifest node-opcua-nodeset-ua@2.159.0
1729 silly fetch manifest node-opcua-xml2json@2.157.0
1730 silly fetch manifest xml-writer@^1.7.0
1731 silly placeDep ROOT node-opcua-address-space-for-conformance-testing@2.160.0 OK for: node-opcua@2.160.0 want: 2.160.0
1732 silly placeDep ROOT node-opcua-aggregates@2.160.0 OK for: node-opcua@2.160.0 want: 2.160.0
1733 silly placeDep ROOT node-opcua-assert@2.157.0 OK for: node-opcua@2.160.0 want: 2.157.0
1734 silly placeDep ROOT node-opcua-basic-types@2.157.0 OK for: node-opcua@2.160.0 want: 2.157.0
1735 silly fetch manifest node-opcua-guid@2.157.0
1736 silly placeDep ROOT node-opcua-binary-stream@2.157.0 OK for: node-opcua@2.160.0 want: 2.157.0
1737 silly placeDep ROOT node-opcua-certificate-manager@2.160.0 OK for: node-opcua@2.160.0 want: 2.160.0
1738 silly fetch manifest env-paths@2.2.1
1739 silly fetch manifest mkdirp@1.0.4
1740 silly placeDep ROOT node-opcua-client-proxy@2.160.0 OK for: node-opcua@2.160.0 want: 2.160.0
1741 silly placeDep ROOT node-opcua-common@2.159.0 OK for: node-opcua@2.160.0 want: 2.159.0
1742 silly placeDep ROOT node-opcua-constants@2.157.0 OK for: node-opcua@2.160.0 want: 2.157.0
1743 silly placeDep ROOT node-opcua-crypto@4.16.1 OK for: node-opcua@2.160.0 want: 4.16.1
1744 silly fetch manifest @peculiar/webcrypto@^1.5.0
1745 silly fetch manifest @peculiar/x509@^1.14.2
1746 silly fetch manifest @types/jsrsasign@^10.5.15
1747 silly fetch manifest @types/sshpk@^1.17.4
1748 silly fetch manifest assert@^2.1.0
1749 silly fetch manifest hexy@0.3.5
1750 silly fetch manifest jsrsasign@^11.1.0
1751 silly fetch manifest sshpk@^1.18.0
1752 silly placeDep ROOT node-opcua-data-access@2.159.0 OK for: node-opcua@2.160.0 want: 2.159.0
1753 silly placeDep ROOT node-opcua-data-model@2.158.0 OK for: node-opcua@2.160.0 want: 2.158.0
1754 silly placeDep ROOT node-opcua-data-value@2.159.0 OK for: node-opcua@2.160.0 want: 2.159.0
1755 silly placeDep ROOT node-opcua-debug@2.157.0 OK for: node-opcua@2.160.0 want: 2.157.0
1756 silly placeDep ROOT node-opcua-enum@2.157.0 OK for: node-opcua@2.160.0 want: 2.157.0
1757 silly placeDep ROOT node-opcua-factory@2.158.0 OK for: node-opcua@2.160.0 want: 2.158.0
1758 silly placeDep ROOT node-opcua-hostname@2.157.0 OK for: node-opcua@2.160.0 want: 2.157.0
1759 silly placeDep ROOT node-opcua-nodeid@2.157.0 OK for: node-opcua@2.160.0 want: 2.157.0
1760 silly placeDep ROOT node-opcua-nodesets@2.157.0 OK for: node-opcua@2.160.0 want: 2.157.0
1761 silly placeDep ROOT node-opcua-numeric-range@2.158.0 OK for: node-opcua@2.160.0 want: 2.158.0
1762 silly placeDep ROOT node-opcua-packet-analyzer@2.158.0 OK for: node-opcua@2.160.0 want: 2.158.0
1763 silly placeDep ROOT node-opcua-secure-channel@2.160.0 OK for: node-opcua@2.160.0 want: 2.160.0
1764 silly fetch manifest backoff@^2.5.0
1765 silly fetch manifest node-opcua-chunkmanager@2.158.0
1766 silly placeDep ROOT node-opcua-server@2.160.0 OK for: node-opcua@2.160.0 want: 2.160.0
1767 silly fetch manifest @types/async@3.2.25
1768 silly placeDep ROOT node-opcua-server-discovery@2.160.0 OK for: node-opcua@2.160.0 want: 2.160.0
1769 silly fetch manifest sterfive-bonjour-service@1.1.4
1770 silly placeDep ROOT node-opcua-service-browse@2.159.0 OK for: node-opcua@2.160.0 want: 2.159.0
1771 silly placeDep ROOT node-opcua-service-call@2.159.0 OK for: node-opcua@2.160.0 want: 2.159.0
1772 silly placeDep ROOT node-opcua-service-discovery@2.159.0 OK for: node-opcua@2.160.0 want: 2.159.0
1773 silly placeDep ROOT node-opcua-service-endpoints@2.159.0 OK for: node-opcua@2.160.0 want: 2.159.0
1774 silly placeDep ROOT node-opcua-service-filter@2.159.0 OK for: node-opcua@2.160.0 want: 2.159.0
1775 silly placeDep ROOT node-opcua-service-history@2.159.0 OK for: node-opcua@2.160.0 want: 2.159.0
1776 silly placeDep ROOT node-opcua-service-node-management@2.159.0 OK for: node-opcua@2.160.0 want: 2.159.0
1777 silly placeDep ROOT node-opcua-service-query@2.159.0 OK for: node-opcua@2.160.0 want: 2.159.0
1778 silly placeDep ROOT node-opcua-service-read@2.159.0 OK for: node-opcua@2.160.0 want: 2.159.0
1779 silly placeDep ROOT node-opcua-service-register-node@2.159.0 OK for: node-opcua@2.160.0 want: 2.159.0
1780 silly placeDep ROOT node-opcua-service-secure-channel@2.159.0 OK for: node-opcua@2.160.0 want: 2.159.0
1781 silly placeDep ROOT node-opcua-service-session@2.159.0 OK for: node-opcua@2.160.0 want: 2.159.0
1782 silly placeDep ROOT node-opcua-service-subscription@2.160.0 OK for: node-opcua@2.160.0 want: 2.160.0
1783 silly placeDep ROOT node-opcua-service-translate-browse-path@2.159.0 OK for: node-opcua@2.160.0 want: 2.159.0
1784 silly placeDep ROOT node-opcua-service-write@2.159.0 OK for: node-opcua@2.160.0 want: 2.159.0
1785 silly placeDep ROOT node-opcua-status-code@2.157.0 OK for: node-opcua@2.160.0 want: 2.157.0
1786 silly placeDep ROOT node-opcua-transport@2.158.0 OK for: node-opcua@2.160.0 want: 2.158.0
1787 silly fetch manifest node-opcua-packet-assembler@2.157.0
1788 silly placeDep ROOT node-opcua-types@2.159.0 OK for: node-opcua@2.160.0 want: 2.159.0
1789 silly placeDep ROOT node-opcua-utils@2.157.0 OK for: node-opcua@2.160.0 want: 2.157.0
1790 silly placeDep ROOT node-opcua-variant@2.159.0 OK for: node-opcua@2.160.0 want: 2.159.0
1791 silly placeDep ROOT node-opcua-vendor-diagnostic@2.160.0 OK for: node-opcua@2.160.0 want: 2.160.0
1792 silly fetch manifest humanize@0.0.9
1793 silly placeDep node_modules/node-opcua semver@7.7.3 OK for: node-opcua@2.160.0 want: ^7.7.3
1794 http fetch GET 200 https://registry.npmjs.org/assert 156ms (cache miss)
1795 http fetch GET 200 https://registry.npmjs.org/env-paths 196ms (cache miss)
1796 http fetch GET 200 https://registry.npmjs.org/@types%2fjsrsasign 160ms (cache miss)
1797 http fetch GET 200 https://registry.npmjs.org/hexy 159ms (cache miss)
1798 http fetch GET 200 https://registry.npmjs.org/mkdirp 209ms (cache miss)
1799 http fetch GET 200 https://registry.npmjs.org/@types%2fsshpk 175ms (cache miss)
1800 http fetch GET 200 https://registry.npmjs.org/@peculiar%2fx509 183ms (cache miss)
1801 http fetch GET 200 https://registry.npmjs.org/@types%2flodash 254ms (cache miss)
1802 http fetch GET 200 https://registry.npmjs.org/backoff 183ms (cache miss)
1803 http fetch GET 200 https://registry.npmjs.org/sshpk 208ms (cache miss)
1804 http fetch GET 200 https://registry.npmjs.org/@peculiar%2fwebcrypto 215ms (cache miss)
1805 http fetch GET 200 https://registry.npmjs.org/jsrsasign 231ms (cache miss)
1806 http fetch GET 200 https://registry.npmjs.org/humanize 142ms (cache miss)
1807 http fetch GET 200 https://registry.npmjs.org/@types%2fasync 205ms (cache miss)
1808 http fetch GET 200 https://registry.npmjs.org/xml-writer 332ms (cache miss)
1809 http fetch GET 200 https://registry.npmjs.org/node-opcua-address-space-base 359ms (cache miss)
1810 http fetch GET 200 https://registry.npmjs.org/node-opcua-nodeset-ua 345ms (cache miss)
1811 http fetch GET 200 https://registry.npmjs.org/dequeue 381ms (cache miss)
1812 http fetch GET 200 https://registry.npmjs.org/node-opcua-guid 358ms (cache miss)
1813 http fetch GET 200 https://registry.npmjs.org/node-opcua-packet-assembler 262ms (cache miss)
1814 http fetch GET 200 https://registry.npmjs.org/sterfive-bonjour-service 300ms (cache miss)
1815 http fetch GET 200 https://registry.npmjs.org/node-opcua-xml2json 400ms (cache miss)
1816 http fetch GET 200 https://registry.npmjs.org/node-opcua-chunkmanager 498ms (cache miss)
1817 timing idealTree:node_modules/node-opcua Completed in 611ms
1818 timing idealTree:node_modules/@types/semver Completed in 0ms
1819 silly placeDep ROOT @types/lodash@4.17.22 OK for: node-opcua-address-space@2.160.0 want: 4.17.22
1820 silly placeDep ROOT dequeue@1.0.5 OK for: node-opcua-address-space@2.160.0 want: ^1.0.5
1821 silly placeDep ROOT node-opcua-address-space-base@2.159.0 OK for: node-opcua-address-space@2.160.0 want: 2.159.0
1822 silly placeDep ROOT node-opcua-client-dynamic-extension-object@2.160.0 OK for: node-opcua-address-space@2.160.0 want: 2.160.0
1823 silly placeDep ROOT node-opcua-date-time@2.157.0 OK for: node-opcua-address-space@2.160.0 want: 2.157.0
1824 silly placeDep ROOT node-opcua-extension-object@2.158.0 OK for: node-opcua-address-space@2.160.0 want: 2.158.0
1825 silly placeDep ROOT node-opcua-nodeset-ua@2.159.0 OK for: node-opcua-address-space@2.160.0 want: 2.159.0
1826 silly placeDep ROOT node-opcua-object-registry@2.157.0 OK for: node-opcua-address-space@2.160.0 want: 2.157.0
1827 silly placeDep ROOT node-opcua-pseudo-session@2.160.0 OK for: node-opcua-address-space@2.160.0 want: 2.160.0
1828 silly placeDep ROOT node-opcua-xml2json@2.157.0 OK for: node-opcua-address-space@2.160.0 want: 2.157.0
1829 silly placeDep node_modules/node-opcua-address-space semver@7.7.3 OK for: node-opcua-address-space@2.160.0 want: ^7.7.3
1830 silly placeDep ROOT thenify-ex@4.4.0 OK for: node-opcua-address-space@2.160.0 want: 4.4.0
1831 silly placeDep ROOT xml-writer@1.7.0 OK for: node-opcua-address-space@2.160.0 want: ^1.7.0
1832 timing idealTree:node_modules/node-opcua-address-space Completed in 17ms
1833 timing idealTree:node_modules/@types/lodash Completed in 0ms
1834 timing idealTree:node_modules/dequeue Completed in 0ms
1835 silly placeDep ROOT node-opcua-schemas@2.159.0 OK for: node-opcua-address-space-base@2.159.0 want: 2.159.0
1836 timing idealTree:node_modules/node-opcua-address-space-base Completed in 2ms
1837 timing idealTree:node_modules/node-opcua-address-space-for-conformance-testing Completed in 0ms
1838 timing idealTree:node_modules/node-opcua-aggregates Completed in 0ms
1839 timing idealTree:node_modules/node-opcua-assert Completed in 0ms
1840 silly placeDep ROOT node-opcua-buffer-utils@2.157.0 OK for: node-opcua-basic-types@2.157.0 want: 2.157.0
1841 silly placeDep ROOT node-opcua-guid@2.157.0 OK for: node-opcua-basic-types@2.157.0 want: 2.157.0
1842 timing idealTree:node_modules/node-opcua-basic-types Completed in 2ms
1843 timing idealTree:node_modules/node-opcua-binary-stream Completed in 0ms
1844 timing idealTree:node_modules/node-opcua-buffer-utils Completed in 0ms
1845 silly placeDep ROOT env-paths@2.2.1 OK for: node-opcua-certificate-manager@2.160.0 want: 2.2.1
1846 silly placeDep ROOT mkdirp@1.0.4 OK for: node-opcua-certificate-manager@2.160.0 want: 1.0.4
1847 silly placeDep ROOT node-opcua-pki@5.7.0 OK for: node-opcua-certificate-manager@2.160.0 want: 5.7.0
1848 silly fetch manifest chokidar@4.0.3
1849 silly fetch manifest progress@^2.0.3
1850 silly fetch manifest rimraf@4.4.1
1851 silly fetch manifest wget-improved-2@^3.3.0
1852 silly fetch manifest yauzl@^3.2.0
1853 http fetch GET 200 https://registry.npmjs.org/progress 43ms (cache miss)
1854 http fetch GET 200 https://registry.npmjs.org/chokidar 46ms (cache miss)
1855 http fetch GET 200 https://registry.npmjs.org/rimraf 49ms (cache miss)
1856 http fetch GET 200 https://registry.npmjs.org/yauzl 77ms (cache miss)
1857 http fetch GET 200 https://registry.npmjs.org/wget-improved-2 172ms (cache miss)
1858 timing idealTree:node_modules/node-opcua-certificate-manager Completed in 199ms
1859 timing idealTree:node_modules/env-paths Completed in 0ms
1860 timing idealTree:node_modules/mkdirp Completed in 0ms
1861 silly placeDep ROOT @ster5/global-mutex@2.0.0 OK for: node-opcua-client@2.160.0 want: ^2.0.0
1862 silly fetch manifest @types/proper-lockfile@^4.1.2
1863 silly placeDep ROOT async@3.2.6 OK for: node-opcua-client@2.160.0 want: ^3.2.6
1864 silly placeDep ROOT node-opcua-alarm-condition@2.160.0 OK for: node-opcua-client@2.160.0 want: 2.160.0
1865 http fetch GET 200 https://registry.npmjs.org/@types%2fproper-lockfile 408ms (cache miss)
1866 timing idealTree:node_modules/node-opcua-client Completed in 412ms
1867 silly placeDep ROOT @types/proper-lockfile@4.1.4 OK for: @ster5/global-mutex@2.0.0 want: ^4.1.2
1868 silly fetch manifest @types/retry@*
1869 silly placeDep ROOT proper-lockfile@4.1.2 OK for: @ster5/global-mutex@2.0.0 want: ^4.1.2
1870 silly fetch manifest retry@^0.12.0
1871 http fetch GET 200 https://registry.npmjs.org/retry 49ms (cache miss)
1872 http fetch GET 200 https://registry.npmjs.org/@types%2fretry 69ms (cache miss)
1873 timing idealTree:node_modules/@ster5/global-mutex Completed in 72ms
1874 silly placeDep ROOT @types/retry@0.12.5 OK for: @types/proper-lockfile@4.1.4 want: *
1875 timing idealTree:node_modules/@types/proper-lockfile Completed in 1ms
1876 timing idealTree:node_modules/@types/retry Completed in 0ms
1877 timing idealTree:node_modules/async Completed in 0ms
1878 timing idealTree:node_modules/node-opcua-alarm-condition Completed in 0ms
1879 silly placeDep ROOT thenify@3.3.1 OK for: node-opcua-client-crawler@2.127.1 want: ^3.3.1
1880 silly fetch manifest any-promise@^1.0.0
1881 http fetch GET 200 https://registry.npmjs.org/any-promise 45ms (cache miss)
1882 timing idealTree:node_modules/node-opcua-client-crawler Completed in 47ms
1883 timing idealTree:node_modules/node-opcua-client-dynamic-extension-object Completed in 0ms
1884 timing idealTree:node_modules/node-opcua-client-proxy Completed in 0ms
1885 timing idealTree:node_modules/node-opcua-common Completed in 0ms
1886 timing idealTree:node_modules/node-opcua-constants Completed in 0ms
1887 silly placeDep ROOT @peculiar/webcrypto@1.5.0 OK for: node-opcua-crypto@4.16.1 want: ^1.5.0
1888 silly fetch manifest tslib@^2.6.2
1889 silly fetch manifest pvtsutils@^1.3.5
1890 silly fetch manifest webcrypto-core@^1.8.0
1891 silly fetch manifest @peculiar/asn1-schema@^2.3.8
1892 silly fetch manifest @peculiar/json-schema@^1.1.12
1893 silly placeDep ROOT @peculiar/x509@1.14.3 OK for: node-opcua-crypto@4.16.1 want: ^1.14.2
1894 silly fetch manifest @peculiar/asn1-cms@^2.6.0
1895 silly fetch manifest @peculiar/asn1-csr@^2.6.0
1896 silly fetch manifest @peculiar/asn1-ecc@^2.6.0
1897 silly fetch manifest @peculiar/asn1-pkcs9@^2.6.0
1898 silly fetch manifest @peculiar/asn1-rsa@^2.6.0
1899 silly fetch manifest @peculiar/asn1-schema@^2.6.0
1900 silly fetch manifest @peculiar/asn1-x509@^2.6.0
1901 silly fetch manifest pvtsutils@^1.3.6
1902 silly fetch manifest tslib@^2.8.1
1903 silly fetch manifest tsyringe@^4.10.0
1904 silly placeDep ROOT @types/jsrsasign@10.5.15 OK for: node-opcua-crypto@4.16.1 want: ^10.5.15
1905 silly placeDep ROOT @types/sshpk@1.17.4 OK for: node-opcua-crypto@4.16.1 want: ^1.17.4
1906 silly fetch manifest @types/asn1@*
1907 silly placeDep ROOT assert@2.1.0 OK for: node-opcua-crypto@4.16.1 want: ^2.1.0
1908 silly fetch manifest util@^0.12.5
1909 silly fetch manifest is-nan@^1.3.2
1910 silly fetch manifest call-bind@^1.0.2
1911 silly fetch manifest object-is@^1.1.5
1912 silly fetch manifest object.assign@^4.1.4
1913 silly placeDep ROOT hexy@0.3.5 OK for: node-opcua-crypto@4.16.1 want: 0.3.5
1914 silly placeDep ROOT jsrsasign@11.1.0 OK for: node-opcua-crypto@4.16.1 want: ^11.1.0
1915 silly placeDep ROOT sshpk@1.18.0 OK for: node-opcua-crypto@4.16.1 want: ^1.18.0
1916 silly fetch manifest asn1@~0.2.3
1917 silly fetch manifest jsbn@~0.1.0
1918 silly fetch manifest getpass@^0.1.1
1919 silly fetch manifest dashdash@^1.12.0
1920 silly fetch manifest ecc-jsbn@~0.1.1
1921 silly fetch manifest tweetnacl@~0.14.0
1922 silly fetch manifest assert-plus@^1.0.0
1923 silly fetch manifest bcrypt-pbkdf@^1.0.0
1924 http fetch GET 200 https://registry.npmjs.org/pvtsutils 116ms (cache miss)
1925 http fetch GET 200 https://registry.npmjs.org/webcrypto-core 139ms (cache miss)
1926 http fetch GET 200 https://registry.npmjs.org/is-nan 112ms (cache miss)
1927 http fetch GET 200 https://registry.npmjs.org/tsyringe 123ms (cache miss)
1928 http fetch GET 200 https://registry.npmjs.org/pvtsutils 167ms (cache miss)
1929 http fetch GET 200 https://registry.npmjs.org/@peculiar%2fasn1-schema 195ms (cache miss)
1930 http fetch GET 200 https://registry.npmjs.org/@types%2fasn1 199ms (cache miss)
1931 http fetch GET 200 https://registry.npmjs.org/@peculiar%2fasn1-csr 226ms (cache miss)
1932 http fetch GET 200 https://registry.npmjs.org/@peculiar%2fasn1-rsa 213ms (cache miss)
1933 http fetch GET 200 https://registry.npmjs.org/asn1 203ms (cache miss)
1934 http fetch GET 200 https://registry.npmjs.org/jsbn 202ms (cache miss)
1935 http fetch GET 200 https://registry.npmjs.org/ecc-jsbn 200ms (cache miss)
1936 http fetch GET 200 https://registry.npmjs.org/object-is 208ms (cache miss)
1937 http fetch GET 200 https://registry.npmjs.org/@peculiar%2fjson-schema 239ms (cache miss)
1938 http fetch GET 200 https://registry.npmjs.org/getpass 205ms (cache miss)
1939 http fetch GET 200 https://registry.npmjs.org/assert-plus 203ms (cache miss)
1940 http fetch GET 200 https://registry.npmjs.org/call-bind 213ms (cache miss)
1941 http fetch GET 200 https://registry.npmjs.org/dashdash 207ms (cache miss)
1942 http fetch GET 200 https://registry.npmjs.org/@peculiar%2fasn1-ecc 241ms (cache miss)
1943 http fetch GET 200 https://registry.npmjs.org/object.assign 213ms (cache miss)
1944 http fetch GET 200 https://registry.npmjs.org/tweetnacl 207ms (cache miss)
1945 http fetch GET 200 https://registry.npmjs.org/@peculiar%2fasn1-x509 224ms (cache miss)
1946 http fetch GET 200 https://registry.npmjs.org/@peculiar%2fasn1-schema 225ms (cache miss)
1947 http fetch GET 200 https://registry.npmjs.org/bcrypt-pbkdf 207ms (cache miss)
1948 http fetch GET 200 https://registry.npmjs.org/@peculiar%2fasn1-pkcs9 244ms (cache miss)
1949 http fetch GET 200 https://registry.npmjs.org/@peculiar%2fasn1-cms 247ms (cache miss)
1950 timing idealTree:node_modules/node-opcua-crypto Completed in 256ms
1951 silly placeDep ROOT @peculiar/asn1-schema@2.6.0 OK for: @peculiar/webcrypto@1.5.0 want: ^2.3.8
1952 silly fetch manifest asn1js@^3.0.6
1953 silly placeDep ROOT @peculiar/json-schema@1.1.12 OK for: @peculiar/webcrypto@1.5.0 want: ^1.1.12
1954 silly fetch manifest tslib@^2.0.0
1955 silly placeDep ROOT pvtsutils@1.3.6 OK for: @peculiar/webcrypto@1.5.0 want: ^1.3.5
1956 silly placeDep ROOT tslib@2.8.1 OK for: @peculiar/webcrypto@1.5.0 want: ^2.6.2
1957 silly placeDep ROOT webcrypto-core@1.8.1 OK for: @peculiar/webcrypto@1.5.0 want: ^1.8.0
1958 silly fetch manifest asn1js@^3.0.5
1959 http fetch GET 200 https://registry.npmjs.org/asn1js 49ms (cache miss)
1960 http fetch GET 200 https://registry.npmjs.org/asn1js 65ms (cache miss)
1961 timing idealTree:node_modules/@peculiar/webcrypto Completed in 69ms
1962 silly placeDep ROOT asn1js@3.0.7 OK for: @peculiar/asn1-schema@2.6.0 want: ^3.0.6
1963 silly fetch manifest pvutils@^1.1.3
1964 http fetch GET 200 https://registry.npmjs.org/pvutils 56ms (cache miss)
1965 timing idealTree:node_modules/@peculiar/asn1-schema Completed in 59ms
1966 timing idealTree:node_modules/@peculiar/json-schema Completed in 0ms
1967 silly placeDep ROOT @peculiar/asn1-cms@2.6.0 OK for: @peculiar/x509@1.14.3 want: ^2.6.0
1968 silly fetch manifest @peculiar/asn1-x509-attr@^2.6.0
1969 silly placeDep ROOT @peculiar/asn1-csr@2.6.0 OK for: @peculiar/x509@1.14.3 want: ^2.6.0
1970 silly placeDep ROOT @peculiar/asn1-ecc@2.6.0 OK for: @peculiar/x509@1.14.3 want: ^2.6.0
1971 silly placeDep ROOT @peculiar/asn1-pkcs9@2.6.0 OK for: @peculiar/x509@1.14.3 want: ^2.6.0
1972 silly fetch manifest @peculiar/asn1-pfx@^2.6.0
1973 silly fetch manifest @peculiar/asn1-pkcs8@^2.6.0
1974 silly placeDep ROOT @peculiar/asn1-rsa@2.6.0 OK for: @peculiar/x509@1.14.3 want: ^2.6.0
1975 silly placeDep ROOT @peculiar/asn1-x509@2.6.0 OK for: @peculiar/x509@1.14.3 want: ^2.6.0
1976 silly placeDep ROOT tsyringe@4.10.0 OK for: @peculiar/x509@1.14.3 want: ^4.10.0
1977 silly fetch manifest tslib@^1.9.3
1978 http fetch GET 200 https://registry.npmjs.org/@peculiar%2fasn1-pkcs8 83ms (cache miss)
1979 http fetch GET 200 https://registry.npmjs.org/@peculiar%2fasn1-x509-attr 108ms (cache miss)
1980 http fetch GET 200 https://registry.npmjs.org/@peculiar%2fasn1-pfx 128ms (cache miss)
1981 timing idealTree:node_modules/@peculiar/x509 Completed in 136ms
1982 silly placeDep ROOT @peculiar/asn1-x509-attr@2.6.0 OK for: @peculiar/asn1-cms@2.6.0 want: ^2.6.0
1983 timing idealTree:node_modules/@peculiar/asn1-cms Completed in 2ms
1984 timing idealTree:node_modules/@peculiar/asn1-csr Completed in 0ms
1985 timing idealTree:node_modules/@peculiar/asn1-ecc Completed in 0ms
1986 silly placeDep ROOT @peculiar/asn1-pfx@2.6.0 OK for: @peculiar/asn1-pkcs9@2.6.0 want: ^2.6.0
1987 silly placeDep ROOT @peculiar/asn1-pkcs8@2.6.0 OK for: @peculiar/asn1-pkcs9@2.6.0 want: ^2.6.0
1988 timing idealTree:node_modules/@peculiar/asn1-pkcs9 Completed in 3ms
1989 timing idealTree:node_modules/@peculiar/asn1-pfx Completed in 0ms
1990 timing idealTree:node_modules/@peculiar/asn1-pkcs8 Completed in 0ms
1991 timing idealTree:node_modules/@peculiar/asn1-rsa Completed in 0ms
1992 timing idealTree:node_modules/@peculiar/asn1-x509 Completed in 0ms
1993 timing idealTree:node_modules/@peculiar/asn1-x509-attr Completed in 0ms
1994 timing idealTree:node_modules/@types/jsrsasign Completed in 0ms
1995 silly placeDep ROOT @types/asn1@0.2.4 OK for: @types/sshpk@1.17.4 want: *
1996 timing idealTree:node_modules/@types/sshpk Completed in 1ms
1997 timing idealTree:node_modules/@types/asn1 Completed in 0ms
1998 silly placeDep ROOT pvutils@1.1.5 OK for: asn1js@3.0.7 want: ^1.1.3
1999 timing idealTree:node_modules/asn1js Completed in 0ms
2000 silly placeDep ROOT call-bind@1.0.8 OK for: assert@2.1.0 want: ^1.0.2
2001 silly fetch manifest set-function-length@^1.2.2
2002 silly placeDep ROOT is-nan@1.3.2 OK for: assert@2.1.0 want: ^1.3.2
2003 silly fetch manifest define-properties@^1.1.3
2004 silly placeDep ROOT object-is@1.1.6 OK for: assert@2.1.0 want: ^1.1.5
2005 silly fetch manifest define-properties@^1.2.1
2006 silly placeDep ROOT object.assign@4.1.7 OK for: assert@2.1.0 want: ^4.1.4
2007 silly fetch manifest call-bound@^1.0.3
2008 silly fetch manifest object-keys@^1.1.1
2009 silly placeDep ROOT util@0.12.5 OK for: assert@2.1.0 want: ^0.12.5
2010 silly fetch manifest is-arguments@^1.0.4
2011 silly fetch manifest is-generator-function@^1.0.7
2012 silly fetch manifest is-typed-array@^1.1.3
2013 silly fetch manifest which-typed-array@^1.1.2
2014 http fetch GET 200 https://registry.npmjs.org/is-typed-array 66ms (cache miss)
2015 http fetch GET 200 https://registry.npmjs.org/object-keys 76ms (cache miss)
2016 http fetch GET 200 https://registry.npmjs.org/define-properties 85ms (cache miss)
2017 http fetch GET 200 https://registry.npmjs.org/set-function-length 90ms (cache miss)
2018 http fetch GET 200 https://registry.npmjs.org/define-properties 85ms (cache miss)
2019 http fetch GET 200 https://registry.npmjs.org/call-bound 82ms (cache miss)
2020 http fetch GET 200 https://registry.npmjs.org/which-typed-array 72ms (cache miss)
2021 http fetch GET 200 https://registry.npmjs.org/is-generator-function 77ms (cache miss)
2022 http fetch GET 200 https://registry.npmjs.org/is-arguments 135ms (cache miss)
2023 timing idealTree:node_modules/assert Completed in 155ms
2024 silly placeDep ROOT set-function-length@1.2.2 OK for: call-bind@1.0.8 want: ^1.2.2
2025 silly fetch manifest define-data-property@^1.1.4
2026 silly fetch manifest has-property-descriptors@^1.0.2
2027 http fetch GET 200 https://registry.npmjs.org/has-property-descriptors 72ms (cache miss)
2028 http fetch GET 200 https://registry.npmjs.org/define-data-property 110ms (cache miss)
2029 timing idealTree:node_modules/call-bind Completed in 113ms
2030 timing idealTree:node_modules/hexy Completed in 0ms
2031 silly placeDep ROOT define-properties@1.2.1 OK for: is-nan@1.3.2 want: ^1.1.3
2032 silly fetch manifest define-data-property@^1.0.1
2033 silly fetch manifest has-property-descriptors@^1.0.0
2034 timing idealTree:node_modules/is-nan Completed in 2ms
2035 silly placeDep ROOT define-data-property@1.1.4 OK for: define-properties@1.2.1 want: ^1.0.1
2036 silly placeDep ROOT has-property-descriptors@1.0.2 OK for: define-properties@1.2.1 want: ^1.0.0
2037 silly placeDep ROOT object-keys@1.1.1 OK for: define-properties@1.2.1 want: ^1.1.1
2038 timing idealTree:node_modules/define-properties Completed in 3ms
2039 timing idealTree:node_modules/define-data-property Completed in 0ms
2040 timing idealTree:node_modules/has-property-descriptors Completed in 0ms
2041 timing idealTree:node_modules/jsrsasign Completed in 0ms
2042 timing idealTree:node_modules/node-opcua-data-access Completed in 0ms
2043 timing idealTree:node_modules/node-opcua-data-model Completed in 0ms
2044 timing idealTree:node_modules/node-opcua-data-value Completed in 0ms
2045 timing idealTree:node_modules/node-opcua-date-time Completed in 0ms
2046 timing idealTree:node_modules/node-opcua-debug Completed in 0ms
2047 timing idealTree:node_modules/node-opcua-enum Completed in 0ms
2048 timing idealTree:node_modules/node-opcua-extension-object Completed in 0ms
2049 timing idealTree:node_modules/node-opcua-factory Completed in 0ms
2050 timing idealTree:node_modules/node-opcua-guid Completed in 0ms
2051 timing idealTree:node_modules/node-opcua-hostname Completed in 0ms
2052 timing idealTree:node_modules/node-opcua-nodeid Completed in 0ms
2053 timing idealTree:node_modules/node-opcua-nodeset-ua Completed in 0ms
2054 timing idealTree:node_modules/node-opcua-nodesets Completed in 0ms
2055 timing idealTree:node_modules/node-opcua-numeric-range Completed in 0ms
2056 timing idealTree:node_modules/node-opcua-object-registry Completed in 0ms
2057 timing idealTree:node_modules/node-opcua-packet-analyzer Completed in 0ms
2058 silly placeDep ROOT byline@5.0.0 OK for: node-opcua-pki@5.7.0 want: ^5.0.0
2059 silly placeDep ROOT chokidar@4.0.3 OK for: node-opcua-pki@5.7.0 want: 4.0.3
2060 silly fetch manifest readdirp@^4.0.1
2061 silly placeDep ROOT progress@2.0.3 OK for: node-opcua-pki@5.7.0 want: ^2.0.3
2062 silly placeDep ROOT rimraf@4.4.1 OK for: node-opcua-pki@5.7.0 want: 4.4.1
2063 silly fetch manifest glob@^9.2.0
2064 silly placeDep ROOT wget-improved-2@3.3.0 OK for: node-opcua-pki@5.7.0 want: ^3.3.0
2065 silly fetch manifest minimist@1.2.6
2066 silly fetch manifest tunnel@0.0.6
2067 silly placeDep ROOT yauzl@3.2.0 OK for: node-opcua-pki@5.7.0 want: ^3.2.0
2068 silly fetch manifest buffer-crc32@~0.2.3
2069 silly fetch manifest pend@~1.2.0
2070 http fetch GET 200 https://registry.npmjs.org/buffer-crc32 52ms (cache miss)
2071 http fetch GET 200 https://registry.npmjs.org/minimist 62ms (cache miss)
2072 http fetch GET 200 https://registry.npmjs.org/pend 59ms (cache miss)
2073 http fetch GET 200 https://registry.npmjs.org/readdirp 76ms (cache miss)
2074 http fetch GET 200 https://registry.npmjs.org/tunnel 91ms (cache miss)
2075 timing idealTree:node_modules/node-opcua-pki Completed in 102ms
2076 timing idealTree:node_modules/byline Completed in 0ms
2077 silly placeDep ROOT readdirp@4.1.2 OK for: chokidar@4.0.3 want: ^4.0.1
2078 timing idealTree:node_modules/chokidar Completed in 2ms
2079 timing idealTree:node_modules/node-opcua-pseudo-session Completed in 0ms
2080 timing idealTree:node_modules/node-opcua-schemas Completed in 0ms
2081 silly placeDep ROOT backoff@2.5.0 OK for: node-opcua-secure-channel@2.160.0 want: ^2.5.0
2082 silly fetch manifest precond@0.2
2083 silly placeDep ROOT node-opcua-chunkmanager@2.158.0 OK for: node-opcua-secure-channel@2.160.0 want: 2.158.0
2084 http fetch GET 200 https://registry.npmjs.org/precond 131ms (cache miss)
2085 timing idealTree:node_modules/node-opcua-secure-channel Completed in 134ms
2086 silly placeDep ROOT precond@0.2.3 OK for: backoff@2.5.0 want: 0.2
2087 timing idealTree:node_modules/backoff Completed in 2ms
2088 silly placeDep ROOT node-opcua-packet-assembler@2.157.0 OK for: node-opcua-chunkmanager@2.158.0 want: 2.157.0
2089 timing idealTree:node_modules/node-opcua-chunkmanager Completed in 1ms
2090 timing idealTree:node_modules/node-opcua-packet-assembler Completed in 0ms
2091 silly placeDep ROOT @types/async@3.2.25 OK for: node-opcua-server@2.160.0 want: 3.2.25
2092 timing idealTree:node_modules/node-opcua-server Completed in 1ms
2093 timing idealTree:node_modules/@types/async Completed in 0ms
2094 silly placeDep ROOT sterfive-bonjour-service@1.1.4 OK for: node-opcua-server-discovery@2.160.0 want: 1.1.4
2095 silly fetch manifest @types/multicast-dns@^7.2.1
2096 silly fetch manifest array-flatten@^2.1.2
2097 silly fetch manifest dns-equal@^1.0.0
2098 silly fetch manifest multicast-dns@^7.2.4
2099 http fetch GET 200 https://registry.npmjs.org/dns-equal 49ms (cache miss)
2100 http fetch GET 200 https://registry.npmjs.org/multicast-dns 53ms (cache miss)
2101 http fetch GET 200 https://registry.npmjs.org/array-flatten 67ms (cache miss)
2102 http fetch GET 200 https://registry.npmjs.org/@types%2fmulticast-dns 276ms (cache miss)
2103 timing idealTree:node_modules/node-opcua-server-discovery Completed in 279ms
2104 timing idealTree:node_modules/node-opcua-service-browse Completed in 0ms
2105 timing idealTree:node_modules/node-opcua-service-call Completed in 0ms
2106 timing idealTree:node_modules/node-opcua-service-discovery Completed in 0ms
2107 timing idealTree:node_modules/node-opcua-service-endpoints Completed in 0ms
2108 timing idealTree:node_modules/node-opcua-service-filter Completed in 0ms
2109 timing idealTree:node_modules/node-opcua-service-history Completed in 0ms
2110 timing idealTree:node_modules/node-opcua-service-node-management Completed in 0ms
2111 timing idealTree:node_modules/node-opcua-service-query Completed in 0ms
2112 timing idealTree:node_modules/node-opcua-service-read Completed in 0ms
2113 timing idealTree:node_modules/node-opcua-service-register-node Completed in 0ms
2114 timing idealTree:node_modules/node-opcua-service-secure-channel Completed in 0ms
2115 timing idealTree:node_modules/node-opcua-service-session Completed in 0ms
2116 timing idealTree:node_modules/node-opcua-service-subscription Completed in 0ms
2117 timing idealTree:node_modules/node-opcua-service-translate-browse-path Completed in 0ms
2118 timing idealTree:node_modules/node-opcua-service-write Completed in 0ms
2119 timing idealTree:node_modules/node-opcua-status-code Completed in 0ms
2120 timing idealTree:node_modules/node-opcua-transport Completed in 1ms
2121 timing idealTree:node_modules/node-opcua-types Completed in 0ms
2122 timing idealTree:node_modules/node-opcua-utils Completed in 0ms
2123 timing idealTree:node_modules/node-opcua-variant Completed in 0ms
2124 silly placeDep ROOT humanize@0.0.9 OK for: node-opcua-vendor-diagnostic@2.160.0 want: 0.0.9
2125 timing idealTree:node_modules/node-opcua-vendor-diagnostic Completed in 1ms
2126 timing idealTree:node_modules/humanize Completed in 0ms
2127 timing idealTree:node_modules/node-opcua-xml2json Completed in 0ms
2128 timing idealTree:node_modules/node-releases Completed in 0ms
2129 timing idealTree:node_modules/normalize-path Completed in 0ms
2130 timing idealTree:node_modules/npm Completed in 0ms
2131 timing idealTree:node_modules/npm-run-path Completed in 0ms
2132 timing idealTree:node_modules/object-is Completed in 0ms
2133 timing idealTree:node_modules/object-keys Completed in 0ms
2134 silly placeDep ROOT call-bound@1.0.4 OK for: object.assign@4.1.7 want: ^1.0.3
2135 timing idealTree:node_modules/object.assign Completed in 2ms
2136 timing idealTree:node_modules/call-bound Completed in 0ms
2137 timing idealTree:node_modules/once Completed in 0ms
2138 silly placeDep ROOT mimic-fn@2.1.0 OK for: onetime@5.1.2 want: ^2.1.0
2139 timing idealTree:node_modules/onetime Completed in 1ms
2140 timing idealTree:node_modules/mimic-fn Completed in 0ms
2141 silly placeDep node_modules/ora chalk@5.6.2 OK for: ora@8.2.0 want: ^5.3.0
2142 silly placeDep ROOT cli-cursor@5.0.0 OK for: ora@8.2.0 want: ^5.0.0
2143 silly fetch manifest restore-cursor@^5.0.0
2144 silly placeDep ROOT is-interactive@2.0.0 OK for: ora@8.2.0 want: ^2.0.0
2145 silly placeDep ROOT is-unicode-supported@2.1.0 OK for: ora@8.2.0 want: ^2.0.0
2146 silly placeDep ROOT log-symbols@6.0.0 OK for: ora@8.2.0 want: ^6.0.0
2147 silly fetch manifest is-unicode-supported@^1.3.0
2148 silly placeDep ROOT stdin-discarder@0.2.2 OK for: ora@8.2.0 want: ^0.2.2
2149 silly placeDep node_modules/ora string-width@7.2.0 OK for: ora@8.2.0 want: ^7.2.0
2150 silly fetch manifest emoji-regex@^10.3.0
2151 silly fetch manifest get-east-asian-width@^1.0.0
2152 silly placeDep node_modules/ora strip-ansi@7.1.2 OK for: ora@8.2.0 want: ^7.1.0
2153 silly fetch manifest ansi-regex@^6.0.1
2154 http fetch GET 200 https://registry.npmjs.org/get-east-asian-width 52ms (cache miss)
2155 http fetch GET 200 https://registry.npmjs.org/restore-cursor 64ms (cache miss)
2156 timing idealTree:node_modules/ora Completed in 68ms
2157 silly placeDep ROOT restore-cursor@5.1.0 OK for: cli-cursor@5.0.0 want: ^5.0.0
2158 silly fetch manifest onetime@^7.0.0
2159 silly fetch manifest signal-exit@^4.1.0
2160 timing idealTree:node_modules/cli-cursor Completed in 2ms
2161 timing idealTree:node_modules/is-interactive Completed in 0ms
2162 timing idealTree:node_modules/is-unicode-supported Completed in 0ms
2163 silly placeDep node_modules/log-symbols chalk@5.6.2 OK for: log-symbols@6.0.0 want: ^5.3.0
2164 silly placeDep node_modules/log-symbols is-unicode-supported@1.3.0 OK for: log-symbols@6.0.0 want: ^1.3.0
2165 timing idealTree:node_modules/log-symbols Completed in 2ms
2166 silly placeDep ROOT yocto-queue@0.1.0 OK for: p-limit@3.1.0 want: ^0.1.0
2167 timing idealTree:node_modules/p-limit Completed in 1ms
2168 silly placeDep node_modules/p-locate p-limit@2.3.0 OK for: p-locate@4.1.0 want: ^2.2.0
2169 silly fetch manifest p-try@^2.0.0
2170 http fetch GET 200 https://registry.npmjs.org/p-try 37ms (cache miss)
2171 timing idealTree:node_modules/p-locate Completed in 39ms
2172 silly placeDep ROOT error-ex@1.3.4 OK for: parse-json@5.2.0 want: ^1.3.1
2173 silly fetch manifest is-arrayish@^0.2.1
2174 silly placeDep ROOT json-parse-even-better-errors@2.3.1 OK for: parse-json@5.2.0 want: ^2.3.0
2175 silly placeDep ROOT lines-and-columns@1.2.4 OK for: parse-json@5.2.0 want: ^1.1.6
2176 http fetch GET 200 https://registry.npmjs.org/is-arrayish 68ms (cache miss)
2177 timing idealTree:node_modules/parse-json Completed in 70ms
2178 silly placeDep ROOT is-arrayish@0.2.1 OK for: error-ex@1.3.4 want: ^0.2.1
2179 timing idealTree:node_modules/error-ex Completed in 1ms
2180 timing idealTree:node_modules/is-arrayish Completed in 0ms
2181 timing idealTree:node_modules/json-parse-even-better-errors Completed in 0ms
2182 timing idealTree:node_modules/lines-and-columns Completed in 0ms
2183 silly placeDep ROOT process@0.11.10 OK for: path@0.12.7 want: ^0.11.1
2184 silly placeDep node_modules/path util@0.10.4 OK for: path@0.12.7 want: ^0.10.3
2185 silly fetch manifest inherits@2.0.3
2186 timing idealTree:node_modules/path Completed in 2ms
2187 timing idealTree:node_modules/path-exists Completed in 0ms
2188 timing idealTree:node_modules/path-is-absolute Completed in 0ms
2189 timing idealTree:node_modules/path-key Completed in 0ms
2190 timing idealTree:node_modules/picocolors Completed in 0ms
2191 timing idealTree:node_modules/picomatch Completed in 0ms
2192 timing idealTree:node_modules/pirates Completed in 0ms
2193 timing idealTree:node_modules/pkg-dir Completed in 0ms
2194 timing idealTree:node_modules/precond Completed in 0ms
2195 silly placeDep node_modules/pretty-format ansi-styles@5.2.0 OK for: pretty-format@29.7.0 want: ^5.0.0
2196 silly placeDep ROOT react-is@18.3.1 OK for: pretty-format@29.7.0 want: ^18.0.0
2197 timing idealTree:node_modules/pretty-format Completed in 2ms
2198 timing idealTree:node_modules/process Completed in 0ms
2199 timing idealTree:node_modules/progress Completed in 0ms
2200 silly placeDep ROOT kleur@3.0.3 OK for: prompts@2.4.2 want: ^3.0.3
2201 silly placeDep ROOT sisteransi@1.0.5 OK for: prompts@2.4.2 want: ^1.0.5
2202 timing idealTree:node_modules/prompts Completed in 1ms
2203 timing idealTree:node_modules/kleur Completed in 0ms
2204 silly placeDep ROOT retry@0.12.0 OK for: proper-lockfile@4.1.2 want: ^0.12.0
2205 timing idealTree:node_modules/proper-lockfile Completed in 1ms
2206 silly placeDep ROOT @protobufjs/aspromise@1.1.2 OK for: protobufjs@7.5.4 want: ^1.1.2
2207 silly placeDep ROOT @protobufjs/base64@1.1.2 OK for: protobufjs@7.5.4 want: ^1.1.2
2208 silly placeDep ROOT @protobufjs/codegen@2.0.4 OK for: protobufjs@7.5.4 want: ^2.0.4
2209 silly placeDep ROOT @protobufjs/eventemitter@1.1.0 OK for: protobufjs@7.5.4 want: ^1.1.0
2210 silly placeDep ROOT @protobufjs/fetch@1.1.0 OK for: protobufjs@7.5.4 want: ^1.1.0
2211 silly placeDep ROOT @protobufjs/float@1.0.2 OK for: protobufjs@7.5.4 want: ^1.0.2
2212 silly placeDep ROOT @protobufjs/inquire@1.1.0 OK for: protobufjs@7.5.4 want: ^1.1.0
2213 silly placeDep ROOT @protobufjs/path@1.1.2 OK for: protobufjs@7.5.4 want: ^1.1.2
2214 silly placeDep ROOT @protobufjs/pool@1.1.0 OK for: protobufjs@7.5.4 want: ^1.1.0
2215 silly placeDep ROOT @protobufjs/utf8@1.1.0 OK for: protobufjs@7.5.4 want: ^1.1.0
2216 timing idealTree:node_modules/protobufjs Completed in 18ms
2217 timing idealTree:node_modules/@protobufjs/aspromise Completed in 0ms
2218 timing idealTree:node_modules/@protobufjs/base64 Completed in 0ms
2219 timing idealTree:node_modules/@protobufjs/codegen Completed in 0ms
2220 timing idealTree:node_modules/@protobufjs/eventemitter Completed in 0ms
2221 timing idealTree:node_modules/@protobufjs/fetch Completed in 0ms
2222 timing idealTree:node_modules/@protobufjs/float Completed in 0ms
2223 timing idealTree:node_modules/@protobufjs/inquire Completed in 0ms
2224 timing idealTree:node_modules/@protobufjs/path Completed in 0ms
2225 timing idealTree:node_modules/@protobufjs/pool Completed in 0ms
2226 timing idealTree:node_modules/@protobufjs/utf8 Completed in 0ms
2227 timing idealTree:node_modules/proxy-from-env Completed in 0ms
2228 timing idealTree:node_modules/pure-rand Completed in 0ms
2229 timing idealTree:node_modules/pvtsutils Completed in 0ms
2230 timing idealTree:node_modules/pvutils Completed in 0ms
2231 timing idealTree:node_modules/react-is Completed in 0ms
2232 timing idealTree:node_modules/readdirp Completed in 0ms
2233 timing idealTree:node_modules/reflect-metadata Completed in 0ms
2234 silly placeDep ROOT is-core-module@2.16.1 OK for: resolve@1.22.11 want: ^2.16.1
2235 silly placeDep ROOT path-parse@1.0.7 OK for: resolve@1.22.11 want: ^1.0.7
2236 silly placeDep ROOT supports-preserve-symlinks-flag@1.0.0 OK for: resolve@1.22.11 want: ^1.0.0
2237 timing idealTree:node_modules/resolve Completed in 3ms
2238 timing idealTree:node_modules/is-core-module Completed in 0ms
2239 timing idealTree:node_modules/path-parse Completed in 0ms
2240 timing idealTree:node_modules/resolve-cwd Completed in 0ms
2241 timing idealTree:node_modules/resolve-from Completed in 0ms
2242 timing idealTree:node_modules/resolve.exports Completed in 0ms
2243 silly placeDep node_modules/restore-cursor onetime@7.0.0 OK for: restore-cursor@5.1.0 want: ^7.0.0
2244 silly fetch manifest mimic-function@^5.0.0
2245 silly placeDep node_modules/restore-cursor signal-exit@4.1.0 OK for: restore-cursor@5.1.0 want: ^4.1.0
2246 http fetch GET 200 https://registry.npmjs.org/mimic-function 87ms (cache miss)
2247 timing idealTree:node_modules/restore-cursor Completed in 89ms
2248 timing idealTree:node_modules/retry Completed in 0ms
2249 silly placeDep node_modules/rimraf glob@9.3.5 OK for: rimraf@4.4.1 want: ^9.2.0
2250 silly fetch manifest minipass@^4.2.4
2251 silly fetch manifest minimatch@^8.0.2
2252 silly fetch manifest path-scurry@^1.6.1
2253 http fetch GET 200 https://registry.npmjs.org/path-scurry 79ms (cache miss)
2254 http fetch GET 200 https://registry.npmjs.org/minipass 83ms (cache miss)
2255 timing idealTree:node_modules/rimraf Completed in 86ms
2256 timing idealTree:node_modules/run-async Completed in 0ms
2257 timing idealTree:node_modules/rxjs Completed in 0ms
2258 timing idealTree:node_modules/safer-buffer Completed in 0ms
2259 timing idealTree:node_modules/semver Completed in 0ms
2260 timing idealTree:node_modules/set-function-length Completed in 1ms
2261 silly placeDep ROOT shebang-regex@3.0.0 OK for: shebang-command@2.0.0 want: ^3.0.0
2262 timing idealTree:node_modules/shebang-command Completed in 1ms
2263 timing idealTree:node_modules/shebang-regex Completed in 0ms
2264 timing idealTree:node_modules/signal-exit Completed in 0ms
2265 silly placeDep ROOT @kwsites/file-exists@1.1.1 OK for: simple-git@3.30.0 want: ^1.1.1
2266 silly placeDep ROOT @kwsites/promise-deferred@1.1.1 OK for: simple-git@3.30.0 want: ^1.1.1
2267 timing idealTree:node_modules/simple-git Completed in 2ms
2268 timing idealTree:node_modules/@kwsites/file-exists Completed in 0ms
2269 timing idealTree:node_modules/@kwsites/promise-deferred Completed in 0ms
2270 timing idealTree:node_modules/sisteransi Completed in 1ms
2271 timing idealTree:node_modules/slash Completed in 0ms
2272 timing idealTree:node_modules/source-map Completed in 0ms
2273 silly placeDep ROOT buffer-from@1.1.2 OK for: source-map-support@0.5.21 want: ^1.0.0
2274 timing idealTree:node_modules/source-map-support Completed in 1ms
2275 timing idealTree:node_modules/buffer-from Completed in 0ms
2276 timing idealTree:node_modules/sprintf-js Completed in 0ms
2277 silly placeDep ROOT asn1@0.2.6 OK for: sshpk@1.18.0 want: ~0.2.3
2278 silly placeDep ROOT assert-plus@1.0.0 OK for: sshpk@1.18.0 want: ^1.0.0
2279 silly placeDep ROOT bcrypt-pbkdf@1.0.2 OK for: sshpk@1.18.0 want: ^1.0.0
2280 silly fetch manifest tweetnacl@^0.14.3
2281 silly placeDep ROOT dashdash@1.14.1 OK for: sshpk@1.18.0 want: ^1.12.0
2282 silly placeDep ROOT ecc-jsbn@0.1.2 OK for: sshpk@1.18.0 want: ~0.1.1
2283 silly placeDep ROOT getpass@0.1.7 OK for: sshpk@1.18.0 want: ^0.1.1
2284 silly placeDep ROOT jsbn@0.1.1 OK for: sshpk@1.18.0 want: ~0.1.0
2285 silly placeDep ROOT tweetnacl@0.14.5 OK for: sshpk@1.18.0 want: ~0.14.0
2286 timing idealTree:node_modules/sshpk Completed in 9ms
2287 timing idealTree:node_modules/asn1 Completed in 0ms
2288 timing idealTree:node_modules/assert-plus Completed in 0ms
2289 timing idealTree:node_modules/bcrypt-pbkdf Completed in 0ms
2290 timing idealTree:node_modules/dashdash Completed in 0ms
2291 timing idealTree:node_modules/ecc-jsbn Completed in 0ms
2292 timing idealTree:node_modules/getpass Completed in 0ms
2293 timing idealTree:node_modules/jsbn Completed in 0ms
2294 silly placeDep ROOT escape-string-regexp@2.0.0 OK for: stack-utils@2.0.6 want: ^2.0.0
2295 timing idealTree:node_modules/stack-utils Completed in 1ms
2296 timing idealTree:node_modules/escape-string-regexp Completed in 0ms
2297 timing idealTree:node_modules/stdin-discarder Completed in 0ms
2298 silly placeDep ROOT @types/multicast-dns@7.2.4 OK for: sterfive-bonjour-service@1.1.4 want: ^7.2.1
2299 silly fetch manifest @types/dns-packet@*
2300 silly placeDep ROOT array-flatten@2.1.2 OK for: sterfive-bonjour-service@1.1.4 want: ^2.1.2
2301 silly placeDep ROOT dns-equal@1.0.0 OK for: sterfive-bonjour-service@1.1.4 want: ^1.0.0
2302 silly placeDep ROOT multicast-dns@7.2.5 OK for: sterfive-bonjour-service@1.1.4 want: ^7.2.4
2303 silly fetch manifest dns-packet@^5.2.2
2304 silly fetch manifest thunky@^1.0.2
2305 http fetch GET 200 https://registry.npmjs.org/dns-packet 50ms (cache miss)
2306 http fetch GET 200 https://registry.npmjs.org/thunky 53ms (cache miss)
2307 http fetch GET 200 https://registry.npmjs.org/@types%2fdns-packet 283ms (cache miss)
2308 timing idealTree:node_modules/sterfive-bonjour-service Completed in 286ms
2309 silly placeDep ROOT @types/dns-packet@5.6.5 OK for: @types/multicast-dns@7.2.4 want: *
2310 timing idealTree:node_modules/@types/multicast-dns Completed in 2ms
2311 timing idealTree:node_modules/@types/dns-packet Completed in 0ms
2312 timing idealTree:node_modules/array-flatten Completed in 0ms
2313 timing idealTree:node_modules/dns-equal Completed in 0ms
2314 silly placeDep ROOT dns-packet@5.6.1 OK for: multicast-dns@7.2.5 want: ^5.2.2
2315 silly fetch manifest @leichtgewicht/ip-codec@^2.0.1
2316 silly placeDep ROOT thunky@1.1.0 OK for: multicast-dns@7.2.5 want: ^1.0.2
2317 http fetch GET 200 https://registry.npmjs.org/@leichtgewicht%2fip-codec 56ms (cache miss)
2318 timing idealTree:node_modules/multicast-dns Completed in 58ms
2319 silly placeDep ROOT @leichtgewicht/ip-codec@2.0.5 OK for: dns-packet@5.6.1 want: ^2.0.1
2320 timing idealTree:node_modules/dns-packet Completed in 2ms
2321 timing idealTree:node_modules/@leichtgewicht/ip-codec Completed in 0ms
2322 silly placeDep ROOT char-regex@1.0.2 OK for: string-length@4.0.2 want: ^1.0.2
2323 timing idealTree:node_modules/string-length Completed in 1ms
2324 timing idealTree:node_modules/char-regex Completed in 0ms
2325 silly placeDep ROOT emoji-regex@8.0.0 OK for: string-width@4.2.3 want: ^8.0.0
2326 silly placeDep ROOT is-fullwidth-code-point@3.0.0 OK for: string-width@4.2.3 want: ^3.0.0
2327 timing idealTree:node_modules/string-width Completed in 2ms
2328 timing idealTree:node_modules/emoji-regex Completed in 0ms
2329 timing idealTree:node_modules/is-fullwidth-code-point Completed in 0ms
2330 silly placeDep ROOT ansi-regex@5.0.1 OK for: strip-ansi@6.0.1 want: ^5.0.1
2331 timing idealTree:node_modules/strip-ansi Completed in 1ms
2332 timing idealTree:node_modules/ansi-regex Completed in 0ms
2333 timing idealTree:node_modules/strip-bom Completed in 0ms
2334 timing idealTree:node_modules/strip-final-newline Completed in 0ms
2335 timing idealTree:node_modules/strip-json-comments Completed in 0ms
2336 silly placeDep ROOT has-flag@4.0.0 OK for: supports-color@7.2.0 want: ^4.0.0
2337 timing idealTree:node_modules/supports-color Completed in 1ms
2338 timing idealTree:node_modules/has-flag Completed in 0ms
2339 timing idealTree:node_modules/supports-preserve-symlinks-flag Completed in 0ms
2340 timing idealTree:node_modules/test-exclude Completed in 0ms
2341 silly fetch manifest encoding@^0.1.0
2342 http fetch GET 200 https://registry.npmjs.org/encoding 41ms (cache miss)
2343 silly placeDep ROOT @balena/dockerignore@1.0.2 OK for: testcontainers@9.12.0 want: ^1.0.2
2344 silly placeDep ROOT @types/archiver@5.3.4 OK for: testcontainers@9.12.0 want: ^5.3.2
2345 silly fetch manifest @types/readdir-glob@*
2346 silly placeDep ROOT @types/dockerode@3.3.47 OK for: testcontainers@9.12.0 want: ^3.3.19
2347 silly fetch manifest @types/ssh2@*
2348 silly fetch manifest @types/docker-modem@*
2349 silly placeDep ROOT archiver@5.3.2 OK for: testcontainers@9.12.0 want: ^5.3.1
2350 silly fetch manifest archiver-utils@^2.1.0
2351 silly fetch manifest buffer-crc32@^0.2.1
2352 silly fetch manifest readable-stream@^3.6.0
2353 silly fetch manifest readdir-glob@^1.1.2
2354 silly fetch manifest tar-stream@^2.2.0
2355 silly fetch manifest zip-stream@^4.1.0
2356 silly placeDep ROOT async-lock@1.4.1 OK for: testcontainers@9.12.0 want: ^1.4.0
2357 silly placeDep ROOT docker-compose@0.24.8 OK for: testcontainers@9.12.0 want: ^0.24.1
2358 silly fetch manifest yaml@^2.2.2
2359 silly placeDep ROOT dockerode@3.3.5 OK for: testcontainers@9.12.0 want: ^3.3.5
2360 silly fetch manifest tar-fs@~2.0.1
2361 silly fetch manifest docker-modem@^3.0.0
2362 silly placeDep node_modules/testcontainers get-port@5.1.1 OK for: testcontainers@9.12.0 want: ^5.1.1
2363 silly placeDep ROOT node-fetch@2.7.0 OK for: testcontainers@9.12.0 want: ^2.6.12
2364 silly fetch manifest whatwg-url@^5.0.0
2365 silly placeDep ROOT properties-reader@2.3.0 OK for: testcontainers@9.12.0 want: ^2.2.0
2366 silly placeDep ROOT ssh-remote-port-forward@1.0.4 OK for: testcontainers@9.12.0 want: ^1.0.4
2367 silly fetch manifest @types/ssh2@^0.5.48
2368 silly fetch manifest ssh2@^1.4.0
2369 silly placeDep ROOT tar-fs@2.1.4 OK for: testcontainers@9.12.0 want: ^2.1.1
2370 silly fetch manifest pump@^3.0.0
2371 silly fetch manifest chownr@^1.1.1
2372 silly fetch manifest tar-stream@^2.1.4
2373 silly fetch manifest mkdirp-classic@^0.5.2
2374 silly placeDep ROOT tmp@0.2.5 OK for: testcontainers@9.12.0 want: ^0.2.1
2375 http fetch GET 200 https://registry.npmjs.org/whatwg-url 63ms (cache miss)
2376 http fetch GET 200 https://registry.npmjs.org/archiver-utils 88ms (cache miss)
2377 http fetch GET 200 https://registry.npmjs.org/zip-stream 84ms (cache miss)
2378 http fetch GET 200 https://registry.npmjs.org/pump 102ms (cache miss)
2379 http fetch GET 200 https://registry.npmjs.org/@types%2freaddir-glob 136ms (cache miss)
2380 http fetch GET 200 https://registry.npmjs.org/readdir-glob 129ms (cache miss)
2381 http fetch GET 200 https://registry.npmjs.org/chownr 108ms (cache miss)
2382 http fetch GET 200 https://registry.npmjs.org/docker-modem 124ms (cache miss)
2383 http fetch GET 200 https://registry.npmjs.org/tar-stream 137ms (cache miss)
2384 http fetch GET 200 https://registry.npmjs.org/@types%2fssh2 120ms (cache miss)
2385 http fetch GET 200 https://registry.npmjs.org/tar-stream 114ms (cache miss)
2386 http fetch GET 200 https://registry.npmjs.org/@types%2fssh2 151ms (cache miss)
2387 http fetch GET 200 https://registry.npmjs.org/yaml 139ms (cache miss)
2388 http fetch GET 200 https://registry.npmjs.org/mkdirp-classic 122ms (cache miss)
2389 http fetch GET 200 https://registry.npmjs.org/ssh2 143ms (cache miss)
2390 http fetch GET 200 https://registry.npmjs.org/@types%2fdocker-modem 277ms (cache miss)
2391 timing idealTree:node_modules/testcontainers Completed in 328ms
2392 timing idealTree:node_modules/@balena/dockerignore Completed in 0ms
2393 silly placeDep ROOT @types/readdir-glob@1.1.5 OK for: @types/archiver@5.3.4 want: *
2394 timing idealTree:node_modules/@types/archiver Completed in 2ms
2395 silly placeDep ROOT @types/docker-modem@3.0.6 OK for: @types/dockerode@3.3.47 want: *
2396 silly placeDep ROOT @types/ssh2@1.15.5 OK for: @types/dockerode@3.3.47 want: *
2397 silly fetch manifest @types/node@^18.11.18
2398 timing idealTree:node_modules/@types/dockerode Completed in 21ms
2399 timing idealTree:node_modules/@types/docker-modem Completed in 0ms
2400 timing idealTree:node_modules/@types/readdir-glob Completed in 0ms
2401 silly placeDep node_modules/@types/ssh2 @types/node@18.19.130 OK for: @types/ssh2@1.15.5 want: ^18.11.18
2402 silly fetch manifest undici-types@~5.26.4
2403 timing idealTree:node_modules/@types/ssh2 Completed in 4ms
2404 silly placeDep ROOT archiver-utils@2.1.0 OK for: archiver@5.3.2 want: ^2.1.0
2405 silly fetch manifest lazystream@^1.0.0
2406 silly fetch manifest lodash.defaults@^4.2.0
2407 silly fetch manifest lodash.difference@^4.5.0
2408 silly fetch manifest lodash.flatten@^4.4.0
2409 silly fetch manifest lodash.isplainobject@^4.0.6
2410 silly fetch manifest lodash.union@^4.6.0
2411 silly fetch manifest readable-stream@^2.0.0
2412 silly placeDep ROOT buffer-crc32@0.2.13 OK for: archiver@5.3.2 want: ^0.2.1
2413 silly placeDep ROOT readable-stream@3.6.2 OK for: archiver@5.3.2 want: ^3.6.0
2414 silly fetch manifest string_decoder@^1.1.1
2415 silly fetch manifest util-deprecate@^1.0.1
2416 silly placeDep ROOT readdir-glob@1.1.3 OK for: archiver@5.3.2 want: ^1.1.2
2417 silly fetch manifest minimatch@^5.1.0
2418 silly placeDep ROOT tar-stream@2.2.0 OK for: archiver@5.3.2 want: ^2.2.0
2419 silly fetch manifest bl@^4.0.3
2420 silly fetch manifest fs-constants@^1.0.0
2421 silly fetch manifest end-of-stream@^1.4.1
2422 silly placeDep ROOT zip-stream@4.1.1 OK for: archiver@5.3.2 want: ^4.1.0
2423 silly fetch manifest archiver-utils@^3.0.4
2424 silly fetch manifest compress-commons@^4.1.2
2425 http fetch GET 200 https://registry.npmjs.org/lodash.difference 66ms (cache miss)
2426 http fetch GET 200 https://registry.npmjs.org/lodash.defaults 82ms (cache miss)
2427 http fetch GET 200 https://registry.npmjs.org/lodash.union 82ms (cache miss)
2428 http fetch GET 200 https://registry.npmjs.org/lodash.isplainobject 84ms (cache miss)
2429 http fetch GET 200 https://registry.npmjs.org/lodash.flatten 87ms (cache miss)
2430 http fetch GET 200 https://registry.npmjs.org/string_decoder 76ms (cache miss)
2431 http fetch GET 200 https://registry.npmjs.org/end-of-stream 73ms (cache miss)
2432 http fetch GET 200 https://registry.npmjs.org/util-deprecate 85ms (cache miss)
2433 http fetch GET 200 https://registry.npmjs.org/lazystream 104ms (cache miss)
2434 http fetch GET 200 https://registry.npmjs.org/fs-constants 81ms (cache miss)
2435 http fetch GET 200 https://registry.npmjs.org/compress-commons 105ms (cache miss)
2436 timing idealTree:node_modules/archiver Completed in 142ms
2437 silly placeDep ROOT lazystream@1.0.1 OK for: archiver-utils@2.1.0 want: ^1.0.0
2438 silly fetch manifest readable-stream@^2.0.5
2439 silly placeDep ROOT lodash.defaults@4.2.0 OK for: archiver-utils@2.1.0 want: ^4.2.0
2440 silly placeDep ROOT lodash.difference@4.5.0 OK for: archiver-utils@2.1.0 want: ^4.5.0
2441 silly placeDep ROOT lodash.flatten@4.4.0 OK for: archiver-utils@2.1.0 want: ^4.4.0
2442 silly placeDep ROOT lodash.isplainobject@4.0.6 OK for: archiver-utils@2.1.0 want: ^4.0.6
2443 silly placeDep ROOT lodash.union@4.6.0 OK for: archiver-utils@2.1.0 want: ^4.6.0
2444 silly placeDep node_modules/archiver-utils readable-stream@2.3.8 OK for: archiver-utils@2.1.0 want: ^2.0.0
2445 silly fetch manifest isarray@~1.0.0
2446 silly fetch manifest safe-buffer@~5.1.1
2447 silly fetch manifest core-util-is@~1.0.0
2448 silly fetch manifest string_decoder@~1.1.1
2449 silly fetch manifest util-deprecate@~1.0.1
2450 silly fetch manifest process-nextick-args@~2.0.0
2451 http fetch GET 200 https://registry.npmjs.org/isarray 57ms (cache miss)
2452 http fetch GET 200 https://registry.npmjs.org/safe-buffer 57ms (cache miss)
2453 http fetch GET 200 https://registry.npmjs.org/process-nextick-args 68ms (cache miss)
2454 http fetch GET 200 https://registry.npmjs.org/core-util-is 72ms (cache miss)
2455 timing idealTree:node_modules/archiver-utils Completed in 83ms
2456 timing idealTree:node_modules/async-lock Completed in 0ms
2457 timing idealTree:node_modules/buffer-crc32 Completed in 0ms
2458 silly placeDep ROOT yaml@2.8.2 OK for: docker-compose@0.24.8 want: ^2.2.2
2459 timing idealTree:node_modules/docker-compose Completed in 1ms
2460 silly placeDep ROOT docker-modem@3.0.8 OK for: dockerode@3.3.5 want: ^3.0.0
2461 silly fetch manifest ssh2@^1.11.0
2462 silly fetch manifest split-ca@^1.0.1
2463 silly placeDep node_modules/dockerode tar-fs@2.0.1 OK for: dockerode@3.3.5 want: ~2.0.1
2464 http fetch GET 200 https://registry.npmjs.org/split-ca 52ms (cache miss)
2465 timing idealTree:node_modules/dockerode Completed in 56ms
2466 silly placeDep ROOT split-ca@1.0.1 OK for: docker-modem@3.0.8 want: ^1.0.1
2467 silly placeDep ROOT ssh2@1.17.0 OK for: docker-modem@3.0.8 want: ^1.11.0
2468 silly fetch manifest nan@^2.23.0
2469 silly fetch manifest cpu-features@~0.0.10
2470 http fetch GET 200 https://registry.npmjs.org/nan 71ms (cache miss)
2471 http fetch GET 200 https://registry.npmjs.org/cpu-features 77ms (cache miss)
2472 timing idealTree:node_modules/docker-modem Completed in 82ms
2473 silly placeDep node_modules/lazystream readable-stream@2.3.8 OK for: lazystream@1.0.1 want: ^2.0.5
2474 timing idealTree:node_modules/lazystream Completed in 2ms
2475 timing idealTree:node_modules/lodash.defaults Completed in 0ms
2476 timing idealTree:node_modules/lodash.difference Completed in 0ms
2477 timing idealTree:node_modules/lodash.flatten Completed in 0ms
2478 timing idealTree:node_modules/lodash.isplainobject Completed in 0ms
2479 timing idealTree:node_modules/lodash.union Completed in 0ms
2480 silly placeDep ROOT whatwg-url@5.0.0 OK for: node-fetch@2.7.0 want: ^5.0.0
2481 silly fetch manifest tr46@~0.0.3
2482 silly fetch manifest webidl-conversions@^3.0.0
2483 http fetch GET 200 https://registry.npmjs.org/webidl-conversions 49ms (cache miss)
2484 http fetch GET 200 https://registry.npmjs.org/tr46 61ms (cache miss)
2485 timing idealTree:node_modules/node-fetch Completed in 63ms
2486 timing idealTree:node_modules/properties-reader Completed in 0ms
2487 silly placeDep ROOT string_decoder@1.3.0 OK for: readable-stream@3.6.2 want: ^1.1.1
2488 silly fetch manifest safe-buffer@~5.2.0
2489 silly placeDep ROOT util-deprecate@1.0.2 OK for: readable-stream@3.6.2 want: ^1.0.1
2490 timing idealTree:node_modules/readable-stream Completed in 3ms
2491 silly placeDep node_modules/readdir-glob minimatch@5.1.6 OK for: readdir-glob@1.1.3 want: ^5.1.0
2492 silly fetch manifest brace-expansion@^2.0.1
2493 timing idealTree:node_modules/readdir-glob Completed in 2ms
2494 timing idealTree:node_modules/split-ca Completed in 0ms
2495 silly placeDep node_modules/ssh-remote-port-forward @types/ssh2@0.5.52 OK for: ssh-remote-port-forward@1.0.4 want: ^0.5.48
2496 silly fetch manifest @types/ssh2-streams@*
2497 http fetch GET 200 https://registry.npmjs.org/@types%2fssh2-streams 72ms (cache miss)
2498 timing idealTree:node_modules/ssh-remote-port-forward Completed in 75ms
2499 silly placeDep ROOT cpu-features@0.0.10 OK for: ssh2@1.17.0 want: ~0.0.10
2500 silly fetch manifest buildcheck@~0.0.6
2501 silly fetch manifest nan@^2.19.0
2502 silly placeDep ROOT nan@2.24.0 OK for: ssh2@1.17.0 want: ^2.23.0
2503 http fetch GET 200 https://registry.npmjs.org/buildcheck 50ms (cache miss)
2504 timing idealTree:node_modules/ssh2 Completed in 52ms
2505 silly placeDep ROOT buildcheck@0.0.7 OK for: cpu-features@0.0.10 want: ~0.0.6
2506 timing idealTree:node_modules/cpu-features Completed in 1ms
2507 timing idealTree:node_modules/buildcheck Completed in 0ms
2508 timing idealTree:node_modules/nan Completed in 0ms
2509 silly placeDep ROOT safe-buffer@5.2.1 OK for: string_decoder@1.3.0 want: ~5.2.0
2510 timing idealTree:node_modules/string_decoder Completed in 1ms
2511 timing idealTree:node_modules/safe-buffer Completed in 0ms
2512 silly placeDep ROOT chownr@1.1.4 OK for: tar-fs@2.1.4 want: ^1.1.1
2513 silly placeDep ROOT mkdirp-classic@0.5.3 OK for: tar-fs@2.1.4 want: ^0.5.2
2514 silly placeDep ROOT pump@3.0.3 OK for: tar-fs@2.1.4 want: ^3.0.0
2515 silly fetch manifest end-of-stream@^1.1.0
2516 timing idealTree:node_modules/tar-fs Completed in 4ms
2517 timing idealTree:node_modules/chownr Completed in 0ms
2518 timing idealTree:node_modules/mkdirp-classic Completed in 0ms
2519 silly placeDep ROOT end-of-stream@1.4.5 OK for: pump@3.0.3 want: ^1.1.0
2520 timing idealTree:node_modules/pump Completed in 1ms
2521 timing idealTree:node_modules/end-of-stream Completed in 0ms
2522 silly placeDep ROOT bl@4.1.0 OK for: tar-stream@2.2.0 want: ^4.0.3
2523 silly fetch manifest buffer@^5.5.0
2524 silly placeDep ROOT fs-constants@1.0.0 OK for: tar-stream@2.2.0 want: ^1.0.0
2525 http fetch GET 200 https://registry.npmjs.org/buffer 65ms (cache miss)
2526 timing idealTree:node_modules/tar-stream Completed in 70ms
2527 silly placeDep ROOT buffer@5.7.1 OK for: bl@4.1.0 want: ^5.5.0
2528 silly fetch manifest base64-js@^1.3.1
2529 silly fetch manifest ieee754@^1.1.13
2530 http fetch GET 200 https://registry.npmjs.org/ieee754 53ms (cache miss)
2531 http fetch GET 200 https://registry.npmjs.org/base64-js 72ms (cache miss)
2532 timing idealTree:node_modules/bl Completed in 74ms
2533 silly placeDep ROOT base64-js@1.5.1 OK for: buffer@5.7.1 want: ^1.3.1
2534 silly placeDep ROOT ieee754@1.2.1 OK for: buffer@5.7.1 want: ^1.1.13
2535 timing idealTree:node_modules/buffer Completed in 2ms
2536 timing idealTree:node_modules/base64-js Completed in 0ms
2537 timing idealTree:node_modules/fs-constants Completed in 0ms
2538 timing idealTree:node_modules/ieee754 Completed in 0ms
2539 silly placeDep ROOT any-promise@1.3.0 OK for: thenify@3.3.1 want: ^1.0.0
2540 timing idealTree:node_modules/thenify Completed in 1ms
2541 timing idealTree:node_modules/any-promise Completed in 0ms
2542 timing idealTree:node_modules/thenify-ex Completed in 0ms
2543 timing idealTree:node_modules/thunky Completed in 0ms
2544 timing idealTree:node_modules/tiny-invariant Completed in 0ms
2545 timing idealTree:node_modules/tmp Completed in 0ms
2546 silly placeDep ROOT is-number@7.0.0 OK for: to-regex-range@5.0.1 want: ^7.0.0
2547 timing idealTree:node_modules/to-regex-range Completed in 1ms
2548 timing idealTree:node_modules/is-number Completed in 0ms
2549 timing idealTree:node_modules/ts-pattern Completed in 0ms
2550 timing idealTree:node_modules/tslib Completed in 0ms
2551 silly placeDep node_modules/tsyringe tslib@1.14.1 OK for: tsyringe@4.10.0 want: ^1.9.3
2552 timing idealTree:node_modules/tsyringe Completed in 1ms
2553 timing idealTree:node_modules/tweetnacl Completed in 0ms
2554 timing idealTree:node_modules/type-detect Completed in 0ms
2555 timing idealTree:node_modules/type-fest Completed in 0ms
2556 timing idealTree:node_modules/typescript Completed in 0ms
2557 timing idealTree:node_modules/undici-types Completed in 0ms
2558 silly placeDep ROOT escalade@3.2.0 OK for: update-browserslist-db@1.2.3 want: ^3.2.0
2559 timing idealTree:node_modules/update-browserslist-db Completed in 1ms
2560 timing idealTree:node_modules/escalade Completed in 0ms
2561 silly placeDep ROOT is-arguments@1.2.0 OK for: util@0.12.5 want: ^1.0.4
2562 silly placeDep ROOT is-generator-function@1.1.2 OK for: util@0.12.5 want: ^1.0.7
2563 silly fetch manifest generator-function@^2.0.0
2564 silly fetch manifest safe-regex-test@^1.1.0
2565 silly placeDep ROOT is-typed-array@1.1.15 OK for: util@0.12.5 want: ^1.1.3
2566 silly fetch manifest which-typed-array@^1.1.16
2567 silly placeDep ROOT which-typed-array@1.1.19 OK for: util@0.12.5 want: ^1.1.2
2568 silly fetch manifest available-typed-arrays@^1.0.7
2569 silly fetch manifest for-each@^0.3.5
2570 http fetch GET 200 https://registry.npmjs.org/available-typed-arrays 58ms (cache miss)
2571 http fetch GET 200 https://registry.npmjs.org/safe-regex-test 64ms (cache miss)
2572 http fetch GET 200 https://registry.npmjs.org/generator-function 70ms (cache miss)
2573 http fetch GET 200 https://registry.npmjs.org/for-each 90ms (cache miss)
2574 timing idealTree:node_modules/util Completed in 98ms
2575 timing idealTree:node_modules/is-arguments Completed in 0ms
2576 silly placeDep ROOT generator-function@2.0.1 OK for: is-generator-function@1.1.2 want: ^2.0.0
2577 silly placeDep ROOT safe-regex-test@1.1.0 OK for: is-generator-function@1.1.2 want: ^1.1.0
2578 silly fetch manifest is-regex@^1.2.1
2579 http fetch GET 200 https://registry.npmjs.org/is-regex 217ms (cache miss)
2580 timing idealTree:node_modules/is-generator-function Completed in 220ms
2581 timing idealTree:node_modules/generator-function Completed in 0ms
2582 timing idealTree:node_modules/is-typed-array Completed in 0ms
2583 silly placeDep ROOT is-regex@1.2.1 OK for: safe-regex-test@1.1.0 want: ^1.2.1
2584 timing idealTree:node_modules/safe-regex-test Completed in 2ms
2585 timing idealTree:node_modules/is-regex Completed in 0ms
2586 timing idealTree:node_modules/util-deprecate Completed in 0ms
2587 timing idealTree:node_modules/uuid Completed in 0ms
2588 timing idealTree:node_modules/v8-to-istanbul Completed in 0ms
2589 silly fetch manifest less@*
2590 http fetch GET 200 https://registry.npmjs.org/less 163ms (cache miss)
2591 silly fetch manifest lightningcss@^1.21.0
2592 http fetch GET 200 https://registry.npmjs.org/lightningcss 57ms (cache miss)
2593 silly fetch manifest sass@*
2594 http fetch GET 200 https://registry.npmjs.org/sass 141ms (cache miss)
2595 silly fetch manifest sass-embedded@*
2596 http fetch GET 200 https://registry.npmjs.org/sass-embedded 154ms (cache miss)
2597 silly fetch manifest stylus@*
2598 http fetch GET 200 https://registry.npmjs.org/stylus 76ms (cache miss)
2599 silly fetch manifest sugarss@*
2600 http fetch GET 200 https://registry.npmjs.org/sugarss 67ms (cache miss)
2601 silly fetch manifest postcss@^8.3.3
2602 http fetch GET 200 https://registry.npmjs.org/postcss 76ms (cache miss)
2603 silly fetch manifest terser@^5.4.0
2604 http fetch GET 200 https://registry.npmjs.org/terser 122ms (cache miss)
2605 silly fetch manifest msw@^2.4.9
2606 http fetch GET 200 https://registry.npmjs.org/msw 89ms (cache miss)
2607 silly fetch manifest typescript@>= 4.8.x
2608 silly placeDep ROOT @vitest/expect@2.1.9 OK for: vitest@2.1.9 want: 2.1.9
2609 silly placeDep ROOT @vitest/mocker@2.1.9 OK for: vitest@2.1.9 want: 2.1.9
2610 silly fetch manifest estree-walker@^3.0.3
2611 silly placeDep ROOT @vitest/pretty-format@2.1.9 OK for: vitest@2.1.9 want: ^2.1.9
2612 silly placeDep ROOT @vitest/runner@2.1.9 OK for: vitest@2.1.9 want: 2.1.9
2613 silly placeDep ROOT @vitest/snapshot@2.1.9 OK for: vitest@2.1.9 want: 2.1.9
2614 silly placeDep ROOT @vitest/spy@2.1.9 OK for: vitest@2.1.9 want: 2.1.9
2615 silly fetch manifest tinyspy@^3.0.2
2616 silly placeDep ROOT @vitest/utils@2.1.9 OK for: vitest@2.1.9 want: 2.1.9
2617 silly fetch manifest loupe@^3.1.2
2618 silly placeDep ROOT chai@5.3.3 OK for: vitest@2.1.9 want: ^5.1.2
2619 silly fetch manifest loupe@^3.1.0
2620 silly fetch manifest pathval@^2.0.0
2621 silly fetch manifest deep-eql@^5.0.1
2622 silly fetch manifest check-error@^2.1.1
2623 silly fetch manifest assertion-error@^2.0.1
2624 silly placeDep ROOT expect-type@1.3.0 OK for: vitest@2.1.9 want: ^1.1.0
2625 silly placeDep ROOT magic-string@0.30.21 OK for: vitest@2.1.9 want: ^0.30.12
2626 silly placeDep ROOT pathe@1.1.2 OK for: vitest@2.1.9 want: ^1.1.2
2627 silly placeDep ROOT std-env@3.10.0 OK for: vitest@2.1.9 want: ^3.8.0
2628 silly placeDep ROOT tinybench@2.9.0 OK for: vitest@2.1.9 want: ^2.9.0
2629 silly placeDep ROOT tinyexec@0.3.2 OK for: vitest@2.1.9 want: ^0.3.1
2630 silly placeDep ROOT tinypool@1.1.1 OK for: vitest@2.1.9 want: ^1.0.1
2631 silly placeDep ROOT tinyrainbow@1.2.0 OK for: vitest@2.1.9 want: ^1.2.0
2632 silly placeDep ROOT vite@5.4.21 OK for: vitest@2.1.9 want: ^5.0.0
2633 silly fetch manifest rollup@^4.20.0
2634 silly fetch manifest esbuild@^0.21.3
2635 silly fetch manifest postcss@^8.4.43
2636 silly placeDep ROOT vite-node@2.1.9 OK for: vitest@2.1.9 want: 2.1.9
2637 silly fetch manifest cac@^6.7.14
2638 silly fetch manifest es-module-lexer@^1.5.4
2639 silly placeDep ROOT why-is-node-running@2.3.0 OK for: vitest@2.1.9 want: ^2.3.0
2640 silly fetch manifest siginfo@^2.0.0
2641 silly fetch manifest stackback@0.0.2
2642 http fetch GET 200 https://registry.npmjs.org/es-module-lexer 122ms (cache miss)
2643 http fetch GET 200 https://registry.npmjs.org/assertion-error 140ms (cache miss)
2644 http fetch GET 200 https://registry.npmjs.org/check-error 141ms (cache miss)
2645 http fetch GET 200 https://registry.npmjs.org/siginfo 125ms (cache miss)
2646 http fetch GET 200 https://registry.npmjs.org/pathval 144ms (cache miss)
2647 http fetch GET 200 https://registry.npmjs.org/deep-eql 145ms (cache miss)
2648 http fetch GET 200 https://registry.npmjs.org/estree-walker 167ms (cache miss)
2649 http fetch GET 200 https://registry.npmjs.org/stackback 129ms (cache miss)
2650 http fetch GET 200 https://registry.npmjs.org/loupe 151ms (cache miss)
2651 http fetch GET 200 https://registry.npmjs.org/tinyspy 163ms (cache miss)
2652 http fetch GET 200 https://registry.npmjs.org/loupe 152ms (cache miss)
2653 http fetch GET 200 https://registry.npmjs.org/cac 137ms (cache miss)
2654 http fetch GET 200 https://registry.npmjs.org/rollup 216ms (cache miss)
2655 timing idealTree:node_modules/vitest Completed in 1309ms
2656 timing idealTree:node_modules/@vitest/expect Completed in 1ms
2657 silly placeDep ROOT estree-walker@3.0.3 OK for: @vitest/mocker@2.1.9 want: ^3.0.3
2658 silly fetch manifest @types/estree@^1.0.0
2659 http fetch GET 200 https://registry.npmjs.org/@types%2festree 121ms (cache miss)
2660 timing idealTree:node_modules/@vitest/mocker Completed in 134ms
2661 timing idealTree:node_modules/@vitest/pretty-format Completed in 0ms
2662 timing idealTree:node_modules/@vitest/runner Completed in 0ms
2663 timing idealTree:node_modules/@vitest/snapshot Completed in 0ms
2664 silly placeDep ROOT tinyspy@3.0.2 OK for: @vitest/spy@2.1.9 want: ^3.0.2
2665 timing idealTree:node_modules/@vitest/spy Completed in 2ms
2666 silly placeDep ROOT loupe@3.2.1 OK for: @vitest/utils@2.1.9 want: ^3.1.2
2667 timing idealTree:node_modules/@vitest/utils Completed in 1ms
2668 silly placeDep ROOT assertion-error@2.0.1 OK for: chai@5.3.3 want: ^2.0.1
2669 silly placeDep ROOT check-error@2.1.3 OK for: chai@5.3.3 want: ^2.1.1
2670 silly placeDep ROOT deep-eql@5.0.2 OK for: chai@5.3.3 want: ^5.0.1
2671 silly placeDep ROOT pathval@2.0.1 OK for: chai@5.3.3 want: ^2.0.0
2672 timing idealTree:node_modules/chai Completed in 4ms
2673 timing idealTree:node_modules/assertion-error Completed in 0ms
2674 timing idealTree:node_modules/check-error Completed in 0ms
2675 timing idealTree:node_modules/deep-eql Completed in 0ms
2676 silly placeDep ROOT @types/estree@1.0.8 OK for: estree-walker@3.0.3 want: ^1.0.0
2677 timing idealTree:node_modules/estree-walker Completed in 1ms
2678 timing idealTree:node_modules/@types/estree Completed in 0ms
2679 timing idealTree:node_modules/expect-type Completed in 0ms
2680 timing idealTree:node_modules/loupe Completed in 0ms
2681 timing idealTree:node_modules/magic-string Completed in 0ms
2682 timing idealTree:node_modules/pathe Completed in 0ms
2683 timing idealTree:node_modules/pathval Completed in 0ms
2684 timing idealTree:node_modules/std-env Completed in 0ms
2685 timing idealTree:node_modules/tinybench Completed in 0ms
2686 timing idealTree:node_modules/tinyexec Completed in 0ms
2687 timing idealTree:node_modules/tinypool Completed in 0ms
2688 timing idealTree:node_modules/tinyrainbow Completed in 0ms
2689 timing idealTree:node_modules/tinyspy Completed in 0ms
2690 silly placeDep node_modules/vite esbuild@0.21.5 OK for: vite@5.4.21 want: ^0.21.3
2691 silly fetch manifest @esbuild/aix-ppc64@0.21.5
2692 silly fetch manifest @esbuild/linux-arm@0.21.5
2693 silly fetch manifest @esbuild/linux-x64@0.21.5
2694 silly fetch manifest @esbuild/sunos-x64@0.21.5
2695 silly fetch manifest @esbuild/win32-x64@0.21.5
2696 silly fetch manifest @esbuild/darwin-x64@0.21.5
2697 silly fetch manifest @esbuild/linux-ia32@0.21.5
2698 silly fetch manifest @esbuild/netbsd-x64@0.21.5
2699 silly fetch manifest @esbuild/win32-ia32@0.21.5
2700 silly fetch manifest @esbuild/android-arm@0.21.5
2701 silly fetch manifest @esbuild/android-x64@0.21.5
2702 silly fetch manifest @esbuild/freebsd-x64@0.21.5
2703 silly fetch manifest @esbuild/linux-arm64@0.21.5
2704 silly fetch manifest @esbuild/linux-ppc64@0.21.5
2705 silly fetch manifest @esbuild/linux-s390x@0.21.5
2706 silly fetch manifest @esbuild/openbsd-x64@0.21.5
2707 silly fetch manifest @esbuild/win32-arm64@0.21.5
2708 silly fetch manifest @esbuild/darwin-arm64@0.21.5
2709 silly fetch manifest @esbuild/android-arm64@0.21.5
2710 silly fetch manifest @esbuild/freebsd-arm64@0.21.5
2711 silly fetch manifest @esbuild/linux-loong64@0.21.5
2712 silly fetch manifest @esbuild/linux-riscv64@0.21.5
2713 silly fetch manifest @esbuild/linux-mips64el@0.21.5
2714 silly placeDep ROOT postcss@8.5.6 OK for: vite@5.4.21 want: ^8.4.43
2715 silly fetch manifest nanoid@^3.3.11
2716 silly fetch manifest source-map-js@^1.2.1
2717 silly placeDep ROOT rollup@4.55.1 OK for: vite@5.4.21 want: ^4.20.0
2718 silly fetch manifest @rollup/rollup-darwin-arm64@4.55.1
2719 silly fetch manifest @rollup/rollup-android-arm64@4.55.1
2720 silly fetch manifest @rollup/rollup-win32-arm64-msvc@4.55.1
2721 silly fetch manifest @rollup/rollup-freebsd-arm64@4.55.1
2722 silly fetch manifest @rollup/rollup-linux-arm64-gnu@4.55.1
2723 silly fetch manifest @rollup/rollup-linux-arm64-musl@4.55.1
2724 silly fetch manifest @rollup/rollup-android-arm-eabi@4.55.1
2725 silly fetch manifest @rollup/rollup-linux-arm-gnueabihf@4.55.1
2726 silly fetch manifest @rollup/rollup-linux-arm-musleabihf@4.55.1
2727 silly fetch manifest @rollup/rollup-win32-ia32-msvc@4.55.1
2728 silly fetch manifest @rollup/rollup-linux-loong64-gnu@4.55.1
2729 silly fetch manifest @rollup/rollup-linux-loong64-musl@4.55.1
2730 silly fetch manifest @rollup/rollup-linux-riscv64-gnu@4.55.1
2731 silly fetch manifest @rollup/rollup-linux-riscv64-musl@4.55.1
2732 silly fetch manifest @rollup/rollup-linux-ppc64-gnu@4.55.1
2733 silly fetch manifest @rollup/rollup-linux-ppc64-musl@4.55.1
2734 silly fetch manifest @rollup/rollup-linux-s390x-gnu@4.55.1
2735 silly fetch manifest @rollup/rollup-darwin-x64@4.55.1
2736 silly fetch manifest @rollup/rollup-win32-x64-gnu@4.55.1
2737 silly fetch manifest @rollup/rollup-win32-x64-msvc@4.55.1
2738 silly fetch manifest @rollup/rollup-freebsd-x64@4.55.1
2739 silly fetch manifest @rollup/rollup-linux-x64-gnu@4.55.1
2740 silly fetch manifest @rollup/rollup-linux-x64-musl@4.55.1
2741 silly fetch manifest @rollup/rollup-openbsd-x64@4.55.1
2742 silly fetch manifest @rollup/rollup-openharmony-arm64@4.55.1
2743 http fetch GET 200 https://registry.npmjs.org/@esbuild%2fandroid-x64 231ms (cache miss)
2744 http fetch GET 200 https://registry.npmjs.org/@esbuild%2flinux-ia32 272ms (cache miss)
2745 http fetch GET 200 https://registry.npmjs.org/@esbuild%2faix-ppc64 302ms (cache miss)
2746 http fetch GET 200 https://registry.npmjs.org/@esbuild%2fnetbsd-x64 299ms (cache miss)
2747 http fetch GET 200 https://registry.npmjs.org/@esbuild%2flinux-arm 309ms (cache miss)
2748 http fetch GET 200 https://registry.npmjs.org/@esbuild%2fwin32-ia32 314ms (cache miss)
2749 http fetch GET 200 https://registry.npmjs.org/@esbuild%2ffreebsd-x64 316ms (cache miss)
2750 http fetch GET 200 https://registry.npmjs.org/@esbuild%2fwin32-x64 327ms (cache miss)
2751 http fetch GET 200 https://registry.npmjs.org/@esbuild%2fdarwin-x64 336ms (cache miss)
2752 http fetch GET 200 https://registry.npmjs.org/@esbuild%2fopenbsd-x64 323ms (cache miss)
2753 http fetch GET 200 https://registry.npmjs.org/@esbuild%2flinux-x64 342ms (cache miss)
2754 http fetch GET 200 https://registry.npmjs.org/source-map-js 311ms (cache miss)
2755 http fetch GET 200 https://registry.npmjs.org/@esbuild%2flinux-s390x 330ms (cache miss)
2756 http fetch GET 200 https://registry.npmjs.org/@esbuild%2fsunos-x64 345ms (cache miss)
2757 http fetch GET 200 https://registry.npmjs.org/@esbuild%2flinux-arm64 334ms (cache miss)
2758 http fetch GET 200 https://registry.npmjs.org/@esbuild%2flinux-ppc64 336ms (cache miss)
2759 http fetch GET 200 https://registry.npmjs.org/@esbuild%2fandroid-arm64 339ms (cache miss)
2760 http fetch GET 200 https://registry.npmjs.org/nanoid 333ms (cache miss)
2761 http fetch GET 200 https://registry.npmjs.org/@esbuild%2fdarwin-arm64 345ms (cache miss)
2762 http fetch GET 200 https://registry.npmjs.org/@esbuild%2fwin32-arm64 348ms (cache miss)
2763 http fetch GET 200 https://registry.npmjs.org/@esbuild%2flinux-riscv64 344ms (cache miss)
2764 http fetch GET 200 https://registry.npmjs.org/@esbuild%2flinux-mips64el 343ms (cache miss)
2765 http fetch GET 200 https://registry.npmjs.org/@esbuild%2ffreebsd-arm64 348ms (cache miss)
2766 http fetch GET 200 https://registry.npmjs.org/@rollup%2frollup-linux-loong64-musl 314ms (cache miss)
2767 http fetch GET 200 https://registry.npmjs.org/@rollup%2frollup-darwin-arm64 337ms (cache miss)
2768 http fetch GET 200 https://registry.npmjs.org/@rollup%2frollup-linux-arm64-musl 322ms (cache miss)
2769 http fetch GET 200 https://registry.npmjs.org/@rollup%2frollup-win32-arm64-msvc 349ms (cache miss)
2770 http fetch GET 200 https://registry.npmjs.org/@rollup%2frollup-linux-riscv64-musl 329ms (cache miss)
2771 http fetch GET 200 https://registry.npmjs.org/@rollup%2frollup-linux-loong64-gnu 334ms (cache miss)
2772 http fetch GET 200 https://registry.npmjs.org/@rollup%2frollup-linux-arm-musleabihf 340ms (cache miss)
2773 http fetch GET 200 https://registry.npmjs.org/@rollup%2frollup-linux-ppc64-gnu 335ms (cache miss)
2774 http fetch GET 200 https://registry.npmjs.org/@rollup%2frollup-android-arm-eabi 348ms (cache miss)
2775 http fetch GET 200 https://registry.npmjs.org/@rollup%2frollup-freebsd-arm64 363ms (cache miss)
2776 http fetch GET 200 https://registry.npmjs.org/@rollup%2frollup-linux-ppc64-musl 342ms (cache miss)
2777 http fetch GET 200 https://registry.npmjs.org/@rollup%2frollup-linux-riscv64-gnu 350ms (cache miss)
2778 http fetch GET 200 https://registry.npmjs.org/@rollup%2frollup-android-arm64 375ms (cache miss)
2779 http fetch GET 200 https://registry.npmjs.org/@rollup%2frollup-linux-arm64-gnu 374ms (cache miss)
2780 http fetch GET 200 https://registry.npmjs.org/@rollup%2frollup-win32-ia32-msvc 364ms (cache miss)
2781 http fetch GET 200 https://registry.npmjs.org/@rollup%2frollup-linux-arm-gnueabihf 366ms (cache miss)
2782 http fetch GET 200 https://registry.npmjs.org/@rollup%2frollup-freebsd-x64 354ms (cache miss)
2783 http fetch GET 200 https://registry.npmjs.org/@rollup%2frollup-linux-x64-gnu 354ms (cache miss)
2784 http fetch GET 200 https://registry.npmjs.org/@rollup%2frollup-openbsd-x64 352ms (cache miss)
2785 http fetch GET 200 https://registry.npmjs.org/@rollup%2frollup-win32-x64-gnu 360ms (cache miss)
2786 http fetch GET 200 https://registry.npmjs.org/@rollup%2frollup-linux-s390x-gnu 364ms (cache miss)
2787 http fetch GET 200 https://registry.npmjs.org/@rollup%2frollup-openharmony-arm64 352ms (cache miss)
2788 http fetch GET 200 https://registry.npmjs.org/@rollup%2frollup-darwin-x64 364ms (cache miss)
2789 http fetch GET 200 https://registry.npmjs.org/@rollup%2frollup-linux-x64-musl 357ms (cache miss)
2790 http fetch GET 200 https://registry.npmjs.org/@rollup%2frollup-win32-x64-msvc 363ms (cache miss)
2791 timing idealTree:node_modules/vite Completed in 444ms
2792 silly placeDep ROOT nanoid@3.3.11 OK for: postcss@8.5.6 want: ^3.3.11
2793 silly placeDep ROOT source-map-js@1.2.1 OK for: postcss@8.5.6 want: ^1.2.1
2794 timing idealTree:node_modules/postcss Completed in 3ms
2795 timing idealTree:node_modules/nanoid Completed in 0ms
2796 silly placeDep ROOT @rollup/rollup-android-arm-eabi@4.55.1 OK for: rollup@4.55.1 want: 4.55.1
2797 silly placeDep ROOT @rollup/rollup-android-arm64@4.55.1 OK for: rollup@4.55.1 want: 4.55.1
2798 silly placeDep ROOT @rollup/rollup-darwin-arm64@4.55.1 OK for: rollup@4.55.1 want: 4.55.1
2799 silly placeDep ROOT @rollup/rollup-darwin-x64@4.55.1 OK for: rollup@4.55.1 want: 4.55.1
2800 silly placeDep ROOT @rollup/rollup-freebsd-arm64@4.55.1 OK for: rollup@4.55.1 want: 4.55.1
2801 silly placeDep ROOT @rollup/rollup-freebsd-x64@4.55.1 OK for: rollup@4.55.1 want: 4.55.1
2802 silly placeDep ROOT @rollup/rollup-linux-arm-gnueabihf@4.55.1 OK for: rollup@4.55.1 want: 4.55.1
2803 silly placeDep ROOT @rollup/rollup-linux-arm-musleabihf@4.55.1 OK for: rollup@4.55.1 want: 4.55.1
2804 silly placeDep ROOT @rollup/rollup-linux-arm64-gnu@4.55.1 OK for: rollup@4.55.1 want: 4.55.1
2805 silly placeDep ROOT @rollup/rollup-linux-arm64-musl@4.55.1 OK for: rollup@4.55.1 want: 4.55.1
2806 silly placeDep ROOT @rollup/rollup-linux-loong64-gnu@4.55.1 OK for: rollup@4.55.1 want: 4.55.1
2807 silly placeDep ROOT @rollup/rollup-linux-loong64-musl@4.55.1 OK for: rollup@4.55.1 want: 4.55.1
2808 silly placeDep ROOT @rollup/rollup-linux-ppc64-gnu@4.55.1 OK for: rollup@4.55.1 want: 4.55.1
2809 silly placeDep ROOT @rollup/rollup-linux-ppc64-musl@4.55.1 OK for: rollup@4.55.1 want: 4.55.1
2810 silly placeDep ROOT @rollup/rollup-linux-riscv64-gnu@4.55.1 OK for: rollup@4.55.1 want: 4.55.1
2811 silly placeDep ROOT @rollup/rollup-linux-riscv64-musl@4.55.1 OK for: rollup@4.55.1 want: 4.55.1
2812 silly placeDep ROOT @rollup/rollup-linux-s390x-gnu@4.55.1 OK for: rollup@4.55.1 want: 4.55.1
2813 silly placeDep ROOT @rollup/rollup-linux-x64-gnu@4.55.1 OK for: rollup@4.55.1 want: 4.55.1
2814 silly placeDep ROOT @rollup/rollup-linux-x64-musl@4.55.1 OK for: rollup@4.55.1 want: 4.55.1
2815 silly placeDep ROOT @rollup/rollup-openbsd-x64@4.55.1 OK for: rollup@4.55.1 want: 4.55.1
2816 silly placeDep ROOT @rollup/rollup-openharmony-arm64@4.55.1 OK for: rollup@4.55.1 want: 4.55.1
2817 silly placeDep ROOT @rollup/rollup-win32-arm64-msvc@4.55.1 OK for: rollup@4.55.1 want: 4.55.1
2818 silly placeDep ROOT @rollup/rollup-win32-ia32-msvc@4.55.1 OK for: rollup@4.55.1 want: 4.55.1
2819 silly placeDep ROOT @rollup/rollup-win32-x64-gnu@4.55.1 OK for: rollup@4.55.1 want: 4.55.1
2820 silly placeDep ROOT @rollup/rollup-win32-x64-msvc@4.55.1 OK for: rollup@4.55.1 want: 4.55.1
2821 timing idealTree:node_modules/rollup Completed in 33ms
2822 timing idealTree:node_modules/@rollup/rollup-android-arm-eabi Completed in 0ms
2823 timing idealTree:node_modules/@rollup/rollup-android-arm64 Completed in 0ms
2824 timing idealTree:node_modules/@rollup/rollup-darwin-arm64 Completed in 0ms
2825 timing idealTree:node_modules/@rollup/rollup-darwin-x64 Completed in 0ms
2826 timing idealTree:node_modules/@rollup/rollup-freebsd-arm64 Completed in 0ms
2827 timing idealTree:node_modules/@rollup/rollup-freebsd-x64 Completed in 0ms
2828 timing idealTree:node_modules/@rollup/rollup-linux-arm-gnueabihf Completed in 0ms
2829 timing idealTree:node_modules/@rollup/rollup-linux-arm-musleabihf Completed in 0ms
2830 timing idealTree:node_modules/@rollup/rollup-linux-arm64-gnu Completed in 0ms
2831 timing idealTree:node_modules/@rollup/rollup-linux-arm64-musl Completed in 0ms
2832 timing idealTree:node_modules/@rollup/rollup-linux-loong64-gnu Completed in 0ms
2833 timing idealTree:node_modules/@rollup/rollup-linux-loong64-musl Completed in 0ms
2834 timing idealTree:node_modules/@rollup/rollup-linux-ppc64-gnu Completed in 0ms
2835 timing idealTree:node_modules/@rollup/rollup-linux-ppc64-musl Completed in 0ms
2836 timing idealTree:node_modules/@rollup/rollup-linux-riscv64-gnu Completed in 0ms
2837 timing idealTree:node_modules/@rollup/rollup-linux-riscv64-musl Completed in 0ms
2838 timing idealTree:node_modules/@rollup/rollup-linux-s390x-gnu Completed in 0ms
2839 timing idealTree:node_modules/@rollup/rollup-linux-x64-gnu Completed in 0ms
2840 timing idealTree:node_modules/@rollup/rollup-linux-x64-musl Completed in 0ms
2841 timing idealTree:node_modules/@rollup/rollup-openbsd-x64 Completed in 0ms
2842 timing idealTree:node_modules/@rollup/rollup-openharmony-arm64 Completed in 0ms
2843 timing idealTree:node_modules/@rollup/rollup-win32-arm64-msvc Completed in 0ms
2844 timing idealTree:node_modules/@rollup/rollup-win32-ia32-msvc Completed in 0ms
2845 timing idealTree:node_modules/@rollup/rollup-win32-x64-gnu Completed in 0ms
2846 timing idealTree:node_modules/@rollup/rollup-win32-x64-msvc Completed in 0ms
2847 timing idealTree:node_modules/source-map-js Completed in 0ms
2848 silly placeDep ROOT cac@6.7.14 OK for: vite-node@2.1.9 want: ^6.7.14
2849 silly placeDep ROOT es-module-lexer@1.7.0 OK for: vite-node@2.1.9 want: ^1.5.4
2850 timing idealTree:node_modules/vite-node Completed in 2ms
2851 timing idealTree:node_modules/cac Completed in 0ms
2852 timing idealTree:node_modules/es-module-lexer Completed in 0ms
2853 silly placeDep ROOT makeerror@1.0.12 OK for: walker@1.0.8 want: 1.0.12
2854 silly fetch manifest tmpl@1.0.5
2855 http fetch GET 200 https://registry.npmjs.org/tmpl 57ms (cache miss)
2856 timing idealTree:node_modules/walker Completed in 60ms
2857 silly placeDep ROOT tmpl@1.0.5 OK for: makeerror@1.0.12 want: 1.0.5
2858 timing idealTree:node_modules/makeerror Completed in 1ms
2859 timing idealTree:node_modules/tmpl Completed in 0ms
2860 timing idealTree:node_modules/webcrypto-core Completed in 0ms
2861 silly placeDep ROOT minimist@1.2.6 OK for: wget-improved-2@3.3.0 want: 1.2.6
2862 silly placeDep ROOT tunnel@0.0.6 OK for: wget-improved-2@3.3.0 want: 0.0.6
2863 timing idealTree:node_modules/wget-improved-2 Completed in 2ms
2864 timing idealTree:node_modules/minimist Completed in 0ms
2865 timing idealTree:node_modules/tunnel Completed in 0ms
2866 silly placeDep ROOT tr46@0.0.3 OK for: whatwg-url@5.0.0 want: ~0.0.3
2867 silly placeDep ROOT webidl-conversions@3.0.1 OK for: whatwg-url@5.0.0 want: ^3.0.0
2868 timing idealTree:node_modules/whatwg-url Completed in 2ms
2869 timing idealTree:node_modules/tr46 Completed in 0ms
2870 timing idealTree:node_modules/webidl-conversions Completed in 0ms
2871 silly placeDep ROOT isexe@2.0.0 OK for: which@2.0.2 want: ^2.0.0
2872 timing idealTree:node_modules/which Completed in 1ms
2873 timing idealTree:node_modules/isexe Completed in 0ms
2874 silly placeDep ROOT available-typed-arrays@1.0.7 OK for: which-typed-array@1.1.19 want: ^1.0.7
2875 silly fetch manifest possible-typed-array-names@^1.0.0
2876 silly placeDep ROOT for-each@0.3.5 OK for: which-typed-array@1.1.19 want: ^0.3.5
2877 silly fetch manifest is-callable@^1.2.7
2878 http fetch GET 200 https://registry.npmjs.org/is-callable 32ms (cache miss)
2879 http fetch GET 200 https://registry.npmjs.org/possible-typed-array-names 57ms (cache miss)
2880 timing idealTree:node_modules/which-typed-array Completed in 65ms
2881 silly placeDep ROOT possible-typed-array-names@1.1.0 OK for: available-typed-arrays@1.0.7 want: ^1.0.0
2882 timing idealTree:node_modules/available-typed-arrays Completed in 1ms
2883 silly placeDep ROOT is-callable@1.2.7 OK for: for-each@0.3.5 want: ^1.2.7
2884 timing idealTree:node_modules/for-each Completed in 1ms
2885 timing idealTree:node_modules/is-callable Completed in 0ms
2886 timing idealTree:node_modules/possible-typed-array-names Completed in 0ms
2887 silly placeDep ROOT siginfo@2.0.0 OK for: why-is-node-running@2.3.0 want: ^2.0.0
2888 silly placeDep ROOT stackback@0.0.2 OK for: why-is-node-running@2.3.0 want: 0.0.2
2889 timing idealTree:node_modules/why-is-node-running Completed in 2ms
2890 timing idealTree:node_modules/siginfo Completed in 0ms
2891 timing idealTree:node_modules/stackback Completed in 0ms
2892 silly placeDep ROOT @colors/colors@1.6.0 OK for: winston@3.19.0 want: ^1.6.0
2893 silly placeDep ROOT @dabh/diagnostics@2.0.8 OK for: winston@3.19.0 want: ^2.0.8
2894 silly fetch manifest @so-ric/colorspace@^1.1.6
2895 silly fetch manifest enabled@2.0.x
2896 silly fetch manifest kuler@^2.0.0
2897 silly placeDep ROOT logform@2.7.0 OK for: winston@3.19.0 want: ^2.7.0
2898 silly fetch manifest @types/triple-beam@^1.3.2
2899 silly fetch manifest fecha@^4.2.0
2900 silly placeDep ROOT one-time@1.0.0 OK for: winston@3.19.0 want: ^1.0.0
2901 silly fetch manifest fn.name@1.x.x
2902 silly placeDep ROOT safe-stable-stringify@2.5.0 OK for: winston@3.19.0 want: ^2.3.1
2903 silly placeDep ROOT stack-trace@0.0.10 OK for: winston@3.19.0 want: 0.0.x
2904 silly placeDep ROOT triple-beam@1.4.1 OK for: winston@3.19.0 want: ^1.3.0
2905 silly placeDep ROOT winston-transport@4.9.0 OK for: winston@3.19.0 want: ^4.9.0
2906 http fetch GET 200 https://registry.npmjs.org/fecha 68ms (cache miss)
2907 http fetch GET 200 https://registry.npmjs.org/@types%2ftriple-beam 68ms (cache miss)
2908 http fetch GET 200 https://registry.npmjs.org/enabled 88ms (cache miss)
2909 http fetch GET 200 https://registry.npmjs.org/@so-ric%2fcolorspace 91ms (cache miss)
2910 http fetch GET 200 https://registry.npmjs.org/fn.name 87ms (cache miss)
2911 http fetch GET 200 https://registry.npmjs.org/kuler 101ms (cache miss)
2912 timing idealTree:node_modules/winston Completed in 107ms
2913 timing idealTree:node_modules/@colors/colors Completed in 0ms
2914 silly placeDep ROOT @so-ric/colorspace@1.1.6 OK for: @dabh/diagnostics@2.0.8 want: ^1.1.6
2915 silly fetch manifest color@^5.0.2
2916 silly fetch manifest text-hex@1.0.x
2917 silly placeDep ROOT enabled@2.0.0 OK for: @dabh/diagnostics@2.0.8 want: 2.0.x
2918 silly placeDep ROOT kuler@2.0.0 OK for: @dabh/diagnostics@2.0.8 want: ^2.0.0
2919 http fetch GET 200 https://registry.npmjs.org/text-hex 54ms (cache miss)
2920 http fetch GET 200 https://registry.npmjs.org/color 77ms (cache miss)
2921 timing idealTree:node_modules/@dabh/diagnostics Completed in 80ms
2922 silly placeDep ROOT color@5.0.3 OK for: @so-ric/colorspace@1.1.6 want: ^5.0.2
2923 silly fetch manifest color-convert@^3.1.3
2924 silly fetch manifest color-string@^2.1.3
2925 silly placeDep ROOT text-hex@1.0.0 OK for: @so-ric/colorspace@1.1.6 want: 1.0.x
2926 http fetch GET 200 https://registry.npmjs.org/color-string 51ms (cache miss)
2927 timing idealTree:node_modules/@so-ric/colorspace Completed in 54ms
2928 silly placeDep node_modules/color color-convert@3.1.3 OK for: color@5.0.3 want: ^3.1.3
2929 silly fetch manifest color-name@^2.0.0
2930 silly placeDep ROOT color-string@2.1.4 OK for: color@5.0.3 want: ^2.1.3
2931 timing idealTree:node_modules/color Completed in 3ms
2932 silly placeDep node_modules/color-string color-name@2.1.0 OK for: color-string@2.1.4 want: ^2.0.0
2933 timing idealTree:node_modules/color-string Completed in 1ms
2934 timing idealTree:node_modules/enabled Completed in 0ms
2935 timing idealTree:node_modules/kuler Completed in 0ms
2936 silly placeDep ROOT @types/triple-beam@1.3.5 OK for: logform@2.7.0 want: ^1.3.2
2937 silly placeDep ROOT fecha@4.2.3 OK for: logform@2.7.0 want: ^4.2.0
2938 timing idealTree:node_modules/logform Completed in 2ms
2939 timing idealTree:node_modules/@types/triple-beam Completed in 0ms
2940 timing idealTree:node_modules/fecha Completed in 0ms
2941 silly placeDep ROOT fn.name@1.1.0 OK for: one-time@1.0.0 want: 1.x.x
2942 timing idealTree:node_modules/one-time Completed in 1ms
2943 timing idealTree:node_modules/fn.name Completed in 0ms
2944 timing idealTree:node_modules/safe-stable-stringify Completed in 0ms
2945 timing idealTree:node_modules/stack-trace Completed in 0ms
2946 timing idealTree:node_modules/text-hex Completed in 0ms
2947 timing idealTree:node_modules/triple-beam Completed in 0ms
2948 timing idealTree:node_modules/winston-transport Completed in 0ms
2949 timing idealTree:node_modules/wrap-ansi Completed in 0ms
2950 timing idealTree:node_modules/wrappy Completed in 0ms
2951 silly placeDep ROOT imurmurhash@0.1.4 OK for: write-file-atomic@4.0.2 want: ^0.1.4
2952 timing idealTree:node_modules/write-file-atomic Completed in 1ms
2953 timing idealTree:node_modules/imurmurhash Completed in 0ms
2954 timing idealTree:node_modules/xml-writer Completed in 0ms
2955 timing idealTree:node_modules/xmlcreate Completed in 0ms
2956 timing idealTree:node_modules/yallist Completed in 0ms
2957 timing idealTree:node_modules/yaml Completed in 0ms
2958 silly placeDep ROOT cliui@8.0.1 OK for: yargs@17.7.2 want: ^8.0.1
2959 silly fetch manifest wrap-ansi@^7.0.0
2960 silly placeDep ROOT get-caller-file@2.0.5 OK for: yargs@17.7.2 want: ^2.0.5
2961 silly placeDep ROOT require-directory@2.1.1 OK for: yargs@17.7.2 want: ^2.1.1
2962 silly placeDep ROOT y18n@5.0.8 OK for: yargs@17.7.2 want: ^5.0.5
2963 silly placeDep ROOT yargs-parser@21.1.1 OK for: yargs@17.7.2 want: ^21.1.1
2964 timing idealTree:node_modules/yargs Completed in 13ms
2965 silly placeDep node_modules/cliui wrap-ansi@7.0.0 OK for: cliui@8.0.1 want: ^7.0.0
2966 timing idealTree:node_modules/cliui Completed in 1ms
2967 timing idealTree:node_modules/get-caller-file Completed in 0ms
2968 timing idealTree:node_modules/require-directory Completed in 0ms
2969 timing idealTree:node_modules/y18n Completed in 0ms
2970 timing idealTree:node_modules/yargs-parser Completed in 0ms
2971 silly placeDep ROOT pend@1.2.0 OK for: yauzl@3.2.0 want: ~1.2.0
2972 timing idealTree:node_modules/yauzl Completed in 1ms
2973 timing idealTree:node_modules/pend Completed in 0ms
2974 timing idealTree:node_modules/yocto-queue Completed in 0ms
2975 timing idealTree:node_modules/yoctocolors-cjs Completed in 0ms
2976 silly placeDep node_modules/zip-stream archiver-utils@3.0.4 OK for: zip-stream@4.1.1 want: ^3.0.4
2977 silly placeDep ROOT compress-commons@4.1.2 OK for: zip-stream@4.1.1 want: ^4.1.2
2978 silly fetch manifest crc32-stream@^4.0.2
2979 http fetch GET 200 https://registry.npmjs.org/crc32-stream 63ms (cache miss)
2980 timing idealTree:node_modules/zip-stream Completed in 75ms
2981 silly placeDep ROOT crc32-stream@4.0.3 OK for: compress-commons@4.1.2 want: ^4.0.2
2982 silly fetch manifest crc-32@^1.2.0
2983 http fetch GET 200 https://registry.npmjs.org/crc-32 49ms (cache miss)
2984 timing idealTree:node_modules/compress-commons Completed in 52ms
2985 silly placeDep ROOT crc-32@1.2.2 OK for: crc32-stream@4.0.3 want: ^1.2.0
2986 timing idealTree:node_modules/crc32-stream Completed in 1ms
2987 timing idealTree:node_modules/crc-32 Completed in 0ms
2988 timing idealTree:node_modules/@normalframework/applications-sdk/node_modules/chalk Completed in 0ms
2989 timing idealTree:node_modules/@normalframework/applications-sdk/node_modules/reflect-metadata Completed in 0ms
2990 timing idealTree:node_modules/@normalframework/applications-sdk/node_modules/uuid Completed in 0ms
2991 timing idealTree:node_modules/@protobuf-ts/plugin-framework/node_modules/typescript Completed in 0ms
2992 timing idealTree:node_modules/@protobuf-ts/plugin/node_modules/typescript Completed in 0ms
2993 silly placeDep node_modules/@types/ssh2 undici-types@5.26.5 OK for: @types/node@18.19.130 want: ~5.26.4
2994 timing idealTree:node_modules/@types/ssh2/node_modules/@types/node Completed in 1ms
2995 timing idealTree:node_modules/@types/ssh2/node_modules/undici-types Completed in 0ms
2996 silly placeDep ROOT core-util-is@1.0.3 OK for: readable-stream@2.3.8 want: ~1.0.0
2997 silly placeDep ROOT isarray@1.0.0 OK for: readable-stream@2.3.8 want: ~1.0.0
2998 silly placeDep ROOT process-nextick-args@2.0.1 OK for: readable-stream@2.3.8 want: ~2.0.0
2999 silly placeDep node_modules/archiver-utils safe-buffer@5.1.2 OK for: readable-stream@2.3.8 want: ~5.1.1
3000 silly placeDep node_modules/archiver-utils string_decoder@1.1.1 OK for: readable-stream@2.3.8 want: ~1.1.1
3001 timing idealTree:node_modules/archiver-utils/node_modules/readable-stream Completed in 5ms
3002 timing idealTree:node_modules/core-util-is Completed in 0ms
3003 timing idealTree:node_modules/isarray Completed in 0ms
3004 timing idealTree:node_modules/process-nextick-args Completed in 0ms
3005 timing idealTree:node_modules/archiver-utils/node_modules/safe-buffer Completed in 0ms
3006 timing idealTree:node_modules/archiver-utils/node_modules/string_decoder Completed in 0ms
3007 timing idealTree:node_modules/babel-plugin-istanbul/node_modules/istanbul-lib-instrument Completed in 0ms
3008 timing idealTree:node_modules/cliui/node_modules/wrap-ansi Completed in 0ms
3009 timing idealTree:node_modules/color-string/node_modules/color-name Completed in 0ms
3010 silly placeDep node_modules/color color-name@2.1.0 OK for: color-convert@3.1.3 want: ^2.0.0
3011 timing idealTree:node_modules/color/node_modules/color-convert Completed in 1ms
3012 timing idealTree:node_modules/color/node_modules/color-name Completed in 0ms
3013 timing idealTree:node_modules/dockerode/node_modules/tar-fs Completed in 0ms
3014 silly placeDep node_modules/inquirer cli-cursor@3.1.0 OK for: ora@5.4.1 want: ^3.1.0
3015 silly fetch manifest restore-cursor@^3.1.0
3016 silly placeDep node_modules/inquirer is-interactive@1.0.0 OK for: ora@5.4.1 want: ^1.0.0
3017 silly placeDep node_modules/inquirer is-unicode-supported@0.1.0 OK for: ora@5.4.1 want: ^0.1.0
3018 silly placeDep node_modules/inquirer log-symbols@4.1.0 OK for: ora@5.4.1 want: ^4.1.0
3019 silly placeDep ROOT wcwidth@1.0.1 OK for: ora@5.4.1 want: ^1.0.1
3020 silly fetch manifest defaults@^1.0.3
3021 http fetch GET 200 https://registry.npmjs.org/defaults 44ms (cache miss)
3022 timing idealTree:node_modules/inquirer/node_modules/ora Completed in 65ms
3023 silly placeDep ROOT defaults@1.0.4 OK for: wcwidth@1.0.1 want: ^1.0.3
3024 silly fetch manifest clone@^1.0.2
3025 http fetch GET 200 https://registry.npmjs.org/clone 36ms (cache miss)
3026 timing idealTree:node_modules/wcwidth Completed in 38ms
3027 silly placeDep ROOT clone@1.0.4 OK for: defaults@1.0.4 want: ^1.0.2
3028 timing idealTree:node_modules/defaults Completed in 1ms
3029 timing idealTree:node_modules/clone Completed in 0ms
3030 silly placeDep node_modules/inquirer restore-cursor@3.1.0 OK for: cli-cursor@3.1.0 want: ^3.1.0
3031 timing idealTree:node_modules/inquirer/node_modules/cli-cursor Completed in 1ms
3032 timing idealTree:node_modules/inquirer/node_modules/is-interactive Completed in 0ms
3033 timing idealTree:node_modules/inquirer/node_modules/is-unicode-supported Completed in 0ms
3034 timing idealTree:node_modules/inquirer/node_modules/log-symbols Completed in 0ms
3035 timing idealTree:node_modules/inquirer/node_modules/restore-cursor Completed in 0ms
3036 timing idealTree:node_modules/istanbul-lib-instrument/node_modules/semver Completed in 0ms
3037 timing idealTree:node_modules/jest-runner/node_modules/source-map-support Completed in 0ms
3038 timing idealTree:node_modules/jest-snapshot/node_modules/semver Completed in 0ms
3039 timing idealTree:node_modules/jest-validate/node_modules/camelcase Completed in 0ms
3040 timing idealTree:node_modules/jest-worker/node_modules/supports-color Completed in 0ms
3041 silly placeDep node_modules/lazystream safe-buffer@5.1.2 OK for: readable-stream@2.3.8 want: ~5.1.1
3042 silly placeDep node_modules/lazystream string_decoder@1.1.1 OK for: readable-stream@2.3.8 want: ~1.1.1
3043 timing idealTree:node_modules/lazystream/node_modules/readable-stream Completed in 2ms
3044 timing idealTree:node_modules/lazystream/node_modules/safe-buffer Completed in 0ms
3045 timing idealTree:node_modules/lazystream/node_modules/string_decoder Completed in 0ms
3046 timing idealTree:node_modules/log-symbols/node_modules/chalk Completed in 0ms
3047 timing idealTree:node_modules/log-symbols/node_modules/is-unicode-supported Completed in 0ms
3048 timing idealTree:node_modules/make-dir/node_modules/semver Completed in 0ms
3049 timing idealTree:node_modules/node-cron/node_modules/uuid Completed in 0ms
3050 timing idealTree:node_modules/node-opcua-address-space/node_modules/semver Completed in 0ms
3051 timing idealTree:node_modules/node-opcua/node_modules/semver Completed in 0ms
3052 timing idealTree:node_modules/ora/node_modules/chalk Completed in 0ms
3053 silly placeDep node_modules/ora emoji-regex@10.6.0 OK for: string-width@7.2.0 want: ^10.3.0
3054 silly placeDep ROOT get-east-asian-width@1.4.0 OK for: string-width@7.2.0 want: ^1.0.0
3055 timing idealTree:node_modules/ora/node_modules/string-width Completed in 2ms
3056 timing idealTree:node_modules/get-east-asian-width Completed in 0ms
3057 timing idealTree:node_modules/ora/node_modules/emoji-regex Completed in 0ms
3058 silly placeDep node_modules/ora ansi-regex@6.2.2 OK for: strip-ansi@7.1.2 want: ^6.0.1
3059 timing idealTree:node_modules/ora/node_modules/strip-ansi Completed in 1ms
3060 timing idealTree:node_modules/ora/node_modules/ansi-regex Completed in 0ms
3061 silly placeDep ROOT p-try@2.2.0 OK for: p-limit@2.3.0 want: ^2.0.0
3062 timing idealTree:node_modules/p-locate/node_modules/p-limit Completed in 2ms
3063 timing idealTree:node_modules/p-try Completed in 0ms
3064 silly placeDep node_modules/path inherits@2.0.3 OK for: util@0.10.4 want: 2.0.3
3065 timing idealTree:node_modules/path/node_modules/util Completed in 0ms
3066 timing idealTree:node_modules/path/node_modules/inherits Completed in 0ms
3067 timing idealTree:node_modules/pretty-format/node_modules/ansi-styles Completed in 0ms
3068 silly placeDep node_modules/readdir-glob brace-expansion@2.0.2 OK for: minimatch@5.1.6 want: ^2.0.1
3069 timing idealTree:node_modules/readdir-glob/node_modules/minimatch Completed in 1ms
3070 timing idealTree:node_modules/readdir-glob/node_modules/brace-expansion Completed in 0ms
3071 silly placeDep ROOT mimic-function@5.0.1 OK for: onetime@7.0.0 want: ^5.0.0
3072 timing idealTree:node_modules/restore-cursor/node_modules/onetime Completed in 1ms
3073 timing idealTree:node_modules/mimic-function Completed in 0ms
3074 timing idealTree:node_modules/restore-cursor/node_modules/signal-exit Completed in 0ms
3075 silly placeDep node_modules/rimraf minimatch@8.0.4 OK for: glob@9.3.5 want: ^8.0.2
3076 silly placeDep ROOT minipass@4.2.8 OK for: glob@9.3.5 want: ^4.2.4
3077 silly placeDep ROOT path-scurry@1.11.1 OK for: glob@9.3.5 want: ^1.6.1
3078 silly fetch manifest minipass@^5.0.0 || ^6.0.2 || ^7.0.0
3079 silly fetch manifest lru-cache@^10.2.0
3080 timing idealTree:node_modules/rimraf/node_modules/glob Completed in 21ms
3081 timing idealTree:node_modules/minipass Completed in 0ms
3082 silly placeDep node_modules/path-scurry lru-cache@10.4.3 OK for: path-scurry@1.11.1 want: ^10.2.0
3083 silly placeDep node_modules/path-scurry minipass@7.1.2 OK for: path-scurry@1.11.1 want: ^5.0.0 || ^6.0.2 || ^7.0.0
3084 timing idealTree:node_modules/path-scurry Completed in 2ms
3085 timing idealTree:node_modules/path-scurry/node_modules/lru-cache Completed in 0ms
3086 timing idealTree:node_modules/path-scurry/node_modules/minipass Completed in 0ms
3087 silly placeDep node_modules/rimraf brace-expansion@2.0.2 OK for: minimatch@8.0.4 want: ^2.0.1
3088 timing idealTree:node_modules/rimraf/node_modules/minimatch Completed in 1ms
3089 timing idealTree:node_modules/rimraf/node_modules/brace-expansion Completed in 0ms
3090 silly placeDep ROOT @types/ssh2-streams@0.1.13 OK for: @types/ssh2@0.5.52 want: *
3091 timing idealTree:node_modules/ssh-remote-port-forward/node_modules/@types/ssh2 Completed in 2ms
3092 timing idealTree:node_modules/@types/ssh2-streams Completed in 0ms
3093 timing idealTree:node_modules/testcontainers/node_modules/get-port Completed in 0ms
3094 timing idealTree:node_modules/tsyringe/node_modules/tslib Completed in 0ms
3095 silly placeDep ROOT @esbuild/aix-ppc64@0.21.5 OK for: esbuild@0.21.5 want: 0.21.5
3096 silly placeDep node_modules/vite @esbuild/android-arm@0.21.5 OK for: esbuild@0.21.5 want: 0.21.5
3097 silly placeDep ROOT @esbuild/android-arm64@0.21.5 OK for: esbuild@0.21.5 want: 0.21.5
3098 silly placeDep ROOT @esbuild/android-x64@0.21.5 OK for: esbuild@0.21.5 want: 0.21.5
3099 silly placeDep ROOT @esbuild/darwin-arm64@0.21.5 OK for: esbuild@0.21.5 want: 0.21.5
3100 silly placeDep ROOT @esbuild/darwin-x64@0.21.5 OK for: esbuild@0.21.5 want: 0.21.5
3101 silly placeDep ROOT @esbuild/freebsd-arm64@0.21.5 OK for: esbuild@0.21.5 want: 0.21.5
3102 silly placeDep ROOT @esbuild/freebsd-x64@0.21.5 OK for: esbuild@0.21.5 want: 0.21.5
3103 silly placeDep ROOT @esbuild/linux-arm@0.21.5 OK for: esbuild@0.21.5 want: 0.21.5
3104 silly placeDep ROOT @esbuild/linux-arm64@0.21.5 OK for: esbuild@0.21.5 want: 0.21.5
3105 silly placeDep ROOT @esbuild/linux-ia32@0.21.5 OK for: esbuild@0.21.5 want: 0.21.5
3106 silly placeDep node_modules/vite @esbuild/linux-loong64@0.21.5 OK for: esbuild@0.21.5 want: 0.21.5
3107 silly placeDep ROOT @esbuild/linux-mips64el@0.21.5 OK for: esbuild@0.21.5 want: 0.21.5
3108 silly placeDep ROOT @esbuild/linux-ppc64@0.21.5 OK for: esbuild@0.21.5 want: 0.21.5
3109 silly placeDep ROOT @esbuild/linux-riscv64@0.21.5 OK for: esbuild@0.21.5 want: 0.21.5
3110 silly placeDep ROOT @esbuild/linux-s390x@0.21.5 OK for: esbuild@0.21.5 want: 0.21.5
3111 silly placeDep ROOT @esbuild/linux-x64@0.21.5 OK for: esbuild@0.21.5 want: 0.21.5
3112 silly placeDep ROOT @esbuild/netbsd-x64@0.21.5 OK for: esbuild@0.21.5 want: 0.21.5
3113 silly placeDep ROOT @esbuild/openbsd-x64@0.21.5 OK for: esbuild@0.21.5 want: 0.21.5
3114 silly placeDep ROOT @esbuild/sunos-x64@0.21.5 OK for: esbuild@0.21.5 want: 0.21.5
3115 silly placeDep ROOT @esbuild/win32-arm64@0.21.5 OK for: esbuild@0.21.5 want: 0.21.5
3116 silly placeDep ROOT @esbuild/win32-ia32@0.21.5 OK for: esbuild@0.21.5 want: 0.21.5
3117 silly placeDep ROOT @esbuild/win32-x64@0.21.5 OK for: esbuild@0.21.5 want: 0.21.5
3118 timing idealTree:node_modules/vite/node_modules/esbuild Completed in 38ms
3119 timing idealTree:node_modules/@esbuild/aix-ppc64 Completed in 0ms
3120 timing idealTree:node_modules/@esbuild/android-arm64 Completed in 0ms
3121 timing idealTree:node_modules/@esbuild/android-x64 Completed in 0ms
3122 timing idealTree:node_modules/@esbuild/darwin-arm64 Completed in 0ms
3123 timing idealTree:node_modules/@esbuild/darwin-x64 Completed in 16ms
3124 timing idealTree:node_modules/@esbuild/freebsd-arm64 Completed in 0ms
3125 timing idealTree:node_modules/@esbuild/freebsd-x64 Completed in 0ms
3126 timing idealTree:node_modules/@esbuild/linux-arm Completed in 0ms
3127 timing idealTree:node_modules/@esbuild/linux-arm64 Completed in 0ms
3128 timing idealTree:node_modules/@esbuild/linux-ia32 Completed in 0ms
3129 timing idealTree:node_modules/@esbuild/linux-mips64el Completed in 0ms
3130 timing idealTree:node_modules/@esbuild/linux-ppc64 Completed in 0ms
3131 timing idealTree:node_modules/@esbuild/linux-riscv64 Completed in 0ms
3132 timing idealTree:node_modules/@esbuild/linux-s390x Completed in 0ms
3133 timing idealTree:node_modules/@esbuild/linux-x64 Completed in 0ms
3134 timing idealTree:node_modules/@esbuild/netbsd-x64 Completed in 0ms
3135 timing idealTree:node_modules/@esbuild/openbsd-x64 Completed in 0ms
3136 timing idealTree:node_modules/@esbuild/sunos-x64 Completed in 0ms
3137 timing idealTree:node_modules/@esbuild/win32-arm64 Completed in 0ms
3138 timing idealTree:node_modules/@esbuild/win32-ia32 Completed in 0ms
3139 timing idealTree:node_modules/@esbuild/win32-x64 Completed in 0ms
3140 timing idealTree:node_modules/vite/node_modules/@esbuild/android-arm Completed in 0ms
3141 timing idealTree:node_modules/vite/node_modules/@esbuild/linux-loong64 Completed in 0ms
3142 timing idealTree:node_modules/zip-stream/node_modules/archiver-utils Completed in 0ms
3143 timing idealTree:buildDeps Completed in 20343ms
3144 timing idealTree:fixDepFlags Completed in 13ms
3145 warn EBADENGINE Unsupported engine {
3145 warn EBADENGINE   package: '@connectrpc/connect-node@2.1.1',
3145 warn EBADENGINE   required: { node: '>=20' },
3145 warn EBADENGINE   current: { node: 'v18.20.8', npm: '9.6.7' }
3145 warn EBADENGINE }
3146 warn EBADENGINE Unsupported engine {
3146 warn EBADENGINE   package: '@peculiar/x509@1.14.3',
3146 warn EBADENGINE   required: { node: '>=20.0.0' },
3146 warn EBADENGINE   current: { node: 'v18.20.8', npm: '9.6.7' }
3146 warn EBADENGINE }
3147 timing idealTree Completed in 20383ms
3148 timing reify:loadTrees Completed in 20384ms
3149 timing reify:diffTrees Completed in 11ms
3150 silly reify moves {}
3151 timing reify:retireShallow Completed in 0ms
3152 timing reify:createSparse Completed in 67ms
3153 silly tarball no local data for npm@https://registry.npmjs.org/npm/-/npm-9.7.1.tgz. Extracting by manifest.
3154 http fetch GET 200 https://registry.npmjs.org/npm/-/npm-9.7.1.tgz 2630ms (cache miss)
3155 timing reifyNode:node_modules/npm Completed in 2648ms
3156 timing arborist:ctor Completed in 0ms
3157 timing reify:diffTrees Completed in 12ms
3158 timing reify:loadBundles Completed in 3013ms
3159 silly audit bulk request {
3159 silly audit   '@normalframework/applications-sdk': [ '0.1.99' ],
3159 silly audit   chalk: [ '4.1.2', '5.6.2', '5.2.0' ],
3159 silly audit   js2xmlparser: [ '5.0.0' ],
3159 silly audit   'node-opcua': [ '2.160.0' ],
3159 silly audit   'node-opcua-client-crawler': [ '2.127.1' ],
3159 silly audit   'node-opcua-client': [ '2.160.0' ],
3159 silly audit   typescript: [ '5.9.3', '3.9.10' ],
3159 silly audit   uuid: [ '9.0.1', '8.3.2' ],
3159 silly audit   '@bufbuild/protobuf': [ '2.10.2' ],
3159 silly audit   '@connectrpc/connect': [ '2.1.1' ],
3159 silly audit   '@connectrpc/connect-node': [ '2.1.1' ],
3159 silly audit   '@grpc/grpc-js': [ '1.14.3' ],
3159 silly audit   '@protobuf-ts/grpc-transport': [ '2.8.2' ],
3159 silly audit   '@protobuf-ts/grpcweb-transport': [ '2.8.2' ],
3159 silly audit   '@protobuf-ts/plugin': [ '2.8.2' ],
3159 silly audit   axios: [ '1.13.2' ],
3159 silly audit   'axios-mock-adapter': [ '1.22.0' ],
3159 silly audit   'cli-spinners': [ '2.9.2' ],
3159 silly audit   commander: [ '10.0.1' ],
3159 silly audit   dotenv: [ '16.6.1' ],
3159 silly audit   esbuild: [ '0.15.18', '0.21.5' ],
3159 silly audit   'get-port': [ '7.1.0', '5.1.1' ],
3159 silly audit   'google-protobuf': [ '3.21.4' ],
3159 silly audit   inquirer: [ '9.3.8' ],
3159 silly audit   install: [ '0.13.0' ],
3159 silly audit   inversify: [ '6.2.2' ],
3159 silly audit   jest: [ '29.7.0' ],
3159 silly audit   lodash: [ '4.17.21' ],
3159 silly audit   luxon: [ '3.7.2' ],
3159 silly audit   mustache: [ '4.2.0' ],
3159 silly audit   'node-cron': [ '3.0.3' ],
3159 silly audit   'node-domexception': [ '1.0.0' ],
3159 silly audit   ora: [ '8.2.0', '5.4.1' ],
3159 silly audit   path: [ '0.12.7' ],
3159 silly audit   rxjs: [ '7.8.2' ],
3159 silly audit   'simple-git': [ '3.30.0' ],
3159 silly audit   'source-map-support': [ '0.5.21', '0.5.13' ],
3159 silly audit   testcontainers: [ '9.12.0' ],
3159 silly audit   'tiny-invariant': [ '1.3.3' ],
3159 silly audit   'ts-pattern': [ '4.3.0' ],
3159 silly audit   vitest: [ '2.1.9' ],
3159 silly audit   winston: [ '3.19.0' ],
3159 silly audit   yargs: [ '17.7.2' ],
3159 silly audit   '@grpc/proto-loader': [ '0.8.0' ],
3159 silly audit   '@js-sdsl/ordered-map': [ '4.4.2' ],
3159 silly audit   'lodash.camelcase': [ '4.3.0' ],
3159 silly audit   long: [ '5.3.2' ],
3159 silly audit   protobufjs: [ '7.5.4' ],
3159 silly audit   '@protobuf-ts/runtime': [ '2.11.1' ],
3159 silly audit   '@protobuf-ts/runtime-rpc': [ '2.11.1' ],
3159 silly audit   '@protobuf-ts/plugin-framework': [ '2.11.0' ],
3159 silly audit   '@protobuf-ts/protoc': [ '2.11.1' ],
3159 silly audit   'follow-redirects': [ '1.15.11' ],
3159 silly audit   'form-data': [ '4.0.5' ],
3159 silly audit   'proxy-from-env': [ '1.1.0' ],
3159 silly audit   'fast-deep-equal': [ '3.1.3' ],
3159 silly audit   'is-buffer': [ '2.0.5' ],
3159 silly audit   'ansi-styles': [ '4.3.0', '5.2.0', '6.2.1' ],
3159 silly audit   'supports-color': [ '7.2.0', '8.1.1' ],
3159 silly audit   'color-convert': [ '2.0.1', '3.1.3' ],
3159 silly audit   'color-name': [ '1.1.4', '2.1.0' ],
3159 silly audit   '@esbuild/android-arm': [ '0.15.18', '0.21.5' ],
3159 silly audit   '@esbuild/linux-loong64': [ '0.15.18', '0.21.5' ],
3159 silly audit   'esbuild-android-64': [ '0.15.18' ],
3159 silly audit   'esbuild-android-arm64': [ '0.15.18' ],
3159 silly audit   'esbuild-darwin-64': [ '0.15.18' ],
3159 silly audit   'esbuild-darwin-arm64': [ '0.15.18' ],
3159 silly audit   'esbuild-freebsd-64': [ '0.15.18' ],
3159 silly audit   'esbuild-freebsd-arm64': [ '0.15.18' ],
3159 silly audit   'esbuild-linux-32': [ '0.15.18' ],
3159 silly audit   'esbuild-linux-64': [ '0.15.18' ],
3159 silly audit   'esbuild-linux-arm': [ '0.15.18' ],
3159 silly audit   'esbuild-linux-arm64': [ '0.15.18' ],
3159 silly audit   'esbuild-linux-mips64le': [ '0.15.18' ],
3159 silly audit   'esbuild-linux-ppc64le': [ '0.15.18' ],
3159 silly audit   'esbuild-linux-riscv64': [ '0.15.18' ],
3159 silly audit   'esbuild-linux-s390x': [ '0.15.18' ],
3159 silly audit   'esbuild-netbsd-64': [ '0.15.18' ],
3159 silly audit   'esbuild-openbsd-64': [ '0.15.18' ],
3159 silly audit   'esbuild-sunos-64': [ '0.15.18' ],
3159 silly audit   'esbuild-windows-32': [ '0.15.18' ],
3159 silly audit   'esbuild-windows-64': [ '0.15.18' ],
3159 silly audit   'esbuild-windows-arm64': [ '0.15.18' ],
3159 silly audit   asynckit: [ '0.4.0' ],
3159 silly audit   'combined-stream': [ '1.0.8' ],
3159 silly audit   'es-set-tostringtag': [ '2.1.0' ],
3159 silly audit   hasown: [ '2.0.2' ],
3159 silly audit   'mime-types': [ '2.1.35' ],
3159 silly audit   'delayed-stream': [ '1.0.0' ],
3159 silly audit   'es-errors': [ '1.3.0' ],
3159 silly audit   'get-intrinsic': [ '1.3.0' ],
3159 silly audit   'has-tostringtag': [ '1.0.2' ],
3159 silly audit   'call-bind-apply-helpers': [ '1.0.2' ],
3159 silly audit   'es-define-property': [ '1.0.1' ],
3159 silly audit   'es-object-atoms': [ '1.1.1' ],
3159 silly audit   'function-bind': [ '1.1.2', '1.1.1' ],
3159 silly audit   'get-proto': [ '1.0.1' ],
3159 silly audit   gopd: [ '1.2.0' ],
3159 silly audit   'has-symbols': [ '1.1.0' ],
3159 silly audit   'math-intrinsics': [ '1.1.0' ],
3159 silly audit   'dunder-proto': [ '1.0.1' ],
3159 silly audit   '@inquirer/external-editor': [ '1.0.3' ],
3159 silly audit   '@inquirer/figures': [ '1.0.15' ],
3159 silly audit   'ansi-escapes': [ '4.3.2' ],
3159 silly audit   'cli-width': [ '4.1.0' ],
3159 silly audit   'mute-stream': [ '1.0.0' ],
3159 silly audit   'run-async': [ '3.0.0' ],
3159 silly audit   'string-width': [ '4.2.3', '7.2.0', '5.1.2' ],
3159 silly audit   'strip-ansi': [ '6.0.1', '7.1.2', '7.0.1' ],
3159 silly audit   'wrap-ansi': [ '6.2.0', '7.0.0', '8.1.0' ],
3159 silly audit   'yoctocolors-cjs': [ '2.1.3' ],
3159 silly audit   chardet: [ '2.1.1' ],
3159 silly audit   'iconv-lite': [ '0.7.2', '0.6.3' ],
3159 silly audit   'type-fest': [ '0.21.3' ],
3159 silly audit   'safer-buffer': [ '2.1.2' ],
3159 silly audit   '@inversifyjs/common': [ '1.4.0' ],
3159 silly audit   '@inversifyjs/core': [ '1.3.5' ],
3159 silly audit   'reflect-metadata': [ '0.2.2', '0.1.14' ],
3159 silly audit   '@inversifyjs/reflect-metadata-utils': [ '0.2.4' ],
3159 silly audit   '@jest/core': [ '29.7.0' ],
3159 silly audit   '@jest/types': [ '29.6.3' ],
3159 silly audit   'import-local': [ '3.2.0' ],
3159 silly audit   'jest-cli': [ '29.7.0' ],
3159 silly audit   '@jest/console': [ '29.7.0' ],
3159 silly audit   '@jest/reporters': [ '29.7.0' ],
3159 silly audit   '@jest/test-result': [ '29.7.0' ],
3159 silly audit   '@jest/transform': [ '29.7.0' ],
3159 silly audit   '@types/node': [ '25.0.8', '18.19.130' ],
3159 silly audit   'ci-info': [ '3.9.0', '3.8.0' ],
3159 silly audit   exit: [ '0.1.2' ],
3159 silly audit   'graceful-fs': [ '4.2.11' ],
3159 silly audit   'jest-changed-files': [ '29.7.0' ],
3159 silly audit   'jest-config': [ '29.7.0' ],
3159 silly audit   'jest-haste-map': [ '29.7.0' ],
3159 silly audit   'jest-message-util': [ '29.7.0' ],
3159 silly audit   'jest-regex-util': [ '29.6.3' ],
3159 silly audit   'jest-resolve': [ '29.7.0' ],
3159 silly audit   'jest-resolve-dependencies': [ '29.7.0' ],
3159 silly audit   'jest-runner': [ '29.7.0' ],
3159 silly audit   'jest-runtime': [ '29.7.0' ],
3159 silly audit   'jest-snapshot': [ '29.7.0' ],
3159 silly audit   'jest-util': [ '29.7.0' ],
3159 silly audit   'jest-validate': [ '29.7.0' ],
3159 silly audit   'jest-watcher': [ '29.7.0' ],
3159 silly audit   micromatch: [ '4.0.8' ],
3159 silly audit   'pretty-format': [ '29.7.0' ],
3159 silly audit   slash: [ '3.0.0' ],
3159 silly audit   '@bcoe/v8-coverage': [ '0.2.3' ],
3159 silly audit   '@jridgewell/trace-mapping': [ '0.3.31' ],
3159 silly audit   'collect-v8-coverage': [ '1.0.3' ],
3159 silly audit   glob: [ '7.2.3', '9.3.5', '10.2.4', '8.1.0' ],
3159 silly audit   'istanbul-lib-coverage': [ '3.2.2' ],
3159 silly audit   'istanbul-lib-instrument': [ '6.0.3', '5.2.1' ],
3159 silly audit   'istanbul-lib-report': [ '3.0.1' ],
3159 silly audit   'istanbul-lib-source-maps': [ '4.0.1' ],
3159 silly audit   'istanbul-reports': [ '3.2.0' ],
3159 silly audit   'jest-worker': [ '29.7.0' ],
3159 silly audit   'string-length': [ '4.0.2' ],
3159 silly audit   'v8-to-istanbul': [ '9.3.0' ],
3159 silly audit   '@types/istanbul-lib-coverage': [ '2.0.6' ],
3159 silly audit   '@babel/core': [ '7.28.6' ],
3159 silly audit   'babel-plugin-istanbul': [ '6.1.1' ],
3159 silly audit   'convert-source-map': [ '2.0.0' ],
3159 silly audit   'fast-json-stable-stringify': [ '2.1.0' ],
3159 silly audit   pirates: [ '4.0.7' ],
3159 silly audit   'write-file-atomic': [ '4.0.2', '5.0.1' ],
3159 silly audit   '@babel/code-frame': [ '7.28.6' ],
3159 silly audit   '@babel/generator': [ '7.28.6' ],
3159 silly audit   '@babel/helper-compilation-targets': [ '7.28.6' ],
3159 silly audit   '@babel/helper-module-transforms': [ '7.28.6' ],
3159 silly audit   '@babel/helpers': [ '7.28.6' ],
3159 silly audit   '@babel/parser': [ '7.28.6' ],
3159 silly audit   '@babel/template': [ '7.28.6' ],
3159 silly audit   '@babel/traverse': [ '7.28.6' ],
3159 silly audit   '@babel/types': [ '7.28.6' ],
3159 silly audit   '@jridgewell/remapping': [ '2.3.5' ],
3159 silly audit   debug: [ '4.4.3', '4.3.4' ],
3159 silly audit   gensync: [ '1.0.0-beta.2' ],
3159 silly audit   json5: [ '2.2.3' ],
3159 silly audit   semver: [ '6.3.1', '7.7.3', '7.5.1' ],
3159 silly audit   '@babel/helper-validator-identifier': [ '7.28.5' ],
3159 silly audit   'js-tokens': [ '4.0.0' ],
3159 silly audit   picocolors: [ '1.1.1' ],
3159 silly audit   '@jridgewell/gen-mapping': [ '0.3.13' ],
3159 silly audit   jsesc: [ '3.1.0' ],
3159 silly audit   '@babel/compat-data': [ '7.28.6' ],
3159 silly audit   '@babel/helper-validator-option': [ '7.27.1' ],
3159 silly audit   browserslist: [ '4.28.1' ],
3159 silly audit   'lru-cache': [ '5.1.1', '10.4.3', '7.18.3', '9.1.1', '6.0.0' ],
3159 silly audit   '@babel/helper-module-imports': [ '7.28.6' ],
3159 silly audit   '@babel/helper-globals': [ '7.28.0' ],
3159 silly audit   '@babel/helper-string-parser': [ '7.27.1' ],
3159 silly audit   '@jest/schemas': [ '29.6.3' ],
3159 silly audit   '@types/istanbul-reports': [ '3.0.4' ],
3159 silly audit   '@types/yargs': [ '17.0.35' ],
3159 silly audit   '@sinclair/typebox': [ '0.27.8' ],
3159 silly audit   '@jridgewell/sourcemap-codec': [ '1.5.5' ],
3159 silly audit   '@jridgewell/resolve-uri': [ '3.1.2' ],
3159 silly audit   '@types/istanbul-lib-report': [ '3.0.3' ],
3159 silly audit   'undici-types': [ '7.16.0', '5.26.5' ],
3159 silly audit   '@types/yargs-parser': [ '21.0.3' ],
3159 silly audit   '@babel/helper-plugin-utils': [ '7.28.6' ],
3159 silly audit   '@istanbuljs/load-nyc-config': [ '1.1.0' ],
3159 silly audit   '@istanbuljs/schema': [ '0.1.3' ],
3159 silly audit   'test-exclude': [ '6.0.0' ],
3159 silly audit   camelcase: [ '5.3.1', '6.3.0' ],
3159 silly audit   'find-up': [ '4.1.0' ],
3159 silly audit   'get-package-type': [ '0.1.0' ],
3159 silly audit   'js-yaml': [ '3.14.2' ],
3159 silly audit   'resolve-from': [ '5.0.0' ],
3159 silly audit   'baseline-browser-mapping': [ '2.9.14' ],
3159 silly audit   'caniuse-lite': [ '1.0.30001764' ],
3159 silly audit   'electron-to-chromium': [ '1.5.267' ],
3159 silly audit   'node-releases': [ '2.0.27' ],
3159 silly audit   'update-browserslist-db': [ '1.2.3' ],
3159 silly audit   ms: [ '2.1.3', '2.1.2' ],
3159 silly audit   'locate-path': [ '5.0.0' ],
3159 silly audit   'path-exists': [ '4.0.0' ],
3159 silly audit   'fs.realpath': [ '1.0.0' ],
3159 silly audit   inflight: [ '1.0.6' ],
3159 silly audit   inherits: [ '2.0.4', '2.0.3' ],
3159 silly audit   minimatch: [ '3.1.2', '5.1.6', '8.0.4', '9.0.0' ],
3159 silly audit   once: [ '1.4.0' ],
3159 silly audit   'path-is-absolute': [ '1.0.1' ],
3159 silly audit   'pkg-dir': [ '4.2.0' ],
3159 silly audit   'resolve-cwd': [ '3.0.0' ],
3159 silly audit   wrappy: [ '1.0.2' ],
3159 silly audit   'make-dir': [ '4.0.0' ],
3159 silly audit   'source-map': [ '0.6.1' ],
3159 silly audit   'html-escaper': [ '2.0.2' ],
3159 silly audit   execa: [ '5.1.1' ],
3159 silly audit   'p-limit': [ '3.1.0', '2.3.0' ],
3159 silly audit   'cross-spawn': [ '7.0.6', '7.0.3' ],
3159 silly audit   'get-stream': [ '6.0.1' ],
3159 silly audit   'human-signals': [ '2.1.0' ],
3159 silly audit   'is-stream': [ '2.0.1' ],
3159 silly audit   'merge-stream': [ '2.0.0' ],
3159 silly audit   'npm-run-path': [ '4.0.1' ],
3159 silly audit   onetime: [ '5.1.2', '7.0.0' ],
3159 silly audit   'signal-exit': [ '3.0.7', '4.1.0', '4.0.2' ],
3159 silly audit   'strip-final-newline': [ '2.0.0' ],
3159 silly audit   'path-key': [ '3.1.1' ],
3159 silly audit   'shebang-command': [ '2.0.0' ],
3159 silly audit   which: [ '2.0.2', '3.0.1' ],
3159 silly audit   'create-jest': [ '29.7.0' ],
3159 silly audit   prompts: [ '2.4.2' ],
3159 silly audit   '@jest/test-sequencer': [ '29.7.0' ],
3159 silly audit   'babel-jest': [ '29.7.0' ],
3159 silly audit   deepmerge: [ '4.3.1' ],
3159 silly audit   'jest-circus': [ '29.7.0' ],
3159 silly audit   'jest-environment-node': [ '29.7.0' ],
3159 silly audit   'jest-get-type': [ '29.6.3' ],
3159 silly audit   'parse-json': [ '5.2.0' ],
3159 silly audit   'strip-json-comments': [ '3.1.1' ],
3159 silly audit   '@types/babel__core': [ '7.20.5' ],
3159 silly audit   'babel-preset-jest': [ '29.6.3' ],
3159 silly audit   '@types/babel__generator': [ '7.27.0' ],
3159 silly audit   '@types/babel__template': [ '7.4.4' ],
3159 silly audit   '@types/babel__traverse': [ '7.28.0' ],
3159 silly audit   'babel-plugin-jest-hoist': [ '29.6.3' ],
3159 silly audit   'babel-preset-current-node-syntax': [ '1.2.0' ],
3159 silly audit   '@babel/plugin-syntax-async-generators': [ '7.8.4' ],
3159 silly audit   '@babel/plugin-syntax-bigint': [ '7.8.3' ],
3159 silly audit   '@babel/plugin-syntax-class-properties': [ '7.12.13' ],
3159 silly audit   '@babel/plugin-syntax-class-static-block': [ '7.14.5' ],
3159 silly audit   '@babel/plugin-syntax-import-attributes': [ '7.28.6' ],
3159 silly audit   '@babel/plugin-syntax-import-meta': [ '7.10.4' ],
3159 silly audit   '@babel/plugin-syntax-json-strings': [ '7.8.3' ],
3159 silly audit   '@babel/plugin-syntax-logical-assignment-operators': [ '7.10.4' ],
3159 silly audit   '@babel/plugin-syntax-nullish-coalescing-operator': [ '7.8.3' ],
3159 silly audit   '@babel/plugin-syntax-numeric-separator': [ '7.10.4' ],
3159 silly audit   '@babel/plugin-syntax-object-rest-spread': [ '7.8.3' ],
3159 silly audit   '@babel/plugin-syntax-optional-catch-binding': [ '7.8.3' ],
3159 silly audit   '@babel/plugin-syntax-optional-chaining': [ '7.8.3' ],
3159 silly audit   '@babel/plugin-syntax-private-property-in-object': [ '7.14.5' ],
3159 silly audit   '@babel/plugin-syntax-top-level-await': [ '7.14.5' ],
3159 silly audit   '@jest/environment': [ '29.7.0' ],
3159 silly audit   '@jest/expect': [ '29.7.0' ],
3159 silly audit   co: [ '4.6.0' ],
3159 silly audit   dedent: [ '1.7.1' ],
3159 silly audit   'is-generator-fn': [ '2.1.0' ],
3159 silly audit   'jest-each': [ '29.7.0' ],
3159 silly audit   'jest-matcher-utils': [ '29.7.0' ],
3159 silly audit   'pure-rand': [ '6.1.0' ],
3159 silly audit   'stack-utils': [ '2.0.6' ],
3159 silly audit   '@jest/fake-timers': [ '29.7.0' ],
3159 silly audit   'jest-mock': [ '29.7.0' ],
3159 silly audit   expect: [ '29.7.0' ],
3159 silly audit   '@sinonjs/fake-timers': [ '10.3.0' ],
3159 silly audit   '@sinonjs/commons': [ '3.0.1' ],
3159 silly audit   'type-detect': [ '4.0.8' ],
3159 silly audit   '@jest/expect-utils': [ '29.7.0' ],
3159 silly audit   '@types/graceful-fs': [ '4.1.9' ],
3159 silly audit   anymatch: [ '3.1.3' ],
3159 silly audit   'fb-watchman': [ '2.0.2' ],
3159 silly audit   fsevents: [ '2.3.3' ],
3159 silly audit   walker: [ '1.0.8' ],
3159 silly audit   'normalize-path': [ '3.0.0' ],
3159 silly audit   picomatch: [ '2.3.1' ],
3159 silly audit   bser: [ '2.1.1' ],
3159 silly audit   'node-int64': [ '0.4.0' ],
3159 silly audit   'jest-diff': [ '29.7.0' ],
3159 silly audit   'diff-sequences': [ '29.6.3' ],
3159 silly audit   '@types/stack-utils': [ '2.0.3' ],
3159 silly audit   'jest-pnp-resolver': [ '1.2.3' ],
3159 silly audit   resolve: [ '1.22.11' ],
3159 silly audit   'resolve.exports': [ '2.0.3' ],
3159 silly audit   emittery: [ '0.13.1' ],
3159 silly audit   'jest-docblock': [ '29.7.0' ],
3159 silly audit   'jest-leak-detector': [ '29.7.0' ],
3159 silly audit   'detect-newline': [ '3.1.0' ],
3159 silly audit   '@jest/globals': [ '29.7.0' ],
3159 silly audit   '@jest/source-map': [ '29.6.3' ],
3159 silly audit   'cjs-module-lexer': [ '1.4.3' ],
3159 silly audit   'strip-bom': [ '4.0.0' ],
3159 silly audit   callsites: [ '3.1.0' ],
3159 silly audit   '@babel/plugin-syntax-jsx': [ '7.28.6' ],
3159 silly audit   '@babel/plugin-syntax-typescript': [ '7.28.6' ],
3159 silly audit   'natural-compare': [ '1.4.0' ],
3159 silly audit   leven: [ '3.1.0' ],
3159 silly audit   argparse: [ '1.0.10' ],
3159 silly audit   esprima: [ '4.0.1' ],
3159 silly audit   'sprintf-js': [ '1.0.3' ],
3159 silly audit   xmlcreate: [ '2.0.4' ],
3159 silly audit   'p-locate': [ '4.1.0' ],
3159 silly audit   yallist: [ '3.1.1', '4.0.0' ],
3159 silly audit   braces: [ '3.0.3' ],
3159 silly audit   'fill-range': [ '7.1.1' ],
3159 silly audit   'to-regex-range': [ '5.0.1' ],
3159 silly audit   'mime-db': [ '1.52.0' ],
3159 silly audit   'brace-expansion': [ '1.1.12', '2.0.2', '2.0.1', '1.1.11' ],
3159 silly audit   'balanced-match': [ '1.0.2' ],
3159 silly audit   'concat-map': [ '0.0.1' ],
3159 silly audit   '@types/semver': [ '7.7.1' ],
3159 silly audit   'node-opcua-address-space': [ '2.160.0' ],
3159 silly audit   'node-opcua-address-space-for-conformance-testing': [ '2.160.0' ],
3159 silly audit   'node-opcua-aggregates': [ '2.160.0' ],
3159 silly audit   'node-opcua-assert': [ '2.157.0' ],
3159 silly audit   'node-opcua-basic-types': [ '2.157.0' ],
3159 silly audit   'node-opcua-binary-stream': [ '2.157.0' ],
3159 silly audit   'node-opcua-certificate-manager': [ '2.160.0' ],
3159 silly audit   'node-opcua-client-proxy': [ '2.160.0' ],
3159 silly audit   'node-opcua-common': [ '2.159.0' ],
3159 silly audit   'node-opcua-constants': [ '2.157.0' ],
3159 silly audit   'node-opcua-crypto': [ '4.16.1' ],
3159 silly audit   'node-opcua-data-access': [ '2.159.0' ],
3159 silly audit   'node-opcua-data-model': [ '2.158.0' ],
3159 silly audit   'node-opcua-data-value': [ '2.159.0' ],
3159 silly audit   'node-opcua-debug': [ '2.157.0' ],
3159 silly audit   'node-opcua-enum': [ '2.157.0' ],
3159 silly audit   'node-opcua-factory': [ '2.158.0' ],
3159 silly audit   'node-opcua-hostname': [ '2.157.0' ],
3159 silly audit   'node-opcua-nodeid': [ '2.157.0' ],
3159 silly audit   'node-opcua-nodesets': [ '2.157.0' ],
3159 silly audit   'node-opcua-numeric-range': [ '2.158.0' ],
3159 silly audit   'node-opcua-packet-analyzer': [ '2.158.0' ],
3159 silly audit   'node-opcua-secure-channel': [ '2.160.0' ],
3159 silly audit   'node-opcua-server': [ '2.160.0' ],
3159 silly audit   'node-opcua-server-discovery': [ '2.160.0' ],
3159 silly audit   'node-opcua-service-browse': [ '2.159.0' ],
3159 silly audit   'node-opcua-service-call': [ '2.159.0' ],
3159 silly audit   'node-opcua-service-discovery': [ '2.159.0' ],
3159 silly audit   'node-opcua-service-endpoints': [ '2.159.0' ],
3159 silly audit   'node-opcua-service-filter': [ '2.159.0' ],
3159 silly audit   'node-opcua-service-history': [ '2.159.0' ],
3159 silly audit   'node-opcua-service-node-management': [ '2.159.0' ],
3159 silly audit   'node-opcua-service-query': [ '2.159.0' ],
3159 silly audit   'node-opcua-service-read': [ '2.159.0' ],
3159 silly audit   'node-opcua-service-register-node': [ '2.159.0' ],
3159 silly audit   'node-opcua-service-secure-channel': [ '2.159.0' ],
3159 silly audit   'node-opcua-service-session': [ '2.159.0' ],
3159 silly audit   'node-opcua-service-subscription': [ '2.160.0' ],
3159 silly audit   'node-opcua-service-translate-browse-path': [ '2.159.0' ],
3159 silly audit   'node-opcua-service-write': [ '2.159.0' ],
3159 silly audit   'node-opcua-status-code': [ '2.157.0' ],
3159 silly audit   'node-opcua-transport': [ '2.158.0' ],
3159 silly audit   'node-opcua-types': [ '2.159.0' ],
3159 silly audit   'node-opcua-utils': [ '2.157.0' ],
3159 silly audit   'node-opcua-variant': [ '2.159.0' ],
3159 silly audit   'node-opcua-vendor-diagnostic': [ '2.160.0' ],
3159 silly audit   '@types/lodash': [ '4.17.22' ],
3159 silly audit   dequeue: [ '1.0.5' ],
3159 silly audit   'node-opcua-address-space-base': [ '2.159.0' ],
3159 silly audit   'node-opcua-client-dynamic-extension-object': [ '2.160.0' ],
3159 silly audit   'node-opcua-date-time': [ '2.157.0' ],
3159 silly audit   'node-opcua-extension-object': [ '2.158.0' ],
3159 silly audit   'node-opcua-nodeset-ua': [ '2.159.0' ],
3159 silly audit   'node-opcua-object-registry': [ '2.157.0' ],
3159 silly audit   'node-opcua-pseudo-session': [ '2.160.0' ],
3159 silly audit   'node-opcua-xml2json': [ '2.157.0' ],
3159 silly audit   'thenify-ex': [ '4.4.0' ],
3159 silly audit   'xml-writer': [ '1.7.0' ],
3159 silly audit   'node-opcua-schemas': [ '2.159.0' ],
3159 silly audit   'node-opcua-buffer-utils': [ '2.157.0' ],
3159 silly audit   'node-opcua-guid': [ '2.157.0' ],
3159 silly audit   'env-paths': [ '2.2.1' ],
3159 silly audit   mkdirp: [ '1.0.4' ],
3159 silly audit   'node-opcua-pki': [ '5.7.0' ],
3159 silly audit   '@ster5/global-mutex': [ '2.0.0' ],
3159 silly audit   async: [ '3.2.6' ],
3159 silly audit   'node-opcua-alarm-condition': [ '2.160.0' ],
3159 silly audit   '@types/proper-lockfile': [ '4.1.4' ],
3159 silly audit   'proper-lockfile': [ '4.1.2' ],
3159 silly audit   '@types/retry': [ '0.12.5' ],
3159 silly audit   thenify: [ '3.3.1' ],
3159 silly audit   '@peculiar/webcrypto': [ '1.5.0' ],
3159 silly audit   '@peculiar/x509': [ '1.14.3' ],
3159 silly audit   '@types/jsrsasign': [ '10.5.15' ],
3159 silly audit   '@types/sshpk': [ '1.17.4' ],
3159 silly audit   assert: [ '2.1.0' ],
3159 silly audit   hexy: [ '0.3.5' ],
3159 silly audit   jsrsasign: [ '11.1.0' ],
3159 silly audit   sshpk: [ '1.18.0' ],
3159 silly audit   '@peculiar/asn1-schema': [ '2.6.0' ],
3159 silly audit   '@peculiar/json-schema': [ '1.1.12' ],
3159 silly audit   pvtsutils: [ '1.3.6' ],
3159 silly audit   tslib: [ '2.8.1', '1.14.1' ],
3159 silly audit   'webcrypto-core': [ '1.8.1' ],
3159 silly audit   asn1js: [ '3.0.7' ],
3159 silly audit   '@peculiar/asn1-cms': [ '2.6.0' ],
3159 silly audit   '@peculiar/asn1-csr': [ '2.6.0' ],
3159 silly audit   '@peculiar/asn1-ecc': [ '2.6.0' ],
3159 silly audit   '@peculiar/asn1-pkcs9': [ '2.6.0' ],
3159 silly audit   '@peculiar/asn1-rsa': [ '2.6.0' ],
3159 silly audit   '@peculiar/asn1-x509': [ '2.6.0' ],
3159 silly audit   tsyringe: [ '4.10.0' ],
3159 silly audit   '@peculiar/asn1-x509-attr': [ '2.6.0' ],
3159 silly audit   '@peculiar/asn1-pfx': [ '2.6.0' ],
3159 silly audit   '@peculiar/asn1-pkcs8': [ '2.6.0' ],
3159 silly audit   '@types/asn1': [ '0.2.4' ],
3159 silly audit   pvutils: [ '1.1.5' ],
3159 silly audit   'call-bind': [ '1.0.8' ],
3159 silly audit   'is-nan': [ '1.3.2' ],
3159 silly audit   'object-is': [ '1.1.6' ],
3159 silly audit   'object.assign': [ '4.1.7' ],
3159 silly audit   util: [ '0.12.5', '0.10.4' ],
3159 silly audit   'set-function-length': [ '1.2.2' ],
3159 silly audit   'define-properties': [ '1.2.1' ],
3159 silly audit   'define-data-property': [ '1.1.4' ],
3159 silly audit   'has-property-descriptors': [ '1.0.2' ],
3159 silly audit   'object-keys': [ '1.1.1' ],
3159 silly audit   byline: [ '5.0.0' ],
3159 silly audit   chokidar: [ '4.0.3' ],
3159 silly audit   progress: [ '2.0.3' ],
3159 silly audit   rimraf: [ '4.4.1', '3.0.2' ],
3159 silly audit   'wget-improved-2': [ '3.3.0' ],
3159 silly audit   yauzl: [ '3.2.0' ],
3159 silly audit   readdirp: [ '4.1.2' ],
3159 silly audit   backoff: [ '2.5.0' ],
3159 silly audit   'node-opcua-chunkmanager': [ '2.158.0' ],
3159 silly audit   precond: [ '0.2.3' ],
3159 silly audit   'node-opcua-packet-assembler': [ '2.157.0' ],
3159 silly audit   '@types/async': [ '3.2.25' ],
3159 silly audit   'sterfive-bonjour-service': [ '1.1.4' ],
3159 silly audit   humanize: [ '0.0.9' ],
3159 silly audit   'call-bound': [ '1.0.4' ],
3159 silly audit   'mimic-fn': [ '2.1.0' ],
3159 silly audit   'cli-cursor': [ '5.0.0', '3.1.0' ],
3159 silly audit   'is-interactive': [ '2.0.0', '1.0.0' ],
3159 silly audit   'is-unicode-supported': [ '2.1.0', '1.3.0', '0.1.0' ],
3159 silly audit   'log-symbols': [ '6.0.0', '4.1.0' ],
3159 silly audit   'stdin-discarder': [ '0.2.2' ],
3159 silly audit   'restore-cursor': [ '5.1.0', '3.1.0' ],
3159 silly audit   'yocto-queue': [ '0.1.0' ],
3159 silly audit   'error-ex': [ '1.3.4' ],
3159 silly audit   'json-parse-even-better-errors': [ '2.3.1', '3.0.0' ],
3159 silly audit   'lines-and-columns': [ '1.2.4' ],
3159 silly audit   'is-arrayish': [ '0.2.1' ],
3159 silly audit   process: [ '0.11.10' ],
3159 silly audit   'react-is': [ '18.3.1' ],
3159 silly audit   kleur: [ '3.0.3' ],
3159 silly audit   sisteransi: [ '1.0.5' ],
3159 silly audit   retry: [ '0.12.0' ],
3159 silly audit   '@protobufjs/aspromise': [ '1.1.2' ],
3159 silly audit   '@protobufjs/base64': [ '1.1.2' ],
3159 silly audit   '@protobufjs/codegen': [ '2.0.4' ],
3159 silly audit   '@protobufjs/eventemitter': [ '1.1.0' ],
3159 silly audit   '@protobufjs/fetch': [ '1.1.0' ],
3159 silly audit   '@protobufjs/float': [ '1.0.2' ],
3159 silly audit   '@protobufjs/inquire': [ '1.1.0' ],
3159 silly audit   '@protobufjs/path': [ '1.1.2' ],
3159 silly audit   '@protobufjs/pool': [ '1.1.0' ],
3159 silly audit   '@protobufjs/utf8': [ '1.1.0' ],
3159 silly audit   'is-core-module': [ '2.16.1', '2.12.0' ],
3159 silly audit   'path-parse': [ '1.0.7' ],
3159 silly audit   'supports-preserve-symlinks-flag': [ '1.0.0' ],
3159 silly audit   'shebang-regex': [ '3.0.0' ],
3159 silly audit   '@kwsites/file-exists': [ '1.1.1' ],
3159 silly audit   '@kwsites/promise-deferred': [ '1.1.1' ],
3159 silly audit   'buffer-from': [ '1.1.2' ],
3159 silly audit   asn1: [ '0.2.6' ],
3159 silly audit   'assert-plus': [ '1.0.0' ],
3159 silly audit   'bcrypt-pbkdf': [ '1.0.2' ],
3159 silly audit   dashdash: [ '1.14.1' ],
3159 silly audit   'ecc-jsbn': [ '0.1.2' ],
3159 silly audit   getpass: [ '0.1.7' ],
3159 silly audit   jsbn: [ '0.1.1' ],
3159 silly audit   tweetnacl: [ '0.14.5' ],
3159 silly audit   'escape-string-regexp': [ '2.0.0' ],
3159 silly audit   '@types/multicast-dns': [ '7.2.4' ],
3159 silly audit   'array-flatten': [ '2.1.2' ],
3159 silly audit   'dns-equal': [ '1.0.0' ],
3159 silly audit   'multicast-dns': [ '7.2.5' ],
3159 silly audit   '@types/dns-packet': [ '5.6.5' ],
3159 silly audit   'dns-packet': [ '5.6.1' ],
3159 silly audit   thunky: [ '1.1.0' ],
3159 silly audit   '@leichtgewicht/ip-codec': [ '2.0.5' ],
3159 silly audit   'char-regex': [ '1.0.2' ],
3159 silly audit   'emoji-regex': [ '8.0.0', '10.6.0', '9.2.2' ],
3159 silly audit   'is-fullwidth-code-point': [ '3.0.0' ],
3159 silly audit   'ansi-regex': [ '5.0.1', '6.2.2', '6.0.1' ],
3159 silly audit   'has-flag': [ '4.0.0' ],
3159 silly audit   '@balena/dockerignore': [ '1.0.2' ],
3159 silly audit   '@types/archiver': [ '5.3.4' ],
3159 silly audit   '@types/dockerode': [ '3.3.47' ],
3159 silly audit   archiver: [ '5.3.2' ],
3159 silly audit   'async-lock': [ '1.4.1' ],
3159 silly audit   'docker-compose': [ '0.24.8' ],
3159 silly audit   dockerode: [ '3.3.5' ],
3159 silly audit   'node-fetch': [ '2.7.0' ],
3159 silly audit   'properties-reader': [ '2.3.0' ],
3159 silly audit   'ssh-remote-port-forward': [ '1.0.4' ],
3159 silly audit   'tar-fs': [ '2.1.4', '2.0.1' ],
3159 silly audit   tmp: [ '0.2.5' ],
3159 silly audit   '@types/readdir-glob': [ '1.1.5' ],
3159 silly audit   '@types/docker-modem': [ '3.0.6' ],
3159 silly audit   '@types/ssh2': [ '1.15.5', '0.5.52' ],
3159 silly audit   'archiver-utils': [ '2.1.0', '3.0.4' ],
3159 silly audit   'buffer-crc32': [ '0.2.13' ],
3159 silly audit   'readable-stream': [ '3.6.2', '2.3.8', '4.4.0' ],
3159 silly audit   'readdir-glob': [ '1.1.3' ],
3159 silly audit   'tar-stream': [ '2.2.0' ],
3159 silly audit   'zip-stream': [ '4.1.1' ],
3159 silly audit   lazystream: [ '1.0.1' ],
3159 silly audit   'lodash.defaults': [ '4.2.0' ],
3159 silly audit   'lodash.difference': [ '4.5.0' ],
3159 silly audit   'lodash.flatten': [ '4.4.0' ],
3159 silly audit   'lodash.isplainobject': [ '4.0.6' ],
3159 silly audit   'lodash.union': [ '4.6.0' ],
3159 silly audit   yaml: [ '2.8.2' ],
3159 silly audit   'docker-modem': [ '3.0.8' ],
3159 silly audit   'split-ca': [ '1.0.1' ],
3159 silly audit   ssh2: [ '1.17.0' ],
3159 silly audit   'whatwg-url': [ '5.0.0' ],
3159 silly audit   string_decoder: [ '1.3.0', '1.1.1' ],
3159 silly audit   'util-deprecate': [ '1.0.2' ],
3159 silly audit   'cpu-features': [ '0.0.10' ],
3159 silly audit   nan: [ '2.24.0' ],
3159 silly audit   buildcheck: [ '0.0.7' ],
3159 silly audit   'safe-buffer': [ '5.2.1', '5.1.2' ],
3159 silly audit   chownr: [ '1.1.4', '2.0.0' ],
3159 silly audit   'mkdirp-classic': [ '0.5.3' ],
3159 silly audit   pump: [ '3.0.3' ],
3159 silly audit   'end-of-stream': [ '1.4.5' ],
3159 silly audit   bl: [ '4.1.0' ],
3159 silly audit   'fs-constants': [ '1.0.0' ],
3159 silly audit   buffer: [ '5.7.1', '6.0.3' ],
3159 silly audit   'base64-js': [ '1.5.1' ],
3159 silly audit   ieee754: [ '1.2.1' ],
3159 silly audit   'any-promise': [ '1.3.0' ],
3159 silly audit   'is-number': [ '7.0.0' ],
3159 silly audit   escalade: [ '3.2.0' ],
3159 silly audit   'is-arguments': [ '1.2.0' ],
3159 silly audit   'is-generator-function': [ '1.1.2' ],
3159 silly audit   'is-typed-array': [ '1.1.15' ],
3159 silly audit   'which-typed-array': [ '1.1.19' ],
3159 silly audit   'generator-function': [ '2.0.1' ],
3159 silly audit   'safe-regex-test': [ '1.1.0' ],
3159 silly audit   'is-regex': [ '1.2.1' ],
3159 silly audit   '@vitest/expect': [ '2.1.9' ],
3159 silly audit   '@vitest/mocker': [ '2.1.9' ],
3159 silly audit   '@vitest/pretty-format': [ '2.1.9' ],
3159 silly audit   '@vitest/runner': [ '2.1.9' ],
3159 silly audit   '@vitest/snapshot': [ '2.1.9' ],
3159 silly audit   '@vitest/spy': [ '2.1.9' ],
3159 silly audit   '@vitest/utils': [ '2.1.9' ],
3159 silly audit   chai: [ '5.3.3' ],
3159 silly audit   'expect-type': [ '1.3.0' ],
3159 silly audit   'magic-string': [ '0.30.21' ],
3159 silly audit   pathe: [ '1.1.2' ],
3159 silly audit   'std-env': [ '3.10.0' ],
3159 silly audit   tinybench: [ '2.9.0' ],
3159 silly audit   tinyexec: [ '0.3.2' ],
3159 silly audit   tinypool: [ '1.1.1' ],
3159 silly audit   tinyrainbow: [ '1.2.0' ],
3159 silly audit   vite: [ '5.4.21' ],
3159 silly audit   'vite-node': [ '2.1.9' ],
3159 silly audit   'why-is-node-running': [ '2.3.0' ],
3159 silly audit   'estree-walker': [ '3.0.3' ],
3159 silly audit   tinyspy: [ '3.0.2' ],
3159 silly audit   loupe: [ '3.2.1' ],
3159 silly audit   'assertion-error': [ '2.0.1' ],
3159 silly audit   'check-error': [ '2.1.3' ],
3159 silly audit   'deep-eql': [ '5.0.2' ],
3159 silly audit   pathval: [ '2.0.1' ],
3159 silly audit   '@types/estree': [ '1.0.8' ],
3159 silly audit   postcss: [ '8.5.6' ],
3159 silly audit   rollup: [ '4.55.1' ],
3159 silly audit   nanoid: [ '3.3.11' ],
3159 silly audit   'source-map-js': [ '1.2.1' ],
3159 silly audit   '@rollup/rollup-android-arm-eabi': [ '4.55.1' ],
3159 silly audit   '@rollup/rollup-android-arm64': [ '4.55.1' ],
3159 silly audit   '@rollup/rollup-darwin-arm64': [ '4.55.1' ],
3159 silly audit   '@rollup/rollup-darwin-x64': [ '4.55.1' ],
3159 silly audit   '@rollup/rollup-freebsd-arm64': [ '4.55.1' ],
3159 silly audit   '@rollup/rollup-freebsd-x64': [ '4.55.1' ],
3159 silly audit   '@rollup/rollup-linux-arm-gnueabihf': [ '4.55.1' ],
3159 silly audit   '@rollup/rollup-linux-arm-musleabihf': [ '4.55.1' ],
3159 silly audit   '@rollup/rollup-linux-arm64-gnu': [ '4.55.1' ],
3159 silly audit   '@rollup/rollup-linux-arm64-musl': [ '4.55.1' ],
3159 silly audit   '@rollup/rollup-linux-loong64-gnu': [ '4.55.1' ],
3159 silly audit   '@rollup/rollup-linux-loong64-musl': [ '4.55.1' ],
3159 silly audit   '@rollup/rollup-linux-ppc64-gnu': [ '4.55.1' ],
3159 silly audit   '@rollup/rollup-linux-ppc64-musl': [ '4.55.1' ],
3159 silly audit   '@rollup/rollup-linux-riscv64-gnu': [ '4.55.1' ],
3159 silly audit   '@rollup/rollup-linux-riscv64-musl': [ '4.55.1' ],
3159 silly audit   '@rollup/rollup-linux-s390x-gnu': [ '4.55.1' ],
3159 silly audit   '@rollup/rollup-linux-x64-gnu': [ '4.55.1' ],
3159 silly audit   '@rollup/rollup-linux-x64-musl': [ '4.55.1' ],
3159 silly audit   '@rollup/rollup-openbsd-x64': [ '4.55.1' ],
3159 silly audit   '@rollup/rollup-openharmony-arm64': [ '4.55.1' ],
3159 silly audit   '@rollup/rollup-win32-arm64-msvc': [ '4.55.1' ],
3159 silly audit   '@rollup/rollup-win32-ia32-msvc': [ '4.55.1' ],
3159 silly audit   '@rollup/rollup-win32-x64-gnu': [ '4.55.1' ],
3159 silly audit   '@rollup/rollup-win32-x64-msvc': [ '4.55.1' ],
3159 silly audit   cac: [ '6.7.14' ],
3159 silly audit   'es-module-lexer': [ '1.7.0' ],
3159 silly audit   makeerror: [ '1.0.12' ],
3159 silly audit   tmpl: [ '1.0.5' ],
3159 silly audit   minimist: [ '1.2.6' ],
3159 silly audit   tunnel: [ '0.0.6' ],
3159 silly audit   tr46: [ '0.0.3' ],
3159 silly audit   'webidl-conversions': [ '3.0.1' ],
3159 silly audit   isexe: [ '2.0.0' ],
3159 silly audit   'available-typed-arrays': [ '1.0.7' ],
3159 silly audit   'for-each': [ '0.3.5' ],
3159 silly audit   'possible-typed-array-names': [ '1.1.0' ],
3159 silly audit   'is-callable': [ '1.2.7' ],
3159 silly audit   siginfo: [ '2.0.0' ],
3159 silly audit   stackback: [ '0.0.2' ],
3159 silly audit   '@colors/colors': [ '1.6.0', '1.5.0' ],
3159 silly audit   '@dabh/diagnostics': [ '2.0.8' ],
3159 silly audit   logform: [ '2.7.0' ],
3159 silly audit   'one-time': [ '1.0.0' ],
3159 silly audit   'safe-stable-stringify': [ '2.5.0' ],
3159 silly audit   'stack-trace': [ '0.0.10' ],
3159 silly audit   'triple-beam': [ '1.4.1' ],
3159 silly audit   'winston-transport': [ '4.9.0' ],
3159 silly audit   '@so-ric/colorspace': [ '1.1.6' ],
3159 silly audit   enabled: [ '2.0.0' ],
3159 silly audit   kuler: [ '2.0.0' ],
3159 silly audit   color: [ '5.0.3' ],
3159 silly audit   'text-hex': [ '1.0.0' ],
3159 silly audit   'color-string': [ '2.1.4' ],
3159 silly audit   '@types/triple-beam': [ '1.3.5' ],
3159 silly audit   fecha: [ '4.2.3' ],
3159 silly audit   'fn.name': [ '1.1.0' ],
3159 silly audit   imurmurhash: [ '0.1.4' ],
3159 silly audit   cliui: [ '8.0.1' ],
3159 silly audit   'get-caller-file': [ '2.0.5' ],
3159 silly audit   'require-directory': [ '2.1.1' ],
3159 silly audit   y18n: [ '5.0.8' ],
3159 silly audit   'yargs-parser': [ '21.1.1' ],
3159 silly audit   pend: [ '1.2.0' ],
3159 silly audit   'compress-commons': [ '4.1.2' ],
3159 silly audit   'crc32-stream': [ '4.0.3' ],
3159 silly audit   'crc-32': [ '1.2.2' ],
3159 silly audit   'core-util-is': [ '1.0.3' ],
3159 silly audit   isarray: [ '1.0.0' ],
3159 silly audit   'process-nextick-args': [ '2.0.1' ],
3159 silly audit   wcwidth: [ '1.0.1' ],
3159 silly audit   defaults: [ '1.0.4' ],
3159 silly audit   clone: [ '1.0.4' ],
3159 silly audit   'get-east-asian-width': [ '1.4.0' ],
3159 silly audit   'p-try': [ '2.2.0' ],
3159 silly audit   'mimic-function': [ '5.0.1' ],
3159 silly audit   minipass: [ '4.2.8', '7.1.2', '5.0.0', '3.3.6' ],
3159 silly audit   'path-scurry': [ '1.11.1', '1.9.1' ],
3159 silly audit   '@types/ssh2-streams': [ '0.1.13' ],
3159 silly audit   '@esbuild/aix-ppc64': [ '0.21.5' ],
3159 silly audit   '@esbuild/android-arm64': [ '0.21.5' ],
3159 silly audit   '@esbuild/android-x64': [ '0.21.5' ],
3159 silly audit   '@esbuild/darwin-arm64': [ '0.21.5' ],
3159 silly audit   '@esbuild/darwin-x64': [ '0.21.5' ],
3159 silly audit   '@esbuild/freebsd-arm64': [ '0.21.5' ],
3159 silly audit   '@esbuild/freebsd-x64': [ '0.21.5' ],
3159 silly audit   '@esbuild/linux-arm': [ '0.21.5' ],
3159 silly audit   '@esbuild/linux-arm64': [ '0.21.5' ],
3159 silly audit   '@esbuild/linux-ia32': [ '0.21.5' ],
3159 silly audit   '@esbuild/linux-mips64el': [ '0.21.5' ],
3159 silly audit   '@esbuild/linux-ppc64': [ '0.21.5' ],
3159 silly audit   '@esbuild/linux-riscv64': [ '0.21.5' ],
3159 silly audit   '@esbuild/linux-s390x': [ '0.21.5' ],
3159 silly audit   '@esbuild/linux-x64': [ '0.21.5' ],
3159 silly audit   '@esbuild/netbsd-x64': [ '0.21.5' ],
3159 silly audit   '@esbuild/openbsd-x64': [ '0.21.5' ],
3159 silly audit   '@esbuild/sunos-x64': [ '0.21.5' ],
3159 silly audit   '@esbuild/win32-arm64': [ '0.21.5' ],
3159 silly audit   '@esbuild/win32-ia32': [ '0.21.5' ],
3159 silly audit   '@esbuild/win32-x64': [ '0.21.5' ],
3159 silly audit   npm: [ '9.7.1' ],
3159 silly audit   abbrev: [ '2.0.0', '1.1.1' ],
3159 silly audit   'abort-controller': [ '3.0.0' ],
3159 silly audit   'agent-base': [ '6.0.2' ],
3159 silly audit   agentkeepalive: [ '4.3.0' ],
3159 silly audit   'aggregate-error': [ '3.1.0' ],
3159 silly audit   aproba: [ '2.0.0' ],
3159 silly audit   archy: [ '1.0.0' ],
3159 silly audit   'are-we-there-yet': [ '4.0.0', '3.0.1' ],
3159 silly audit   'bin-links': [ '4.0.1' ],
3159 silly audit   'binary-extensions': [ '2.2.0' ],
3159 silly audit   builtins: [ '5.0.1' ],
3159 silly audit   cacache: [ '17.1.2', '16.1.3' ],
3159 silly audit   'cidr-regex': [ '3.1.1' ],
3159 silly audit   'clean-stack': [ '2.2.0' ],
3159 silly audit   'cli-columns': [ '4.0.0' ],
3159 silly audit   'cli-table3': [ '0.6.3' ],
3159 silly audit   'cmd-shim': [ '6.0.1' ],
3159 silly audit   'color-support': [ '1.1.3' ],
3159 silly audit   columnify: [ '1.6.0' ],
3159 silly audit   'common-ancestor-path': [ '1.0.1' ],
3159 silly audit   'console-control-strings': [ '1.1.0' ],
3159 silly audit   cssesc: [ '3.0.0' ],
3159 silly audit   delegates: [ '1.0.0' ],
3159 silly audit   depd: [ '2.0.0' ],
3159 silly audit   diff: [ '5.1.0' ],
3159 silly audit   eastasianwidth: [ '0.2.0' ],
3159 silly audit   encoding: [ '0.1.13' ],
3159 silly audit   'err-code': [ '2.0.3' ],
3159 silly audit   'event-target-shim': [ '5.0.1' ],
3159 silly audit   events: [ '3.3.0' ],
3159 silly audit   'fastest-levenshtein': [ '1.0.16' ],
3159 silly audit   'foreground-child': [ '3.1.1' ],
3159 silly audit   'fs-minipass': [ '3.0.2', '2.1.0' ],
3159 silly audit   gauge: [ '5.0.1', '4.0.4' ],
3159 silly audit   has: [ '1.0.3' ],
3159 silly audit   'has-unicode': [ '2.0.1' ],
3159 silly audit   'hosted-git-info': [ '6.1.1' ],
3159 silly audit   'http-cache-semantics': [ '4.1.1' ],
3159 silly audit   'http-proxy-agent': [ '5.0.0' ],
3159 silly audit   'https-proxy-agent': [ '5.0.1' ],
3159 silly audit   'humanize-ms': [ '1.2.1' ],
3159 silly audit   'ignore-walk': [ '6.0.3' ],
3159 silly audit   'indent-string': [ '4.0.0' ],
3159 silly audit   'infer-owner': [ '1.0.4' ],
3159 silly audit   ini: [ '4.1.0' ],
3159 silly audit   'init-package-json': [ '5.0.0' ],
3159 silly audit   ip: [ '2.0.0' ],
3159 silly audit   'ip-regex': [ '4.3.0' ],
3159 silly audit   'is-cidr': [ '4.0.2' ],
3159 silly audit   'is-lambda': [ '1.0.1' ],
3159 silly audit   jackspeak: [ '2.2.0' ],
3159 silly audit   'json-stringify-nice': [ '1.1.4' ],
3159 silly audit   jsonparse: [ '1.3.1' ],
3159 silly audit   'just-diff': [ '6.0.2' ],
3159 silly audit   'just-diff-apply': [ '5.5.0' ],
3159 silly audit   libnpmaccess: [ '7.0.2' ],
3159 silly audit   libnpmdiff: [ '5.0.17' ],
3159 silly audit   libnpmexec: [ '6.0.0' ],
3159 silly audit   libnpmfund: [ '4.0.17' ],
3159 silly audit   libnpmhook: [ '9.0.3' ],
3159 silly audit   libnpmorg: [ '5.0.4' ],
3159 silly audit   libnpmpack: [ '5.0.17' ],
3159 silly audit   libnpmpublish: [ '7.3.0' ],
3159 silly audit   libnpmsearch: [ '6.0.2' ],
3159 silly audit   libnpmteam: [ '5.0.3' ],
3159 silly audit   libnpmversion: [ '4.0.2' ],
3159 silly audit   'make-fetch-happen': [ '11.1.1', '10.2.1' ],
3159 silly audit   'minipass-collect': [ '1.0.2' ],
3159 silly audit   'minipass-fetch': [ '3.0.3', '2.1.2' ],
3159 silly audit   'minipass-flush': [ '1.0.5' ],
3159 silly audit   'minipass-json-stream': [ '1.0.1' ],
3159 silly audit   'minipass-pipeline': [ '1.2.4' ],
3159 silly audit   'minipass-sized': [ '1.0.3' ],
3159 silly audit   minizlib: [ '2.1.2' ],
3159 silly audit   negotiator: [ '0.6.3' ],
3159 silly audit   'node-gyp': [ '9.3.1' ],
3159 silly audit   nopt: [ '6.0.0', '7.1.0' ],
3159 silly audit   npmlog: [ '6.0.2', '7.0.1' ],
3159 silly audit   ssri: [ '9.0.1', '10.0.4' ],
3159 silly audit   'unique-filename': [ '2.0.1', '3.0.0' ],
3159 silly audit   'unique-slug': [ '3.0.0', '4.0.0' ],
3159 silly audit   '@npmcli/fs': [ '2.1.2', '3.1.0' ],
3159 silly audit   'normalize-package-data': [ '5.0.0' ],
3159 silly audit   'npm-audit-report': [ '5.0.0' ],
3159 silly audit   'npm-bundled': [ '3.0.0' ],
3159 silly audit   'npm-install-checks': [ '6.1.1' ],
3159 silly audit   'npm-normalize-package-bin': [ '3.0.1' ],
3159 silly audit   'npm-package-arg': [ '10.1.0' ],
3159 silly audit   'npm-packlist': [ '7.0.4' ],
3159 silly audit   'npm-pick-manifest': [ '8.0.1' ],
3159 silly audit   'npm-profile': [ '7.0.1' ],
3159 silly audit   'npm-registry-fetch': [ '14.0.5' ],
3159 silly audit   'npm-user-validate': [ '2.0.0' ],
3159 silly audit   'p-map': [ '4.0.0' ],
3159 silly audit   pacote: [ '15.1.3' ],
3159 silly audit   'parse-conflict-json': [ '3.0.1' ],
3159 silly audit   'postcss-selector-parser': [ '6.0.13' ],
3159 silly audit   'proc-log': [ '3.0.0' ],
3159 silly audit   'promise-all-reject-late': [ '1.0.1' ],
3159 silly audit   'promise-call-limit': [ '1.0.2' ],
3159 silly audit   'promise-inflight': [ '1.0.1' ],
3159 silly audit   'promise-retry': [ '2.0.1' ],
3159 silly audit   promzard: [ '1.0.0' ],
3159 silly audit   'qrcode-terminal': [ '0.12.0' ],
3159 silly audit   read: [ '2.1.0' ],
3159 silly audit   'read-cmd-shim': [ '4.0.0' ],
3159 silly audit   'read-package-json': [ '6.0.3' ],
3159 silly audit   'read-package-json-fast': [ '3.0.2' ],
3159 silly audit   'set-blocking': [ '2.0.0' ],
3159 silly audit   sigstore: [ '1.5.2' ],
3159 silly audit   'smart-buffer': [ '4.2.0' ],
3159 silly audit   socks: [ '2.7.1' ],
3159 silly audit   'socks-proxy-agent': [ '7.0.0' ],
3159 silly audit   'spdx-correct': [ '3.2.0' ],
3159 silly audit   'spdx-exceptions': [ '2.3.0' ],
3159 silly audit   'spdx-expression-parse': [ '3.0.1' ],
3159 silly audit   'spdx-license-ids': [ '3.0.13' ],
3159 silly audit   tar: [ '6.1.14' ],
3159 silly audit   'text-table': [ '0.2.0' ],
3159 silly audit   'tiny-relative-date': [ '1.3.0' ],
3159 silly audit   treeverse: [ '3.0.0' ],
3159 silly audit   'tuf-js': [ '1.1.6' ],
3159 silly audit   'validate-npm-package-license': [ '3.0.4' ],
3159 silly audit   'validate-npm-package-name': [ '5.0.0' ],
3159 silly audit   'walk-up-path': [ '3.0.1' ],
3159 silly audit   'wide-align': [ '1.1.5' ],
3159 silly audit   '@gar/promisify': [ '1.1.3' ],
3159 silly audit   '@isaacs/cliui': [ '8.0.2' ],
3159 silly audit   '@isaacs/string-locale-compare': [ '1.1.0' ],
3159 silly audit   '@npmcli/arborist': [ '6.2.9' ],
3159 silly audit   '@npmcli/config': [ '6.2.0' ],
3159 silly audit   '@npmcli/disparity-colors': [ '3.0.0' ],
3159 silly audit   '@npmcli/git': [ '4.1.0' ],
3159 silly audit   '@npmcli/installed-package-contents': [ '2.0.2' ],
3159 silly audit   '@npmcli/map-workspaces': [ '3.0.4' ],
3159 silly audit   '@npmcli/metavuln-calculator': [ '5.0.1' ],
3159 silly audit   '@npmcli/move-file': [ '2.0.1' ],
3159 silly audit   '@npmcli/name-from-folder': [ '2.0.0' ],
3159 silly audit   '@npmcli/node-gyp': [ '3.0.0' ],
3159 silly audit   '@npmcli/package-json': [ '3.1.1' ],
3159 silly audit   '@npmcli/promise-spawn': [ '6.0.2' ],
3159 silly audit   '@npmcli/query': [ '3.0.0' ],
3159 silly audit   '@npmcli/run-script': [ '6.0.2' ],
3159 silly audit   '@pkgjs/parseargs': [ '0.11.0' ],
3159 silly audit   '@sigstore/protobuf-specs': [ '0.1.0' ],
3159 silly audit   '@tootallnate/once': [ '2.0.0' ],
3159 silly audit   '@tufjs/canonical-json': [ '1.0.0' ],
3159 silly audit   '@tufjs/models': [ '1.0.4' ]
3159 silly audit }
3160 verbose reify failed optional dependency /app/node_modules/@esbuild/win32-x64
3161 silly reify mark deleted [ '/app/node_modules/@esbuild/win32-x64' ]
3162 verbose reify failed optional dependency /app/node_modules/@esbuild/win32-ia32
3163 silly reify mark deleted [ '/app/node_modules/@esbuild/win32-ia32' ]
3164 verbose reify failed optional dependency /app/node_modules/@esbuild/win32-arm64
3165 silly reify mark deleted [ '/app/node_modules/@esbuild/win32-arm64' ]
3166 verbose reify failed optional dependency /app/node_modules/@esbuild/sunos-x64
3167 silly reify mark deleted [ '/app/node_modules/@esbuild/sunos-x64' ]
3168 verbose reify failed optional dependency /app/node_modules/@esbuild/openbsd-x64
3169 silly reify mark deleted [ '/app/node_modules/@esbuild/openbsd-x64' ]
3170 verbose reify failed optional dependency /app/node_modules/@esbuild/netbsd-x64
3171 silly reify mark deleted [ '/app/node_modules/@esbuild/netbsd-x64' ]
3172 verbose reify failed optional dependency /app/node_modules/@esbuild/linux-s390x
3173 silly reify mark deleted [ '/app/node_modules/@esbuild/linux-s390x' ]
3174 verbose reify failed optional dependency /app/node_modules/@esbuild/linux-riscv64
3175 silly reify mark deleted [ '/app/node_modules/@esbuild/linux-riscv64' ]
3176 verbose reify failed optional dependency /app/node_modules/@esbuild/linux-ppc64
3177 silly reify mark deleted [ '/app/node_modules/@esbuild/linux-ppc64' ]
3178 verbose reify failed optional dependency /app/node_modules/@esbuild/linux-mips64el
3179 silly reify mark deleted [ '/app/node_modules/@esbuild/linux-mips64el' ]
3180 verbose reify failed optional dependency /app/node_modules/@esbuild/linux-ia32
3181 silly reify mark deleted [ '/app/node_modules/@esbuild/linux-ia32' ]
3182 verbose reify failed optional dependency /app/node_modules/@esbuild/linux-arm64
3183 silly reify mark deleted [ '/app/node_modules/@esbuild/linux-arm64' ]
3184 verbose reify failed optional dependency /app/node_modules/@esbuild/linux-arm
3185 silly reify mark deleted [ '/app/node_modules/@esbuild/linux-arm' ]
3186 verbose reify failed optional dependency /app/node_modules/@esbuild/freebsd-x64
3187 silly reify mark deleted [ '/app/node_modules/@esbuild/freebsd-x64' ]
3188 verbose reify failed optional dependency /app/node_modules/@esbuild/freebsd-arm64
3189 silly reify mark deleted [ '/app/node_modules/@esbuild/freebsd-arm64' ]
3190 verbose reify failed optional dependency /app/node_modules/@esbuild/darwin-x64
3191 silly reify mark deleted [ '/app/node_modules/@esbuild/darwin-x64' ]
3192 verbose reify failed optional dependency /app/node_modules/@esbuild/darwin-arm64
3193 silly reify mark deleted [ '/app/node_modules/@esbuild/darwin-arm64' ]
3194 verbose reify failed optional dependency /app/node_modules/@esbuild/android-x64
3195 silly reify mark deleted [ '/app/node_modules/@esbuild/android-x64' ]
3196 verbose reify failed optional dependency /app/node_modules/@esbuild/android-arm64
3197 silly reify mark deleted [ '/app/node_modules/@esbuild/android-arm64' ]
3198 verbose reify failed optional dependency /app/node_modules/@esbuild/aix-ppc64
3199 silly reify mark deleted [ '/app/node_modules/@esbuild/aix-ppc64' ]
3200 verbose reify failed optional dependency /app/node_modules/@rollup/rollup-win32-x64-msvc
3201 silly reify mark deleted [ '/app/node_modules/@rollup/rollup-win32-x64-msvc' ]
3202 verbose reify failed optional dependency /app/node_modules/@rollup/rollup-win32-x64-gnu
3203 silly reify mark deleted [ '/app/node_modules/@rollup/rollup-win32-x64-gnu' ]
3204 verbose reify failed optional dependency /app/node_modules/@rollup/rollup-win32-ia32-msvc
3205 silly reify mark deleted [ '/app/node_modules/@rollup/rollup-win32-ia32-msvc' ]
3206 verbose reify failed optional dependency /app/node_modules/@rollup/rollup-win32-arm64-msvc
3207 silly reify mark deleted [ '/app/node_modules/@rollup/rollup-win32-arm64-msvc' ]
3208 verbose reify failed optional dependency /app/node_modules/@rollup/rollup-openharmony-arm64
3209 silly reify mark deleted [ '/app/node_modules/@rollup/rollup-openharmony-arm64' ]
3210 verbose reify failed optional dependency /app/node_modules/@rollup/rollup-openbsd-x64
3211 silly reify mark deleted [ '/app/node_modules/@rollup/rollup-openbsd-x64' ]
3212 verbose reify failed optional dependency /app/node_modules/@rollup/rollup-linux-s390x-gnu
3213 silly reify mark deleted [ '/app/node_modules/@rollup/rollup-linux-s390x-gnu' ]
3214 verbose reify failed optional dependency /app/node_modules/@rollup/rollup-linux-riscv64-musl
3215 silly reify mark deleted [ '/app/node_modules/@rollup/rollup-linux-riscv64-musl' ]
3216 verbose reify failed optional dependency /app/node_modules/@rollup/rollup-linux-riscv64-gnu
3217 silly reify mark deleted [ '/app/node_modules/@rollup/rollup-linux-riscv64-gnu' ]
3218 verbose reify failed optional dependency /app/node_modules/@rollup/rollup-linux-ppc64-musl
3219 silly reify mark deleted [ '/app/node_modules/@rollup/rollup-linux-ppc64-musl' ]
3220 verbose reify failed optional dependency /app/node_modules/@rollup/rollup-linux-ppc64-gnu
3221 silly reify mark deleted [ '/app/node_modules/@rollup/rollup-linux-ppc64-gnu' ]
3222 verbose reify failed optional dependency /app/node_modules/@rollup/rollup-linux-loong64-musl
3223 silly reify mark deleted [ '/app/node_modules/@rollup/rollup-linux-loong64-musl' ]
3224 verbose reify failed optional dependency /app/node_modules/@rollup/rollup-linux-loong64-gnu
3225 silly reify mark deleted [ '/app/node_modules/@rollup/rollup-linux-loong64-gnu' ]
3226 verbose reify failed optional dependency /app/node_modules/@rollup/rollup-linux-arm64-musl
3227 silly reify mark deleted [ '/app/node_modules/@rollup/rollup-linux-arm64-musl' ]
3228 verbose reify failed optional dependency /app/node_modules/@rollup/rollup-linux-arm64-gnu
3229 silly reify mark deleted [ '/app/node_modules/@rollup/rollup-linux-arm64-gnu' ]
3230 verbose reify failed optional dependency /app/node_modules/@rollup/rollup-linux-arm-musleabihf
3231 silly reify mark deleted [ '/app/node_modules/@rollup/rollup-linux-arm-musleabihf' ]
3232 verbose reify failed optional dependency /app/node_modules/@rollup/rollup-linux-arm-gnueabihf
3233 silly reify mark deleted [ '/app/node_modules/@rollup/rollup-linux-arm-gnueabihf' ]
3234 verbose reify failed optional dependency /app/node_modules/@rollup/rollup-freebsd-x64
3235 silly reify mark deleted [ '/app/node_modules/@rollup/rollup-freebsd-x64' ]
3236 verbose reify failed optional dependency /app/node_modules/@rollup/rollup-freebsd-arm64
3237 silly reify mark deleted [ '/app/node_modules/@rollup/rollup-freebsd-arm64' ]
3238 verbose reify failed optional dependency /app/node_modules/@rollup/rollup-darwin-x64
3239 silly reify mark deleted [ '/app/node_modules/@rollup/rollup-darwin-x64' ]
3240 verbose reify failed optional dependency /app/node_modules/@rollup/rollup-darwin-arm64
3241 silly reify mark deleted [ '/app/node_modules/@rollup/rollup-darwin-arm64' ]
3242 verbose reify failed optional dependency /app/node_modules/@rollup/rollup-android-arm64
3243 silly reify mark deleted [ '/app/node_modules/@rollup/rollup-android-arm64' ]
3244 verbose reify failed optional dependency /app/node_modules/@rollup/rollup-android-arm-eabi
3245 silly reify mark deleted [ '/app/node_modules/@rollup/rollup-android-arm-eabi' ]
3246 verbose reify failed optional dependency /app/node_modules/vite/node_modules/@esbuild/linux-loong64
3247 silly reify mark deleted [ '/app/node_modules/vite/node_modules/@esbuild/linux-loong64' ]
3248 verbose reify failed optional dependency /app/node_modules/vite/node_modules/@esbuild/android-arm
3249 silly reify mark deleted [ '/app/node_modules/vite/node_modules/@esbuild/android-arm' ]
3250 verbose reify failed optional dependency /app/node_modules/fsevents
3251 silly reify mark deleted [ '/app/node_modules/fsevents' ]
3252 verbose reify failed optional dependency /app/node_modules/esbuild-windows-arm64
3253 silly reify mark deleted [ '/app/node_modules/esbuild-windows-arm64' ]
3254 verbose reify failed optional dependency /app/node_modules/esbuild-windows-64
3255 silly reify mark deleted [ '/app/node_modules/esbuild-windows-64' ]
3256 verbose reify failed optional dependency /app/node_modules/esbuild-windows-32
3257 silly reify mark deleted [ '/app/node_modules/esbuild-windows-32' ]
3258 verbose reify failed optional dependency /app/node_modules/esbuild-sunos-64
3259 silly reify mark deleted [ '/app/node_modules/esbuild-sunos-64' ]
3260 verbose reify failed optional dependency /app/node_modules/esbuild-openbsd-64
3261 silly reify mark deleted [ '/app/node_modules/esbuild-openbsd-64' ]
3262 verbose reify failed optional dependency /app/node_modules/esbuild-netbsd-64
3263 silly reify mark deleted [ '/app/node_modules/esbuild-netbsd-64' ]
3264 verbose reify failed optional dependency /app/node_modules/esbuild-linux-s390x
3265 silly reify mark deleted [ '/app/node_modules/esbuild-linux-s390x' ]
3266 verbose reify failed optional dependency /app/node_modules/esbuild-linux-riscv64
3267 silly reify mark deleted [ '/app/node_modules/esbuild-linux-riscv64' ]
3268 verbose reify failed optional dependency /app/node_modules/esbuild-linux-ppc64le
3269 silly reify mark deleted [ '/app/node_modules/esbuild-linux-ppc64le' ]
3270 verbose reify failed optional dependency /app/node_modules/esbuild-linux-mips64le
3271 silly reify mark deleted [ '/app/node_modules/esbuild-linux-mips64le' ]
3272 verbose reify failed optional dependency /app/node_modules/esbuild-linux-arm64
3273 silly reify mark deleted [ '/app/node_modules/esbuild-linux-arm64' ]
3274 verbose reify failed optional dependency /app/node_modules/esbuild-linux-arm
3275 silly reify mark deleted [ '/app/node_modules/esbuild-linux-arm' ]
3276 verbose reify failed optional dependency /app/node_modules/esbuild-linux-32
3277 silly reify mark deleted [ '/app/node_modules/esbuild-linux-32' ]
3278 verbose reify failed optional dependency /app/node_modules/esbuild-freebsd-arm64
3279 silly reify mark deleted [ '/app/node_modules/esbuild-freebsd-arm64' ]
3280 verbose reify failed optional dependency /app/node_modules/esbuild-freebsd-64
3281 silly reify mark deleted [ '/app/node_modules/esbuild-freebsd-64' ]
3282 verbose reify failed optional dependency /app/node_modules/esbuild-darwin-arm64
3283 silly reify mark deleted [ '/app/node_modules/esbuild-darwin-arm64' ]
3284 verbose reify failed optional dependency /app/node_modules/esbuild-darwin-64
3285 silly reify mark deleted [ '/app/node_modules/esbuild-darwin-64' ]
3286 verbose reify failed optional dependency /app/node_modules/esbuild-android-arm64
3287 silly reify mark deleted [ '/app/node_modules/esbuild-android-arm64' ]
3288 verbose reify failed optional dependency /app/node_modules/esbuild-android-64
3289 silly reify mark deleted [ '/app/node_modules/esbuild-android-64' ]
3290 verbose reify failed optional dependency /app/node_modules/@esbuild/linux-loong64
3291 silly reify mark deleted [ '/app/node_modules/@esbuild/linux-loong64' ]
3292 verbose reify failed optional dependency /app/node_modules/@esbuild/android-arm
3293 silly reify mark deleted [ '/app/node_modules/@esbuild/android-arm' ]
3294 timing reifyNode:node_modules/@esbuild/win32-x64 Completed in 224ms
3295 timing reifyNode:node_modules/@esbuild/win32-ia32 Completed in 225ms
3296 timing reifyNode:node_modules/@esbuild/win32-arm64 Completed in 225ms
3297 timing reifyNode:node_modules/@esbuild/sunos-x64 Completed in 225ms
3298 timing reifyNode:node_modules/@esbuild/openbsd-x64 Completed in 225ms
3299 timing reifyNode:node_modules/@esbuild/netbsd-x64 Completed in 225ms
3300 timing reifyNode:node_modules/@esbuild/linux-s390x Completed in 225ms
3301 timing reifyNode:node_modules/@esbuild/linux-riscv64 Completed in 225ms
3302 timing reifyNode:node_modules/@esbuild/linux-ppc64 Completed in 226ms
3303 timing reifyNode:node_modules/@esbuild/linux-mips64el Completed in 226ms
3304 timing reifyNode:node_modules/@esbuild/linux-ia32 Completed in 226ms
3305 timing reifyNode:node_modules/@esbuild/linux-arm64 Completed in 226ms
3306 timing reifyNode:node_modules/@esbuild/linux-arm Completed in 226ms
3307 timing reifyNode:node_modules/@esbuild/freebsd-x64 Completed in 226ms
3308 timing reifyNode:node_modules/@esbuild/freebsd-arm64 Completed in 225ms
3309 timing reifyNode:node_modules/@esbuild/darwin-x64 Completed in 226ms
3310 timing reifyNode:node_modules/@esbuild/darwin-arm64 Completed in 226ms
3311 timing reifyNode:node_modules/@esbuild/android-x64 Completed in 226ms
3312 timing reifyNode:node_modules/@esbuild/android-arm64 Completed in 226ms
3313 timing reifyNode:node_modules/@esbuild/aix-ppc64 Completed in 226ms
3314 timing reifyNode:node_modules/@rollup/rollup-win32-x64-msvc Completed in 224ms
3315 timing reifyNode:node_modules/@rollup/rollup-win32-x64-gnu Completed in 224ms
3316 timing reifyNode:node_modules/@rollup/rollup-win32-ia32-msvc Completed in 224ms
3317 timing reifyNode:node_modules/@rollup/rollup-win32-arm64-msvc Completed in 224ms
3318 timing reifyNode:node_modules/@rollup/rollup-openharmony-arm64 Completed in 224ms
3319 timing reifyNode:node_modules/@rollup/rollup-openbsd-x64 Completed in 224ms
3320 timing reifyNode:node_modules/@rollup/rollup-linux-s390x-gnu Completed in 224ms
3321 timing reifyNode:node_modules/@rollup/rollup-linux-riscv64-musl Completed in 224ms
3322 timing reifyNode:node_modules/@rollup/rollup-linux-riscv64-gnu Completed in 224ms
3323 timing reifyNode:node_modules/@rollup/rollup-linux-ppc64-musl Completed in 224ms
3324 timing reifyNode:node_modules/@rollup/rollup-linux-ppc64-gnu Completed in 224ms
3325 timing reifyNode:node_modules/@rollup/rollup-linux-loong64-musl Completed in 224ms
3326 timing reifyNode:node_modules/@rollup/rollup-linux-loong64-gnu Completed in 225ms
3327 timing reifyNode:node_modules/@rollup/rollup-linux-arm64-musl Completed in 225ms
3328 timing reifyNode:node_modules/@rollup/rollup-linux-arm64-gnu Completed in 225ms
3329 timing reifyNode:node_modules/@rollup/rollup-linux-arm-musleabihf Completed in 225ms
3330 timing reifyNode:node_modules/@rollup/rollup-linux-arm-gnueabihf Completed in 225ms
3331 timing reifyNode:node_modules/@rollup/rollup-freebsd-x64 Completed in 225ms
3332 timing reifyNode:node_modules/@rollup/rollup-freebsd-arm64 Completed in 225ms
3333 timing reifyNode:node_modules/@rollup/rollup-darwin-x64 Completed in 225ms
3334 timing reifyNode:node_modules/@rollup/rollup-darwin-arm64 Completed in 225ms
3335 timing reifyNode:node_modules/@rollup/rollup-android-arm64 Completed in 225ms
3336 timing reifyNode:node_modules/@rollup/rollup-android-arm-eabi Completed in 225ms
3337 timing reifyNode:node_modules/vite/node_modules/@esbuild/linux-loong64 Completed in 225ms
3338 timing reifyNode:node_modules/vite/node_modules/@esbuild/android-arm Completed in 225ms
3339 timing reifyNode:node_modules/fsevents Completed in 200ms
3340 timing reifyNode:node_modules/esbuild-windows-arm64 Completed in 193ms
3341 timing reifyNode:node_modules/esbuild-windows-64 Completed in 193ms
3342 timing reifyNode:node_modules/esbuild-windows-32 Completed in 193ms
3343 timing reifyNode:node_modules/esbuild-sunos-64 Completed in 193ms
3344 timing reifyNode:node_modules/esbuild-openbsd-64 Completed in 193ms
3345 timing reifyNode:node_modules/esbuild-netbsd-64 Completed in 193ms
3346 timing reifyNode:node_modules/esbuild-linux-s390x Completed in 193ms
3347 timing reifyNode:node_modules/esbuild-linux-riscv64 Completed in 193ms
3348 timing reifyNode:node_modules/esbuild-linux-ppc64le Completed in 194ms
3349 timing reifyNode:node_modules/esbuild-linux-mips64le Completed in 194ms
3350 timing reifyNode:node_modules/esbuild-linux-arm64 Completed in 194ms
3351 timing reifyNode:node_modules/esbuild-linux-arm Completed in 194ms
3352 timing reifyNode:node_modules/esbuild-linux-32 Completed in 194ms
3353 timing reifyNode:node_modules/esbuild-freebsd-arm64 Completed in 194ms
3354 timing reifyNode:node_modules/esbuild-freebsd-64 Completed in 194ms
3355 timing reifyNode:node_modules/esbuild-darwin-arm64 Completed in 194ms
3356 timing reifyNode:node_modules/esbuild-darwin-64 Completed in 194ms
3357 timing reifyNode:node_modules/esbuild-android-arm64 Completed in 194ms
3358 timing reifyNode:node_modules/esbuild-android-64 Completed in 194ms
3359 timing reifyNode:node_modules/@esbuild/linux-loong64 Completed in 195ms
3360 timing reifyNode:node_modules/@esbuild/android-arm Completed in 195ms
3361 silly tarball no local data for @esbuild/linux-x64@https://registry.npmjs.org/@esbuild/linux-x64/-/linux-x64-0.21.5.tgz. Extracting by manifest.
3362 silly tarball no local data for @types/ssh2-streams@https://registry.npmjs.org/@types/ssh2-streams/-/ssh2-streams-0.1.13.tgz. Extracting by manifest.
3363 silly tarball no local data for path-scurry@https://registry.npmjs.org/path-scurry/-/path-scurry-1.11.1.tgz. Extracting by manifest.
3364 silly tarball no local data for minipass@https://registry.npmjs.org/minipass/-/minipass-4.2.8.tgz. Extracting by manifest.
3365 silly tarball no local data for mimic-function@https://registry.npmjs.org/mimic-function/-/mimic-function-5.0.1.tgz. Extracting by manifest.
3366 silly tarball no local data for p-try@https://registry.npmjs.org/p-try/-/p-try-2.2.0.tgz. Extracting by manifest.
3367 silly tarball no local data for get-east-asian-width@https://registry.npmjs.org/get-east-asian-width/-/get-east-asian-width-1.4.0.tgz. Extracting by manifest.
3368 silly tarball no local data for clone@https://registry.npmjs.org/clone/-/clone-1.0.4.tgz. Extracting by manifest.
3369 silly tarball no local data for defaults@https://registry.npmjs.org/defaults/-/defaults-1.0.4.tgz. Extracting by manifest.
3370 silly tarball no local data for wcwidth@https://registry.npmjs.org/wcwidth/-/wcwidth-1.0.1.tgz. Extracting by manifest.
3371 silly tarball no local data for process-nextick-args@https://registry.npmjs.org/process-nextick-args/-/process-nextick-args-2.0.1.tgz. Extracting by manifest.
3372 silly tarball no local data for isarray@https://registry.npmjs.org/isarray/-/isarray-1.0.0.tgz. Extracting by manifest.
3373 silly tarball no local data for core-util-is@https://registry.npmjs.org/core-util-is/-/core-util-is-1.0.3.tgz. Extracting by manifest.
3374 silly tarball no local data for crc-32@https://registry.npmjs.org/crc-32/-/crc-32-1.2.2.tgz. Extracting by manifest.
3375 silly tarball no local data for crc32-stream@https://registry.npmjs.org/crc32-stream/-/crc32-stream-4.0.3.tgz. Extracting by manifest.
3376 silly tarball no local data for compress-commons@https://registry.npmjs.org/compress-commons/-/compress-commons-4.1.2.tgz. Extracting by manifest.
3377 silly tarball no local data for pend@https://registry.npmjs.org/pend/-/pend-1.2.0.tgz. Extracting by manifest.
3378 silly tarball no local data for yargs-parser@https://registry.npmjs.org/yargs-parser/-/yargs-parser-21.1.1.tgz. Extracting by manifest.
3379 silly tarball no local data for y18n@https://registry.npmjs.org/y18n/-/y18n-5.0.8.tgz. Extracting by manifest.
3380 silly tarball no local data for require-directory@https://registry.npmjs.org/require-directory/-/require-directory-2.1.1.tgz. Extracting by manifest.
3381 silly tarball no local data for get-caller-file@https://registry.npmjs.org/get-caller-file/-/get-caller-file-2.0.5.tgz. Extracting by manifest.
3382 silly tarball no local data for cliui@https://registry.npmjs.org/cliui/-/cliui-8.0.1.tgz. Extracting by manifest.
3383 silly tarball no local data for imurmurhash@https://registry.npmjs.org/imurmurhash/-/imurmurhash-0.1.4.tgz. Extracting by manifest.
3384 silly tarball no local data for fn.name@https://registry.npmjs.org/fn.name/-/fn.name-1.1.0.tgz. Extracting by manifest.
3385 silly tarball no local data for fecha@https://registry.npmjs.org/fecha/-/fecha-4.2.3.tgz. Extracting by manifest.
3386 silly tarball no local data for @types/triple-beam@https://registry.npmjs.org/@types/triple-beam/-/triple-beam-1.3.5.tgz. Extracting by manifest.
3387 silly tarball no local data for color-string@https://registry.npmjs.org/color-string/-/color-string-2.1.4.tgz. Extracting by manifest.
3388 silly tarball no local data for text-hex@https://registry.npmjs.org/text-hex/-/text-hex-1.0.0.tgz. Extracting by manifest.
3389 silly tarball no local data for color@https://registry.npmjs.org/color/-/color-5.0.3.tgz. Extracting by manifest.
3390 silly tarball no local data for kuler@https://registry.npmjs.org/kuler/-/kuler-2.0.0.tgz. Extracting by manifest.
3391 silly tarball no local data for enabled@https://registry.npmjs.org/enabled/-/enabled-2.0.0.tgz. Extracting by manifest.
3392 silly tarball no local data for @so-ric/colorspace@https://registry.npmjs.org/@so-ric/colorspace/-/colorspace-1.1.6.tgz. Extracting by manifest.
3393 silly tarball no local data for winston-transport@https://registry.npmjs.org/winston-transport/-/winston-transport-4.9.0.tgz. Extracting by manifest.
3394 silly tarball no local data for triple-beam@https://registry.npmjs.org/triple-beam/-/triple-beam-1.4.1.tgz. Extracting by manifest.
3395 silly tarball no local data for stack-trace@https://registry.npmjs.org/stack-trace/-/stack-trace-0.0.10.tgz. Extracting by manifest.
3396 silly tarball no local data for safe-stable-stringify@https://registry.npmjs.org/safe-stable-stringify/-/safe-stable-stringify-2.5.0.tgz. Extracting by manifest.
3397 silly tarball no local data for one-time@https://registry.npmjs.org/one-time/-/one-time-1.0.0.tgz. Extracting by manifest.
3398 silly tarball no local data for logform@https://registry.npmjs.org/logform/-/logform-2.7.0.tgz. Extracting by manifest.
3399 silly tarball no local data for @dabh/diagnostics@https://registry.npmjs.org/@dabh/diagnostics/-/diagnostics-2.0.8.tgz. Extracting by manifest.
3400 silly tarball no local data for @colors/colors@https://registry.npmjs.org/@colors/colors/-/colors-1.6.0.tgz. Extracting by manifest.
3401 silly tarball no local data for stackback@https://registry.npmjs.org/stackback/-/stackback-0.0.2.tgz. Extracting by manifest.
3402 silly tarball no local data for siginfo@https://registry.npmjs.org/siginfo/-/siginfo-2.0.0.tgz. Extracting by manifest.
3403 silly tarball no local data for is-callable@https://registry.npmjs.org/is-callable/-/is-callable-1.2.7.tgz. Extracting by manifest.
3404 silly tarball no local data for possible-typed-array-names@https://registry.npmjs.org/possible-typed-array-names/-/possible-typed-array-names-1.1.0.tgz. Extracting by manifest.
3405 silly tarball no local data for available-typed-arrays@https://registry.npmjs.org/available-typed-arrays/-/available-typed-arrays-1.0.7.tgz. Extracting by manifest.
3406 silly tarball no local data for isexe@https://registry.npmjs.org/isexe/-/isexe-2.0.0.tgz. Extracting by manifest.
3407 silly tarball no local data for webidl-conversions@https://registry.npmjs.org/webidl-conversions/-/webidl-conversions-3.0.1.tgz. Extracting by manifest.
3408 silly tarball no local data for tr46@https://registry.npmjs.org/tr46/-/tr46-0.0.3.tgz. Extracting by manifest.
3409 silly tarball no local data for tunnel@https://registry.npmjs.org/tunnel/-/tunnel-0.0.6.tgz. Extracting by manifest.
3410 silly tarball no local data for minimist@https://registry.npmjs.org/minimist/-/minimist-1.2.6.tgz. Extracting by manifest.
3411 silly tarball no local data for tmpl@https://registry.npmjs.org/tmpl/-/tmpl-1.0.5.tgz. Extracting by manifest.
3412 silly tarball no local data for makeerror@https://registry.npmjs.org/makeerror/-/makeerror-1.0.12.tgz. Extracting by manifest.
3413 silly tarball no local data for cac@https://registry.npmjs.org/cac/-/cac-6.7.14.tgz. Extracting by manifest.
3414 silly tarball no local data for @rollup/rollup-linux-x64-musl@https://registry.npmjs.org/@rollup/rollup-linux-x64-musl/-/rollup-linux-x64-musl-4.55.1.tgz. Extracting by manifest.
3415 silly tarball no local data for @rollup/rollup-linux-x64-gnu@https://registry.npmjs.org/@rollup/rollup-linux-x64-gnu/-/rollup-linux-x64-gnu-4.55.1.tgz. Extracting by manifest.
3416 silly tarball no local data for source-map-js@https://registry.npmjs.org/source-map-js/-/source-map-js-1.2.1.tgz. Extracting by manifest.
3417 silly tarball no local data for nanoid@https://registry.npmjs.org/nanoid/-/nanoid-3.3.11.tgz. Extracting by manifest.
3418 silly tarball no local data for rollup@https://registry.npmjs.org/rollup/-/rollup-4.55.1.tgz. Extracting by manifest.
3419 silly tarball no local data for postcss@https://registry.npmjs.org/postcss/-/postcss-8.5.6.tgz. Extracting by manifest.
3420 silly tarball no local data for @types/estree@https://registry.npmjs.org/@types/estree/-/estree-1.0.8.tgz. Extracting by manifest.
3421 silly tarball no local data for pathval@https://registry.npmjs.org/pathval/-/pathval-2.0.1.tgz. Extracting by manifest.
3422 silly tarball no local data for deep-eql@https://registry.npmjs.org/deep-eql/-/deep-eql-5.0.2.tgz. Extracting by manifest.
3423 silly tarball no local data for es-module-lexer@https://registry.npmjs.org/es-module-lexer/-/es-module-lexer-1.7.0.tgz. Extracting by manifest.
3424 silly tarball no local data for check-error@https://registry.npmjs.org/check-error/-/check-error-2.1.3.tgz. Extracting by manifest.
3425 silly tarball no local data for assertion-error@https://registry.npmjs.org/assertion-error/-/assertion-error-2.0.1.tgz. Extracting by manifest.
3426 silly tarball no local data for loupe@https://registry.npmjs.org/loupe/-/loupe-3.2.1.tgz. Extracting by manifest.
3427 silly tarball no local data for tinyspy@https://registry.npmjs.org/tinyspy/-/tinyspy-3.0.2.tgz. Extracting by manifest.
3428 silly tarball no local data for estree-walker@https://registry.npmjs.org/estree-walker/-/estree-walker-3.0.3.tgz. Extracting by manifest.
3429 silly tarball no local data for why-is-node-running@https://registry.npmjs.org/why-is-node-running/-/why-is-node-running-2.3.0.tgz. Extracting by manifest.
3430 silly tarball no local data for vite-node@https://registry.npmjs.org/vite-node/-/vite-node-2.1.9.tgz. Extracting by manifest.
3431 silly tarball no local data for vite@https://registry.npmjs.org/vite/-/vite-5.4.21.tgz. Extracting by manifest.
3432 silly tarball no local data for tinyrainbow@https://registry.npmjs.org/tinyrainbow/-/tinyrainbow-1.2.0.tgz. Extracting by manifest.
3433 silly tarball no local data for tinypool@https://registry.npmjs.org/tinypool/-/tinypool-1.1.1.tgz. Extracting by manifest.
3434 silly tarball no local data for tinyexec@https://registry.npmjs.org/tinyexec/-/tinyexec-0.3.2.tgz. Extracting by manifest.
3435 silly tarball no local data for tinybench@https://registry.npmjs.org/tinybench/-/tinybench-2.9.0.tgz. Extracting by manifest.
3436 silly tarball no local data for std-env@https://registry.npmjs.org/std-env/-/std-env-3.10.0.tgz. Extracting by manifest.
3437 silly tarball no local data for pathe@https://registry.npmjs.org/pathe/-/pathe-1.1.2.tgz. Extracting by manifest.
3438 silly tarball no local data for magic-string@https://registry.npmjs.org/magic-string/-/magic-string-0.30.21.tgz. Extracting by manifest.
3439 silly tarball no local data for expect-type@https://registry.npmjs.org/expect-type/-/expect-type-1.3.0.tgz. Extracting by manifest.
3440 silly tarball no local data for chai@https://registry.npmjs.org/chai/-/chai-5.3.3.tgz. Extracting by manifest.
3441 silly tarball no local data for @vitest/utils@https://registry.npmjs.org/@vitest/utils/-/utils-2.1.9.tgz. Extracting by manifest.
3442 silly tarball no local data for @vitest/spy@https://registry.npmjs.org/@vitest/spy/-/spy-2.1.9.tgz. Extracting by manifest.
3443 silly tarball no local data for @vitest/snapshot@https://registry.npmjs.org/@vitest/snapshot/-/snapshot-2.1.9.tgz. Extracting by manifest.
3444 silly tarball no local data for @vitest/runner@https://registry.npmjs.org/@vitest/runner/-/runner-2.1.9.tgz. Extracting by manifest.
3445 silly tarball no local data for @vitest/mocker@https://registry.npmjs.org/@vitest/mocker/-/mocker-2.1.9.tgz. Extracting by manifest.
3446 silly tarball no local data for @vitest/pretty-format@https://registry.npmjs.org/@vitest/pretty-format/-/pretty-format-2.1.9.tgz. Extracting by manifest.
3447 silly tarball no local data for @vitest/expect@https://registry.npmjs.org/@vitest/expect/-/expect-2.1.9.tgz. Extracting by manifest.
3448 silly tarball no local data for is-regex@https://registry.npmjs.org/is-regex/-/is-regex-1.2.1.tgz. Extracting by manifest.
3449 silly tarball no local data for safe-regex-test@https://registry.npmjs.org/safe-regex-test/-/safe-regex-test-1.1.0.tgz. Extracting by manifest.
3450 silly tarball no local data for generator-function@https://registry.npmjs.org/generator-function/-/generator-function-2.0.1.tgz. Extracting by manifest.
3451 silly tarball no local data for which-typed-array@https://registry.npmjs.org/which-typed-array/-/which-typed-array-1.1.19.tgz. Extracting by manifest.
3452 silly tarball no local data for is-typed-array@https://registry.npmjs.org/is-typed-array/-/is-typed-array-1.1.15.tgz. Extracting by manifest.
3453 silly tarball no local data for is-generator-function@https://registry.npmjs.org/is-generator-function/-/is-generator-function-1.1.2.tgz. Extracting by manifest.
3454 silly tarball no local data for is-arguments@https://registry.npmjs.org/is-arguments/-/is-arguments-1.2.0.tgz. Extracting by manifest.
3455 silly tarball no local data for escalade@https://registry.npmjs.org/escalade/-/escalade-3.2.0.tgz. Extracting by manifest.
3456 silly tarball no local data for is-number@https://registry.npmjs.org/is-number/-/is-number-7.0.0.tgz. Extracting by manifest.
3457 silly tarball no local data for any-promise@https://registry.npmjs.org/any-promise/-/any-promise-1.3.0.tgz. Extracting by manifest.
3458 silly tarball no local data for ieee754@https://registry.npmjs.org/ieee754/-/ieee754-1.2.1.tgz. Extracting by manifest.
3459 silly tarball no local data for base64-js@https://registry.npmjs.org/base64-js/-/base64-js-1.5.1.tgz. Extracting by manifest.
3460 silly tarball no local data for buffer@https://registry.npmjs.org/buffer/-/buffer-5.7.1.tgz. Extracting by manifest.
3461 silly tarball no local data for fs-constants@https://registry.npmjs.org/fs-constants/-/fs-constants-1.0.0.tgz. Extracting by manifest.
3462 silly tarball no local data for bl@https://registry.npmjs.org/bl/-/bl-4.1.0.tgz. Extracting by manifest.
3463 silly tarball no local data for end-of-stream@https://registry.npmjs.org/end-of-stream/-/end-of-stream-1.4.5.tgz. Extracting by manifest.
3464 silly tarball no local data for pump@https://registry.npmjs.org/pump/-/pump-3.0.3.tgz. Extracting by manifest.
3465 silly tarball no local data for mkdirp-classic@https://registry.npmjs.org/mkdirp-classic/-/mkdirp-classic-0.5.3.tgz. Extracting by manifest.
3466 silly tarball no local data for chownr@https://registry.npmjs.org/chownr/-/chownr-1.1.4.tgz. Extracting by manifest.
3467 silly tarball no local data for safe-buffer@https://registry.npmjs.org/safe-buffer/-/safe-buffer-5.2.1.tgz. Extracting by manifest.
3468 silly tarball no local data for buildcheck@https://registry.npmjs.org/buildcheck/-/buildcheck-0.0.7.tgz. Extracting by manifest.
3469 silly tarball no local data for nan@https://registry.npmjs.org/nan/-/nan-2.24.0.tgz. Extracting by manifest.
3470 silly tarball no local data for cpu-features@https://registry.npmjs.org/cpu-features/-/cpu-features-0.0.10.tgz. Extracting by manifest.
3471 silly tarball no local data for util-deprecate@https://registry.npmjs.org/util-deprecate/-/util-deprecate-1.0.2.tgz. Extracting by manifest.
3472 silly tarball no local data for string_decoder@https://registry.npmjs.org/string_decoder/-/string_decoder-1.3.0.tgz. Extracting by manifest.
3473 silly tarball no local data for whatwg-url@https://registry.npmjs.org/whatwg-url/-/whatwg-url-5.0.0.tgz. Extracting by manifest.
3474 silly tarball no local data for ssh2@https://registry.npmjs.org/ssh2/-/ssh2-1.17.0.tgz. Extracting by manifest.
3475 silly tarball no local data for split-ca@https://registry.npmjs.org/split-ca/-/split-ca-1.0.1.tgz. Extracting by manifest.
3476 silly tarball no local data for docker-modem@https://registry.npmjs.org/docker-modem/-/docker-modem-3.0.8.tgz. Extracting by manifest.
3477 silly tarball no local data for yaml@https://registry.npmjs.org/yaml/-/yaml-2.8.2.tgz. Extracting by manifest.
3478 silly tarball no local data for lodash.union@https://registry.npmjs.org/lodash.union/-/lodash.union-4.6.0.tgz. Extracting by manifest.
3479 silly tarball no local data for lodash.isplainobject@https://registry.npmjs.org/lodash.isplainobject/-/lodash.isplainobject-4.0.6.tgz. Extracting by manifest.
3480 silly tarball no local data for lodash.flatten@https://registry.npmjs.org/lodash.flatten/-/lodash.flatten-4.4.0.tgz. Extracting by manifest.
3481 silly tarball no local data for lodash.difference@https://registry.npmjs.org/lodash.difference/-/lodash.difference-4.5.0.tgz. Extracting by manifest.
3482 silly tarball no local data for lodash.defaults@https://registry.npmjs.org/lodash.defaults/-/lodash.defaults-4.2.0.tgz. Extracting by manifest.
3483 silly tarball no local data for lazystream@https://registry.npmjs.org/lazystream/-/lazystream-1.0.1.tgz. Extracting by manifest.
3484 silly tarball no local data for zip-stream@https://registry.npmjs.org/zip-stream/-/zip-stream-4.1.1.tgz. Extracting by manifest.
3485 silly tarball no local data for tar-stream@https://registry.npmjs.org/tar-stream/-/tar-stream-2.2.0.tgz. Extracting by manifest.
3486 silly tarball no local data for readdir-glob@https://registry.npmjs.org/readdir-glob/-/readdir-glob-1.1.3.tgz. Extracting by manifest.
3487 silly tarball no local data for readable-stream@https://registry.npmjs.org/readable-stream/-/readable-stream-3.6.2.tgz. Extracting by manifest.
3488 silly tarball no local data for buffer-crc32@https://registry.npmjs.org/buffer-crc32/-/buffer-crc32-0.2.13.tgz. Extracting by manifest.
3489 silly tarball no local data for archiver-utils@https://registry.npmjs.org/archiver-utils/-/archiver-utils-2.1.0.tgz. Extracting by manifest.
3490 silly tarball no local data for @types/ssh2@https://registry.npmjs.org/@types/ssh2/-/ssh2-1.15.5.tgz. Extracting by manifest.
3491 silly tarball no local data for @types/docker-modem@https://registry.npmjs.org/@types/docker-modem/-/docker-modem-3.0.6.tgz. Extracting by manifest.
3492 silly tarball no local data for @types/readdir-glob@https://registry.npmjs.org/@types/readdir-glob/-/readdir-glob-1.1.5.tgz. Extracting by manifest.
3493 silly tarball no local data for tmp@https://registry.npmjs.org/tmp/-/tmp-0.2.5.tgz. Extracting by manifest.
3494 silly tarball no local data for tar-fs@https://registry.npmjs.org/tar-fs/-/tar-fs-2.1.4.tgz. Extracting by manifest.
3495 silly tarball no local data for ssh-remote-port-forward@https://registry.npmjs.org/ssh-remote-port-forward/-/ssh-remote-port-forward-1.0.4.tgz. Extracting by manifest.
3496 silly tarball no local data for properties-reader@https://registry.npmjs.org/properties-reader/-/properties-reader-2.3.0.tgz. Extracting by manifest.
3497 silly tarball no local data for node-fetch@https://registry.npmjs.org/node-fetch/-/node-fetch-2.7.0.tgz. Extracting by manifest.
3498 silly tarball no local data for dockerode@https://registry.npmjs.org/dockerode/-/dockerode-3.3.5.tgz. Extracting by manifest.
3499 silly tarball no local data for docker-compose@https://registry.npmjs.org/docker-compose/-/docker-compose-0.24.8.tgz. Extracting by manifest.
3500 silly tarball no local data for async-lock@https://registry.npmjs.org/async-lock/-/async-lock-1.4.1.tgz. Extracting by manifest.
3501 silly tarball no local data for archiver@https://registry.npmjs.org/archiver/-/archiver-5.3.2.tgz. Extracting by manifest.
3502 silly tarball no local data for @types/dockerode@https://registry.npmjs.org/@types/dockerode/-/dockerode-3.3.47.tgz. Extracting by manifest.
3503 silly tarball no local data for @types/archiver@https://registry.npmjs.org/@types/archiver/-/archiver-5.3.4.tgz. Extracting by manifest.
3504 silly tarball no local data for @balena/dockerignore@https://registry.npmjs.org/@balena/dockerignore/-/dockerignore-1.0.2.tgz. Extracting by manifest.
3505 silly tarball no local data for has-flag@https://registry.npmjs.org/has-flag/-/has-flag-4.0.0.tgz. Extracting by manifest.
3506 silly tarball no local data for ansi-regex@https://registry.npmjs.org/ansi-regex/-/ansi-regex-5.0.1.tgz. Extracting by manifest.
3507 silly tarball no local data for is-fullwidth-code-point@https://registry.npmjs.org/is-fullwidth-code-point/-/is-fullwidth-code-point-3.0.0.tgz. Extracting by manifest.
3508 silly tarball no local data for emoji-regex@https://registry.npmjs.org/emoji-regex/-/emoji-regex-8.0.0.tgz. Extracting by manifest.
3509 silly tarball no local data for char-regex@https://registry.npmjs.org/char-regex/-/char-regex-1.0.2.tgz. Extracting by manifest.
3510 silly tarball no local data for @leichtgewicht/ip-codec@https://registry.npmjs.org/@leichtgewicht/ip-codec/-/ip-codec-2.0.5.tgz. Extracting by manifest.
3511 silly tarball no local data for thunky@https://registry.npmjs.org/thunky/-/thunky-1.1.0.tgz. Extracting by manifest.
3512 silly tarball no local data for dns-packet@https://registry.npmjs.org/dns-packet/-/dns-packet-5.6.1.tgz. Extracting by manifest.
3513 silly tarball no local data for @types/dns-packet@https://registry.npmjs.org/@types/dns-packet/-/dns-packet-5.6.5.tgz. Extracting by manifest.
3514 silly tarball no local data for multicast-dns@https://registry.npmjs.org/multicast-dns/-/multicast-dns-7.2.5.tgz. Extracting by manifest.
3515 silly tarball no local data for dns-equal@https://registry.npmjs.org/dns-equal/-/dns-equal-1.0.0.tgz. Extracting by manifest.
3516 silly tarball no local data for array-flatten@https://registry.npmjs.org/array-flatten/-/array-flatten-2.1.2.tgz. Extracting by manifest.
3517 silly tarball no local data for @types/multicast-dns@https://registry.npmjs.org/@types/multicast-dns/-/multicast-dns-7.2.4.tgz. Extracting by manifest.
3518 silly tarball no local data for escape-string-regexp@https://registry.npmjs.org/escape-string-regexp/-/escape-string-regexp-2.0.0.tgz. Extracting by manifest.
3519 silly tarball no local data for tweetnacl@https://registry.npmjs.org/tweetnacl/-/tweetnacl-0.14.5.tgz. Extracting by manifest.
3520 silly tarball no local data for jsbn@https://registry.npmjs.org/jsbn/-/jsbn-0.1.1.tgz. Extracting by manifest.
3521 silly tarball no local data for getpass@https://registry.npmjs.org/getpass/-/getpass-0.1.7.tgz. Extracting by manifest.
3522 silly tarball no local data for ecc-jsbn@https://registry.npmjs.org/ecc-jsbn/-/ecc-jsbn-0.1.2.tgz. Extracting by manifest.
3523 silly tarball no local data for dashdash@https://registry.npmjs.org/dashdash/-/dashdash-1.14.1.tgz. Extracting by manifest.
3524 silly tarball no local data for bcrypt-pbkdf@https://registry.npmjs.org/bcrypt-pbkdf/-/bcrypt-pbkdf-1.0.2.tgz. Extracting by manifest.
3525 silly tarball no local data for assert-plus@https://registry.npmjs.org/assert-plus/-/assert-plus-1.0.0.tgz. Extracting by manifest.
3526 silly tarball no local data for asn1@https://registry.npmjs.org/asn1/-/asn1-0.2.6.tgz. Extracting by manifest.
3527 silly tarball no local data for buffer-from@https://registry.npmjs.org/buffer-from/-/buffer-from-1.1.2.tgz. Extracting by manifest.
3528 silly tarball no local data for @kwsites/promise-deferred@https://registry.npmjs.org/@kwsites/promise-deferred/-/promise-deferred-1.1.1.tgz. Extracting by manifest.
3529 silly tarball no local data for @kwsites/file-exists@https://registry.npmjs.org/@kwsites/file-exists/-/file-exists-1.1.1.tgz. Extracting by manifest.
3530 silly tarball no local data for shebang-regex@https://registry.npmjs.org/shebang-regex/-/shebang-regex-3.0.0.tgz. Extracting by manifest.
3531 silly tarball no local data for supports-preserve-symlinks-flag@https://registry.npmjs.org/supports-preserve-symlinks-flag/-/supports-preserve-symlinks-flag-1.0.0.tgz. Extracting by manifest.
3532 silly tarball no local data for path-parse@https://registry.npmjs.org/path-parse/-/path-parse-1.0.7.tgz. Extracting by manifest.
3533 silly tarball no local data for is-core-module@https://registry.npmjs.org/is-core-module/-/is-core-module-2.16.1.tgz. Extracting by manifest.
3534 silly tarball no local data for @protobufjs/utf8@https://registry.npmjs.org/@protobufjs/utf8/-/utf8-1.1.0.tgz. Extracting by manifest.
3535 silly tarball no local data for @protobufjs/pool@https://registry.npmjs.org/@protobufjs/pool/-/pool-1.1.0.tgz. Extracting by manifest.
3536 silly tarball no local data for @protobufjs/path@https://registry.npmjs.org/@protobufjs/path/-/path-1.1.2.tgz. Extracting by manifest.
3537 silly tarball no local data for @protobufjs/inquire@https://registry.npmjs.org/@protobufjs/inquire/-/inquire-1.1.0.tgz. Extracting by manifest.
3538 silly tarball no local data for @protobufjs/float@https://registry.npmjs.org/@protobufjs/float/-/float-1.0.2.tgz. Extracting by manifest.
3539 silly tarball no local data for @protobufjs/fetch@https://registry.npmjs.org/@protobufjs/fetch/-/fetch-1.1.0.tgz. Extracting by manifest.
3540 silly tarball no local data for @protobufjs/eventemitter@https://registry.npmjs.org/@protobufjs/eventemitter/-/eventemitter-1.1.0.tgz. Extracting by manifest.
3541 silly tarball no local data for @protobufjs/codegen@https://registry.npmjs.org/@protobufjs/codegen/-/codegen-2.0.4.tgz. Extracting by manifest.
3542 silly tarball no local data for @protobufjs/base64@https://registry.npmjs.org/@protobufjs/base64/-/base64-1.1.2.tgz. Extracting by manifest.
3543 silly tarball no local data for @protobufjs/aspromise@https://registry.npmjs.org/@protobufjs/aspromise/-/aspromise-1.1.2.tgz. Extracting by manifest.
3544 silly tarball no local data for retry@https://registry.npmjs.org/retry/-/retry-0.12.0.tgz. Extracting by manifest.
3545 silly tarball no local data for sisteransi@https://registry.npmjs.org/sisteransi/-/sisteransi-1.0.5.tgz. Extracting by manifest.
3546 silly tarball no local data for kleur@https://registry.npmjs.org/kleur/-/kleur-3.0.3.tgz. Extracting by manifest.
3547 silly tarball no local data for react-is@https://registry.npmjs.org/react-is/-/react-is-18.3.1.tgz. Extracting by manifest.
3548 silly tarball no local data for process@https://registry.npmjs.org/process/-/process-0.11.10.tgz. Extracting by manifest.
3549 silly tarball no local data for is-arrayish@https://registry.npmjs.org/is-arrayish/-/is-arrayish-0.2.1.tgz. Extracting by manifest.
3550 silly tarball no local data for lines-and-columns@https://registry.npmjs.org/lines-and-columns/-/lines-and-columns-1.2.4.tgz. Extracting by manifest.
3551 silly tarball no local data for json-parse-even-better-errors@https://registry.npmjs.org/json-parse-even-better-errors/-/json-parse-even-better-errors-2.3.1.tgz. Extracting by manifest.
3552 silly tarball no local data for error-ex@https://registry.npmjs.org/error-ex/-/error-ex-1.3.4.tgz. Extracting by manifest.
3553 silly tarball no local data for yocto-queue@https://registry.npmjs.org/yocto-queue/-/yocto-queue-0.1.0.tgz. Extracting by manifest.
3554 silly tarball no local data for restore-cursor@https://registry.npmjs.org/restore-cursor/-/restore-cursor-5.1.0.tgz. Extracting by manifest.
3555 silly tarball no local data for stdin-discarder@https://registry.npmjs.org/stdin-discarder/-/stdin-discarder-0.2.2.tgz. Extracting by manifest.
3556 silly tarball no local data for log-symbols@https://registry.npmjs.org/log-symbols/-/log-symbols-6.0.0.tgz. Extracting by manifest.
3557 silly tarball no local data for is-unicode-supported@https://registry.npmjs.org/is-unicode-supported/-/is-unicode-supported-2.1.0.tgz. Extracting by manifest.
3558 silly tarball no local data for is-interactive@https://registry.npmjs.org/is-interactive/-/is-interactive-2.0.0.tgz. Extracting by manifest.
3559 silly tarball no local data for cli-cursor@https://registry.npmjs.org/cli-cursor/-/cli-cursor-5.0.0.tgz. Extracting by manifest.
3560 silly tarball no local data for mimic-fn@https://registry.npmjs.org/mimic-fn/-/mimic-fn-2.1.0.tgz. Extracting by manifest.
3561 silly tarball no local data for call-bound@https://registry.npmjs.org/call-bound/-/call-bound-1.0.4.tgz. Extracting by manifest.
3562 silly tarball no local data for humanize@https://registry.npmjs.org/humanize/-/humanize-0.0.9.tgz. Extracting by manifest.
3563 silly tarball no local data for sterfive-bonjour-service@https://registry.npmjs.org/sterfive-bonjour-service/-/sterfive-bonjour-service-1.1.4.tgz. Extracting by manifest.
3564 silly tarball no local data for @types/async@https://registry.npmjs.org/@types/async/-/async-3.2.25.tgz. Extracting by manifest.
3565 silly tarball no local data for node-opcua-packet-assembler@https://registry.npmjs.org/node-opcua-packet-assembler/-/node-opcua-packet-assembler-2.157.0.tgz. Extracting by manifest.
3566 silly tarball no local data for precond@https://registry.npmjs.org/precond/-/precond-0.2.3.tgz. Extracting by manifest.
3567 silly tarball no local data for node-opcua-chunkmanager@https://registry.npmjs.org/node-opcua-chunkmanager/-/node-opcua-chunkmanager-2.158.0.tgz. Extracting by manifest.
3568 silly tarball no local data for backoff@https://registry.npmjs.org/backoff/-/backoff-2.5.0.tgz. Extracting by manifest.
3569 silly tarball no local data for readdirp@https://registry.npmjs.org/readdirp/-/readdirp-4.1.2.tgz. Extracting by manifest.
3570 silly tarball no local data for yauzl@https://registry.npmjs.org/yauzl/-/yauzl-3.2.0.tgz. Extracting by manifest.
3571 silly tarball no local data for wget-improved-2@https://registry.npmjs.org/wget-improved-2/-/wget-improved-2-3.3.0.tgz. Extracting by manifest.
3572 silly tarball no local data for rimraf@https://registry.npmjs.org/rimraf/-/rimraf-4.4.1.tgz. Extracting by manifest.
3573 silly tarball no local data for progress@https://registry.npmjs.org/progress/-/progress-2.0.3.tgz. Extracting by manifest.
3574 silly tarball no local data for chokidar@https://registry.npmjs.org/chokidar/-/chokidar-4.0.3.tgz. Extracting by manifest.
3575 silly tarball no local data for byline@https://registry.npmjs.org/byline/-/byline-5.0.0.tgz. Extracting by manifest.
3576 silly tarball no local data for object-keys@https://registry.npmjs.org/object-keys/-/object-keys-1.1.1.tgz. Extracting by manifest.
3577 silly tarball no local data for has-property-descriptors@https://registry.npmjs.org/has-property-descriptors/-/has-property-descriptors-1.0.2.tgz. Extracting by manifest.
3578 silly tarball no local data for define-data-property@https://registry.npmjs.org/define-data-property/-/define-data-property-1.1.4.tgz. Extracting by manifest.
3579 silly tarball no local data for define-properties@https://registry.npmjs.org/define-properties/-/define-properties-1.2.1.tgz. Extracting by manifest.
3580 silly tarball no local data for set-function-length@https://registry.npmjs.org/set-function-length/-/set-function-length-1.2.2.tgz. Extracting by manifest.
3581 silly tarball no local data for util@https://registry.npmjs.org/util/-/util-0.12.5.tgz. Extracting by manifest.
3582 silly tarball no local data for object.assign@https://registry.npmjs.org/object.assign/-/object.assign-4.1.7.tgz. Extracting by manifest.
3583 silly tarball no local data for object-is@https://registry.npmjs.org/object-is/-/object-is-1.1.6.tgz. Extracting by manifest.
3584 silly tarball no local data for is-nan@https://registry.npmjs.org/is-nan/-/is-nan-1.3.2.tgz. Extracting by manifest.
3585 silly tarball no local data for call-bind@https://registry.npmjs.org/call-bind/-/call-bind-1.0.8.tgz. Extracting by manifest.
3586 silly tarball no local data for pvutils@https://registry.npmjs.org/pvutils/-/pvutils-1.1.5.tgz. Extracting by manifest.
3587 silly tarball no local data for @types/asn1@https://registry.npmjs.org/@types/asn1/-/asn1-0.2.4.tgz. Extracting by manifest.
3588 silly tarball no local data for @peculiar/asn1-pkcs8@https://registry.npmjs.org/@peculiar/asn1-pkcs8/-/asn1-pkcs8-2.6.0.tgz. Extracting by manifest.
3589 silly tarball no local data for @peculiar/asn1-pfx@https://registry.npmjs.org/@peculiar/asn1-pfx/-/asn1-pfx-2.6.0.tgz. Extracting by manifest.
3590 silly tarball no local data for @peculiar/asn1-x509-attr@https://registry.npmjs.org/@peculiar/asn1-x509-attr/-/asn1-x509-attr-2.6.0.tgz. Extracting by manifest.
3591 silly tarball no local data for tsyringe@https://registry.npmjs.org/tsyringe/-/tsyringe-4.10.0.tgz. Extracting by manifest.
3592 silly tarball no local data for @peculiar/asn1-x509@https://registry.npmjs.org/@peculiar/asn1-x509/-/asn1-x509-2.6.0.tgz. Extracting by manifest.
3593 silly tarball no local data for @peculiar/asn1-rsa@https://registry.npmjs.org/@peculiar/asn1-rsa/-/asn1-rsa-2.6.0.tgz. Extracting by manifest.
3594 silly tarball no local data for @peculiar/asn1-pkcs9@https://registry.npmjs.org/@peculiar/asn1-pkcs9/-/asn1-pkcs9-2.6.0.tgz. Extracting by manifest.
3595 silly tarball no local data for @peculiar/asn1-ecc@https://registry.npmjs.org/@peculiar/asn1-ecc/-/asn1-ecc-2.6.0.tgz. Extracting by manifest.
3596 silly tarball no local data for @peculiar/asn1-csr@https://registry.npmjs.org/@peculiar/asn1-csr/-/asn1-csr-2.6.0.tgz. Extracting by manifest.
3597 silly tarball no local data for @peculiar/asn1-cms@https://registry.npmjs.org/@peculiar/asn1-cms/-/asn1-cms-2.6.0.tgz. Extracting by manifest.
3598 silly tarball no local data for asn1js@https://registry.npmjs.org/asn1js/-/asn1js-3.0.7.tgz. Extracting by manifest.
3599 silly tarball no local data for webcrypto-core@https://registry.npmjs.org/webcrypto-core/-/webcrypto-core-1.8.1.tgz. Extracting by manifest.
3600 silly tarball no local data for tslib@https://registry.npmjs.org/tslib/-/tslib-2.8.1.tgz. Extracting by manifest.
3601 silly tarball no local data for pvtsutils@https://registry.npmjs.org/pvtsutils/-/pvtsutils-1.3.6.tgz. Extracting by manifest.
3602 silly tarball no local data for @peculiar/json-schema@https://registry.npmjs.org/@peculiar/json-schema/-/json-schema-1.1.12.tgz. Extracting by manifest.
3603 silly tarball no local data for @peculiar/asn1-schema@https://registry.npmjs.org/@peculiar/asn1-schema/-/asn1-schema-2.6.0.tgz. Extracting by manifest.
3604 silly tarball no local data for sshpk@https://registry.npmjs.org/sshpk/-/sshpk-1.18.0.tgz. Extracting by manifest.
3605 silly tarball no local data for jsrsasign@https://registry.npmjs.org/jsrsasign/-/jsrsasign-11.1.0.tgz. Extracting by manifest.
3606 silly tarball no local data for hexy@https://registry.npmjs.org/hexy/-/hexy-0.3.5.tgz. Extracting by manifest.
3607 silly tarball no local data for assert@https://registry.npmjs.org/assert/-/assert-2.1.0.tgz. Extracting by manifest.
3608 silly tarball no local data for @types/sshpk@https://registry.npmjs.org/@types/sshpk/-/sshpk-1.17.4.tgz. Extracting by manifest.
3609 silly tarball no local data for @types/jsrsasign@https://registry.npmjs.org/@types/jsrsasign/-/jsrsasign-10.5.15.tgz. Extracting by manifest.
3610 silly tarball no local data for @peculiar/x509@https://registry.npmjs.org/@peculiar/x509/-/x509-1.14.3.tgz. Extracting by manifest.
3611 silly tarball no local data for @peculiar/webcrypto@https://registry.npmjs.org/@peculiar/webcrypto/-/webcrypto-1.5.0.tgz. Extracting by manifest.
3612 silly tarball no local data for thenify@https://registry.npmjs.org/thenify/-/thenify-3.3.1.tgz. Extracting by manifest.
3613 silly tarball no local data for @types/retry@https://registry.npmjs.org/@types/retry/-/retry-0.12.5.tgz. Extracting by manifest.
3614 silly tarball no local data for proper-lockfile@https://registry.npmjs.org/proper-lockfile/-/proper-lockfile-4.1.2.tgz. Extracting by manifest.
3615 silly tarball no local data for @types/proper-lockfile@https://registry.npmjs.org/@types/proper-lockfile/-/proper-lockfile-4.1.4.tgz. Extracting by manifest.
3616 silly tarball no local data for node-opcua-alarm-condition@https://registry.npmjs.org/node-opcua-alarm-condition/-/node-opcua-alarm-condition-2.160.0.tgz. Extracting by manifest.
3617 silly tarball no local data for async@https://registry.npmjs.org/async/-/async-3.2.6.tgz. Extracting by manifest.
3618 silly tarball no local data for @ster5/global-mutex@https://registry.npmjs.org/@ster5/global-mutex/-/global-mutex-2.0.0.tgz. Extracting by manifest.
3619 silly tarball no local data for node-opcua-pki@https://registry.npmjs.org/node-opcua-pki/-/node-opcua-pki-5.7.0.tgz. Extracting by manifest.
3620 silly tarball no local data for mkdirp@https://registry.npmjs.org/mkdirp/-/mkdirp-1.0.4.tgz. Extracting by manifest.
3621 silly tarball no local data for env-paths@https://registry.npmjs.org/env-paths/-/env-paths-2.2.1.tgz. Extracting by manifest.
3622 silly tarball no local data for node-opcua-guid@https://registry.npmjs.org/node-opcua-guid/-/node-opcua-guid-2.157.0.tgz. Extracting by manifest.
3623 silly tarball no local data for node-opcua-buffer-utils@https://registry.npmjs.org/node-opcua-buffer-utils/-/node-opcua-buffer-utils-2.157.0.tgz. Extracting by manifest.
3624 silly tarball no local data for node-opcua-schemas@https://registry.npmjs.org/node-opcua-schemas/-/node-opcua-schemas-2.159.0.tgz. Extracting by manifest.
3625 silly tarball no local data for xml-writer@https://registry.npmjs.org/xml-writer/-/xml-writer-1.7.0.tgz. Extracting by manifest.
3626 silly tarball no local data for thenify-ex@https://registry.npmjs.org/thenify-ex/-/thenify-ex-4.4.0.tgz. Extracting by manifest.
3627 silly tarball no local data for node-opcua-xml2json@https://registry.npmjs.org/node-opcua-xml2json/-/node-opcua-xml2json-2.157.0.tgz. Extracting by manifest.
3628 silly tarball no local data for node-opcua-pseudo-session@https://registry.npmjs.org/node-opcua-pseudo-session/-/node-opcua-pseudo-session-2.160.0.tgz. Extracting by manifest.
3629 silly tarball no local data for node-opcua-object-registry@https://registry.npmjs.org/node-opcua-object-registry/-/node-opcua-object-registry-2.157.0.tgz. Extracting by manifest.
3630 silly tarball no local data for node-opcua-nodeset-ua@https://registry.npmjs.org/node-opcua-nodeset-ua/-/node-opcua-nodeset-ua-2.159.0.tgz. Extracting by manifest.
3631 silly tarball no local data for node-opcua-extension-object@https://registry.npmjs.org/node-opcua-extension-object/-/node-opcua-extension-object-2.158.0.tgz. Extracting by manifest.
3632 silly tarball no local data for node-opcua-date-time@https://registry.npmjs.org/node-opcua-date-time/-/node-opcua-date-time-2.157.0.tgz. Extracting by manifest.
3633 silly tarball no local data for node-opcua-client-dynamic-extension-object@https://registry.npmjs.org/node-opcua-client-dynamic-extension-object/-/node-opcua-client-dynamic-extension-object-2.160.0.tgz. Extracting by manifest.
3634 silly tarball no local data for node-opcua-address-space-base@https://registry.npmjs.org/node-opcua-address-space-base/-/node-opcua-address-space-base-2.159.0.tgz. Extracting by manifest.
3635 silly tarball no local data for dequeue@https://registry.npmjs.org/dequeue/-/dequeue-1.0.5.tgz. Extracting by manifest.
3636 silly tarball no local data for @types/lodash@https://registry.npmjs.org/@types/lodash/-/lodash-4.17.22.tgz. Extracting by manifest.
3637 silly tarball no local data for node-opcua-vendor-diagnostic@https://registry.npmjs.org/node-opcua-vendor-diagnostic/-/node-opcua-vendor-diagnostic-2.160.0.tgz. Extracting by manifest.
3638 silly tarball no local data for node-opcua-variant@https://registry.npmjs.org/node-opcua-variant/-/node-opcua-variant-2.159.0.tgz. Extracting by manifest.
3639 silly tarball no local data for node-opcua-utils@https://registry.npmjs.org/node-opcua-utils/-/node-opcua-utils-2.157.0.tgz. Extracting by manifest.
3640 silly tarball no local data for node-opcua-types@https://registry.npmjs.org/node-opcua-types/-/node-opcua-types-2.159.0.tgz. Extracting by manifest.
3641 silly tarball no local data for node-opcua-transport@https://registry.npmjs.org/node-opcua-transport/-/node-opcua-transport-2.158.0.tgz. Extracting by manifest.
3642 silly tarball no local data for node-opcua-status-code@https://registry.npmjs.org/node-opcua-status-code/-/node-opcua-status-code-2.157.0.tgz. Extracting by manifest.
3643 silly tarball no local data for node-opcua-service-write@https://registry.npmjs.org/node-opcua-service-write/-/node-opcua-service-write-2.159.0.tgz. Extracting by manifest.
3644 silly tarball no local data for node-opcua-service-translate-browse-path@https://registry.npmjs.org/node-opcua-service-translate-browse-path/-/node-opcua-service-translate-browse-path-2.159.0.tgz. Extracting by manifest.
3645 silly tarball no local data for node-opcua-service-subscription@https://registry.npmjs.org/node-opcua-service-subscription/-/node-opcua-service-subscription-2.160.0.tgz. Extracting by manifest.
3646 silly tarball no local data for node-opcua-service-session@https://registry.npmjs.org/node-opcua-service-session/-/node-opcua-service-session-2.159.0.tgz. Extracting by manifest.
3647 silly tarball no local data for node-opcua-service-secure-channel@https://registry.npmjs.org/node-opcua-service-secure-channel/-/node-opcua-service-secure-channel-2.159.0.tgz. Extracting by manifest.
3648 silly tarball no local data for node-opcua-service-read@https://registry.npmjs.org/node-opcua-service-read/-/node-opcua-service-read-2.159.0.tgz. Extracting by manifest.
3649 silly tarball no local data for node-opcua-service-register-node@https://registry.npmjs.org/node-opcua-service-register-node/-/node-opcua-service-register-node-2.159.0.tgz. Extracting by manifest.
3650 silly tarball no local data for node-opcua-service-query@https://registry.npmjs.org/node-opcua-service-query/-/node-opcua-service-query-2.159.0.tgz. Extracting by manifest.
3651 silly tarball no local data for node-opcua-service-node-management@https://registry.npmjs.org/node-opcua-service-node-management/-/node-opcua-service-node-management-2.159.0.tgz. Extracting by manifest.
3652 silly tarball no local data for node-opcua-service-history@https://registry.npmjs.org/node-opcua-service-history/-/node-opcua-service-history-2.159.0.tgz. Extracting by manifest.
3653 silly tarball no local data for node-opcua-service-filter@https://registry.npmjs.org/node-opcua-service-filter/-/node-opcua-service-filter-2.159.0.tgz. Extracting by manifest.
3654 silly tarball no local data for node-opcua-service-endpoints@https://registry.npmjs.org/node-opcua-service-endpoints/-/node-opcua-service-endpoints-2.159.0.tgz. Extracting by manifest.
3655 silly tarball no local data for node-opcua-service-discovery@https://registry.npmjs.org/node-opcua-service-discovery/-/node-opcua-service-discovery-2.159.0.tgz. Extracting by manifest.
3656 silly tarball no local data for node-opcua-service-browse@https://registry.npmjs.org/node-opcua-service-browse/-/node-opcua-service-browse-2.159.0.tgz. Extracting by manifest.
3657 silly tarball no local data for node-opcua-server-discovery@https://registry.npmjs.org/node-opcua-server-discovery/-/node-opcua-server-discovery-2.160.0.tgz. Extracting by manifest.
3658 silly tarball no local data for node-opcua-secure-channel@https://registry.npmjs.org/node-opcua-secure-channel/-/node-opcua-secure-channel-2.160.0.tgz. Extracting by manifest.
3659 silly tarball no local data for node-opcua-service-call@https://registry.npmjs.org/node-opcua-service-call/-/node-opcua-service-call-2.159.0.tgz. Extracting by manifest.
3660 silly tarball no local data for node-opcua-server@https://registry.npmjs.org/node-opcua-server/-/node-opcua-server-2.160.0.tgz. Extracting by manifest.
3661 silly tarball no local data for node-opcua-packet-analyzer@https://registry.npmjs.org/node-opcua-packet-analyzer/-/node-opcua-packet-analyzer-2.158.0.tgz. Extracting by manifest.
3662 silly tarball no local data for node-opcua-numeric-range@https://registry.npmjs.org/node-opcua-numeric-range/-/node-opcua-numeric-range-2.158.0.tgz. Extracting by manifest.
3663 silly tarball no local data for node-opcua-nodesets@https://registry.npmjs.org/node-opcua-nodesets/-/node-opcua-nodesets-2.157.0.tgz. Extracting by manifest.
3664 silly tarball no local data for node-opcua-nodeid@https://registry.npmjs.org/node-opcua-nodeid/-/node-opcua-nodeid-2.157.0.tgz. Extracting by manifest.
3665 silly tarball no local data for node-opcua-hostname@https://registry.npmjs.org/node-opcua-hostname/-/node-opcua-hostname-2.157.0.tgz. Extracting by manifest.
3666 silly tarball no local data for node-opcua-factory@https://registry.npmjs.org/node-opcua-factory/-/node-opcua-factory-2.158.0.tgz. Extracting by manifest.
3667 silly tarball no local data for node-opcua-enum@https://registry.npmjs.org/node-opcua-enum/-/node-opcua-enum-2.157.0.tgz. Extracting by manifest.
3668 silly tarball no local data for node-opcua-data-value@https://registry.npmjs.org/node-opcua-data-value/-/node-opcua-data-value-2.159.0.tgz. Extracting by manifest.
3669 silly tarball no local data for node-opcua-data-model@https://registry.npmjs.org/node-opcua-data-model/-/node-opcua-data-model-2.158.0.tgz. Extracting by manifest.
3670 silly tarball no local data for node-opcua-debug@https://registry.npmjs.org/node-opcua-debug/-/node-opcua-debug-2.157.0.tgz. Extracting by manifest.
3671 silly tarball no local data for node-opcua-data-access@https://registry.npmjs.org/node-opcua-data-access/-/node-opcua-data-access-2.159.0.tgz. Extracting by manifest.
3672 silly tarball no local data for node-opcua-crypto@https://registry.npmjs.org/node-opcua-crypto/-/node-opcua-crypto-4.16.1.tgz. Extracting by manifest.
3673 silly tarball no local data for node-opcua-constants@https://registry.npmjs.org/node-opcua-constants/-/node-opcua-constants-2.157.0.tgz. Extracting by manifest.
3674 silly tarball no local data for node-opcua-common@https://registry.npmjs.org/node-opcua-common/-/node-opcua-common-2.159.0.tgz. Extracting by manifest.
3675 silly tarball no local data for node-opcua-client-proxy@https://registry.npmjs.org/node-opcua-client-proxy/-/node-opcua-client-proxy-2.160.0.tgz. Extracting by manifest.
3676 silly tarball no local data for node-opcua-certificate-manager@https://registry.npmjs.org/node-opcua-certificate-manager/-/node-opcua-certificate-manager-2.160.0.tgz. Extracting by manifest.
3677 silly tarball no local data for node-opcua-binary-stream@https://registry.npmjs.org/node-opcua-binary-stream/-/node-opcua-binary-stream-2.157.0.tgz. Extracting by manifest.
3678 silly tarball no local data for node-opcua-basic-types@https://registry.npmjs.org/node-opcua-basic-types/-/node-opcua-basic-types-2.157.0.tgz. Extracting by manifest.
3679 silly tarball no local data for node-opcua-assert@https://registry.npmjs.org/node-opcua-assert/-/node-opcua-assert-2.157.0.tgz. Extracting by manifest.
3680 silly tarball no local data for node-opcua-aggregates@https://registry.npmjs.org/node-opcua-aggregates/-/node-opcua-aggregates-2.160.0.tgz. Extracting by manifest.
3681 silly tarball no local data for node-opcua-address-space-for-conformance-testing@https://registry.npmjs.org/node-opcua-address-space-for-conformance-testing/-/node-opcua-address-space-for-conformance-testing-2.160.0.tgz. Extracting by manifest.
3682 silly tarball no local data for node-opcua-address-space@https://registry.npmjs.org/node-opcua-address-space/-/node-opcua-address-space-2.160.0.tgz. Extracting by manifest.
3683 silly tarball no local data for @types/semver@https://registry.npmjs.org/@types/semver/-/semver-7.7.1.tgz. Extracting by manifest.
3684 silly tarball no local data for concat-map@https://registry.npmjs.org/concat-map/-/concat-map-0.0.1.tgz. Extracting by manifest.
3685 silly tarball no local data for balanced-match@https://registry.npmjs.org/balanced-match/-/balanced-match-1.0.2.tgz. Extracting by manifest.
3686 silly tarball no local data for brace-expansion@https://registry.npmjs.org/brace-expansion/-/brace-expansion-1.1.12.tgz. Extracting by manifest.
3687 silly tarball no local data for mime-db@https://registry.npmjs.org/mime-db/-/mime-db-1.52.0.tgz. Extracting by manifest.
3688 silly tarball no local data for to-regex-range@https://registry.npmjs.org/to-regex-range/-/to-regex-range-5.0.1.tgz. Extracting by manifest.
3689 silly tarball no local data for fill-range@https://registry.npmjs.org/fill-range/-/fill-range-7.1.1.tgz. Extracting by manifest.
3690 silly tarball no local data for braces@https://registry.npmjs.org/braces/-/braces-3.0.3.tgz. Extracting by manifest.
3691 silly tarball no local data for yallist@https://registry.npmjs.org/yallist/-/yallist-3.1.1.tgz. Extracting by manifest.
3692 silly tarball no local data for p-locate@https://registry.npmjs.org/p-locate/-/p-locate-4.1.0.tgz. Extracting by manifest.
3693 silly tarball no local data for xmlcreate@https://registry.npmjs.org/xmlcreate/-/xmlcreate-2.0.4.tgz. Extracting by manifest.
3694 silly tarball no local data for sprintf-js@https://registry.npmjs.org/sprintf-js/-/sprintf-js-1.0.3.tgz. Extracting by manifest.
3695 silly tarball no local data for esprima@https://registry.npmjs.org/esprima/-/esprima-4.0.1.tgz. Extracting by manifest.
3696 silly tarball no local data for argparse@https://registry.npmjs.org/argparse/-/argparse-1.0.10.tgz. Extracting by manifest.
3697 silly tarball no local data for leven@https://registry.npmjs.org/leven/-/leven-3.1.0.tgz. Extracting by manifest.
3698 silly tarball no local data for natural-compare@https://registry.npmjs.org/natural-compare/-/natural-compare-1.4.0.tgz. Extracting by manifest.
3699 silly tarball no local data for @babel/plugin-syntax-typescript@https://registry.npmjs.org/@babel/plugin-syntax-typescript/-/plugin-syntax-typescript-7.28.6.tgz. Extracting by manifest.
3700 silly tarball no local data for @babel/plugin-syntax-jsx@https://registry.npmjs.org/@babel/plugin-syntax-jsx/-/plugin-syntax-jsx-7.28.6.tgz. Extracting by manifest.
3701 silly tarball no local data for callsites@https://registry.npmjs.org/callsites/-/callsites-3.1.0.tgz. Extracting by manifest.
3702 silly tarball no local data for strip-bom@https://registry.npmjs.org/strip-bom/-/strip-bom-4.0.0.tgz. Extracting by manifest.
3703 silly tarball no local data for cjs-module-lexer@https://registry.npmjs.org/cjs-module-lexer/-/cjs-module-lexer-1.4.3.tgz. Extracting by manifest.
3704 silly tarball no local data for @jest/source-map@https://registry.npmjs.org/@jest/source-map/-/source-map-29.6.3.tgz. Extracting by manifest.
3705 silly tarball no local data for @jest/globals@https://registry.npmjs.org/@jest/globals/-/globals-29.7.0.tgz. Extracting by manifest.
3706 silly tarball no local data for detect-newline@https://registry.npmjs.org/detect-newline/-/detect-newline-3.1.0.tgz. Extracting by manifest.
3707 silly tarball no local data for jest-leak-detector@https://registry.npmjs.org/jest-leak-detector/-/jest-leak-detector-29.7.0.tgz. Extracting by manifest.
3708 silly tarball no local data for jest-docblock@https://registry.npmjs.org/jest-docblock/-/jest-docblock-29.7.0.tgz. Extracting by manifest.
3709 silly tarball no local data for emittery@https://registry.npmjs.org/emittery/-/emittery-0.13.1.tgz. Extracting by manifest.
3710 silly tarball no local data for resolve.exports@https://registry.npmjs.org/resolve.exports/-/resolve.exports-2.0.3.tgz. Extracting by manifest.
3711 silly tarball no local data for resolve@https://registry.npmjs.org/resolve/-/resolve-1.22.11.tgz. Extracting by manifest.
3712 silly tarball no local data for jest-pnp-resolver@https://registry.npmjs.org/jest-pnp-resolver/-/jest-pnp-resolver-1.2.3.tgz. Extracting by manifest.
3713 silly tarball no local data for @types/stack-utils@https://registry.npmjs.org/@types/stack-utils/-/stack-utils-2.0.3.tgz. Extracting by manifest.
3714 silly tarball no local data for diff-sequences@https://registry.npmjs.org/diff-sequences/-/diff-sequences-29.6.3.tgz. Extracting by manifest.
3715 silly tarball no local data for jest-diff@https://registry.npmjs.org/jest-diff/-/jest-diff-29.7.0.tgz. Extracting by manifest.
3716 silly tarball no local data for node-int64@https://registry.npmjs.org/node-int64/-/node-int64-0.4.0.tgz. Extracting by manifest.
3717 silly tarball no local data for bser@https://registry.npmjs.org/bser/-/bser-2.1.1.tgz. Extracting by manifest.
3718 silly tarball no local data for picomatch@https://registry.npmjs.org/picomatch/-/picomatch-2.3.1.tgz. Extracting by manifest.
3719 silly tarball no local data for normalize-path@https://registry.npmjs.org/normalize-path/-/normalize-path-3.0.0.tgz. Extracting by manifest.
3720 silly tarball no local data for walker@https://registry.npmjs.org/walker/-/walker-1.0.8.tgz. Extracting by manifest.
3721 silly tarball no local data for fb-watchman@https://registry.npmjs.org/fb-watchman/-/fb-watchman-2.0.2.tgz. Extracting by manifest.
3722 silly tarball no local data for anymatch@https://registry.npmjs.org/anymatch/-/anymatch-3.1.3.tgz. Extracting by manifest.
3723 silly tarball no local data for @types/graceful-fs@https://registry.npmjs.org/@types/graceful-fs/-/graceful-fs-4.1.9.tgz. Extracting by manifest.
3724 silly tarball no local data for @jest/expect-utils@https://registry.npmjs.org/@jest/expect-utils/-/expect-utils-29.7.0.tgz. Extracting by manifest.
3725 silly tarball no local data for type-detect@https://registry.npmjs.org/type-detect/-/type-detect-4.0.8.tgz. Extracting by manifest.
3726 silly tarball no local data for @sinonjs/commons@https://registry.npmjs.org/@sinonjs/commons/-/commons-3.0.1.tgz. Extracting by manifest.
3727 silly tarball no local data for @sinonjs/fake-timers@https://registry.npmjs.org/@sinonjs/fake-timers/-/fake-timers-10.3.0.tgz. Extracting by manifest.
3728 silly tarball no local data for expect@https://registry.npmjs.org/expect/-/expect-29.7.0.tgz. Extracting by manifest.
3729 silly tarball no local data for jest-mock@https://registry.npmjs.org/jest-mock/-/jest-mock-29.7.0.tgz. Extracting by manifest.
3730 silly tarball no local data for @jest/fake-timers@https://registry.npmjs.org/@jest/fake-timers/-/fake-timers-29.7.0.tgz. Extracting by manifest.
3731 silly tarball no local data for stack-utils@https://registry.npmjs.org/stack-utils/-/stack-utils-2.0.6.tgz. Extracting by manifest.
3732 silly tarball no local data for pure-rand@https://registry.npmjs.org/pure-rand/-/pure-rand-6.1.0.tgz. Extracting by manifest.
3733 silly tarball no local data for jest-matcher-utils@https://registry.npmjs.org/jest-matcher-utils/-/jest-matcher-utils-29.7.0.tgz. Extracting by manifest.
3734 silly tarball no local data for jest-each@https://registry.npmjs.org/jest-each/-/jest-each-29.7.0.tgz. Extracting by manifest.
3735 silly tarball no local data for is-generator-fn@https://registry.npmjs.org/is-generator-fn/-/is-generator-fn-2.1.0.tgz. Extracting by manifest.
3736 silly tarball no local data for dedent@https://registry.npmjs.org/dedent/-/dedent-1.7.1.tgz. Extracting by manifest.
3737 silly tarball no local data for co@https://registry.npmjs.org/co/-/co-4.6.0.tgz. Extracting by manifest.
3738 silly tarball no local data for @jest/expect@https://registry.npmjs.org/@jest/expect/-/expect-29.7.0.tgz. Extracting by manifest.
3739 silly tarball no local data for @jest/environment@https://registry.npmjs.org/@jest/environment/-/environment-29.7.0.tgz. Extracting by manifest.
3740 silly tarball no local data for @babel/plugin-syntax-top-level-await@https://registry.npmjs.org/@babel/plugin-syntax-top-level-await/-/plugin-syntax-top-level-await-7.14.5.tgz. Extracting by manifest.
3741 silly tarball no local data for @babel/plugin-syntax-private-property-in-object@https://registry.npmjs.org/@babel/plugin-syntax-private-property-in-object/-/plugin-syntax-private-property-in-object-7.14.5.tgz. Extracting by manifest.
3742 silly tarball no local data for @babel/plugin-syntax-optional-chaining@https://registry.npmjs.org/@babel/plugin-syntax-optional-chaining/-/plugin-syntax-optional-chaining-7.8.3.tgz. Extracting by manifest.
3743 silly tarball no local data for @babel/plugin-syntax-optional-catch-binding@https://registry.npmjs.org/@babel/plugin-syntax-optional-catch-binding/-/plugin-syntax-optional-catch-binding-7.8.3.tgz. Extracting by manifest.
3744 silly tarball no local data for @babel/plugin-syntax-object-rest-spread@https://registry.npmjs.org/@babel/plugin-syntax-object-rest-spread/-/plugin-syntax-object-rest-spread-7.8.3.tgz. Extracting by manifest.
3745 silly tarball no local data for @babel/plugin-syntax-numeric-separator@https://registry.npmjs.org/@babel/plugin-syntax-numeric-separator/-/plugin-syntax-numeric-separator-7.10.4.tgz. Extracting by manifest.
3746 silly tarball no local data for @babel/plugin-syntax-nullish-coalescing-operator@https://registry.npmjs.org/@babel/plugin-syntax-nullish-coalescing-operator/-/plugin-syntax-nullish-coalescing-operator-7.8.3.tgz. Extracting by manifest.
3747 silly tarball no local data for @babel/plugin-syntax-logical-assignment-operators@https://registry.npmjs.org/@babel/plugin-syntax-logical-assignment-operators/-/plugin-syntax-logical-assignment-operators-7.10.4.tgz. Extracting by manifest.
3748 silly tarball no local data for @babel/plugin-syntax-json-strings@https://registry.npmjs.org/@babel/plugin-syntax-json-strings/-/plugin-syntax-json-strings-7.8.3.tgz. Extracting by manifest.
3749 silly tarball no local data for @babel/plugin-syntax-import-meta@https://registry.npmjs.org/@babel/plugin-syntax-import-meta/-/plugin-syntax-import-meta-7.10.4.tgz. Extracting by manifest.
3750 silly tarball no local data for @babel/plugin-syntax-import-attributes@https://registry.npmjs.org/@babel/plugin-syntax-import-attributes/-/plugin-syntax-import-attributes-7.28.6.tgz. Extracting by manifest.
3751 silly tarball no local data for @babel/plugin-syntax-class-static-block@https://registry.npmjs.org/@babel/plugin-syntax-class-static-block/-/plugin-syntax-class-static-block-7.14.5.tgz. Extracting by manifest.
3752 silly tarball no local data for @babel/plugin-syntax-class-properties@https://registry.npmjs.org/@babel/plugin-syntax-class-properties/-/plugin-syntax-class-properties-7.12.13.tgz. Extracting by manifest.
3753 silly tarball no local data for @babel/plugin-syntax-bigint@https://registry.npmjs.org/@babel/plugin-syntax-bigint/-/plugin-syntax-bigint-7.8.3.tgz. Extracting by manifest.
3754 silly tarball no local data for @babel/plugin-syntax-async-generators@https://registry.npmjs.org/@babel/plugin-syntax-async-generators/-/plugin-syntax-async-generators-7.8.4.tgz. Extracting by manifest.
3755 silly tarball no local data for babel-preset-current-node-syntax@https://registry.npmjs.org/babel-preset-current-node-syntax/-/babel-preset-current-node-syntax-1.2.0.tgz. Extracting by manifest.
3756 silly tarball no local data for babel-plugin-jest-hoist@https://registry.npmjs.org/babel-plugin-jest-hoist/-/babel-plugin-jest-hoist-29.6.3.tgz. Extracting by manifest.
3757 silly tarball no local data for @types/babel__traverse@https://registry.npmjs.org/@types/babel__traverse/-/babel__traverse-7.28.0.tgz. Extracting by manifest.
3758 silly tarball no local data for @types/babel__template@https://registry.npmjs.org/@types/babel__template/-/babel__template-7.4.4.tgz. Extracting by manifest.
3759 silly tarball no local data for @types/babel__generator@https://registry.npmjs.org/@types/babel__generator/-/babel__generator-7.27.0.tgz. Extracting by manifest.
3760 silly tarball no local data for babel-preset-jest@https://registry.npmjs.org/babel-preset-jest/-/babel-preset-jest-29.6.3.tgz. Extracting by manifest.
3761 silly tarball no local data for @types/babel__core@https://registry.npmjs.org/@types/babel__core/-/babel__core-7.20.5.tgz. Extracting by manifest.
3762 silly tarball no local data for strip-json-comments@https://registry.npmjs.org/strip-json-comments/-/strip-json-comments-3.1.1.tgz. Extracting by manifest.
3763 silly tarball no local data for parse-json@https://registry.npmjs.org/parse-json/-/parse-json-5.2.0.tgz. Extracting by manifest.
3764 silly tarball no local data for jest-get-type@https://registry.npmjs.org/jest-get-type/-/jest-get-type-29.6.3.tgz. Extracting by manifest.
3765 silly tarball no local data for jest-environment-node@https://registry.npmjs.org/jest-environment-node/-/jest-environment-node-29.7.0.tgz. Extracting by manifest.
3766 silly tarball no local data for jest-circus@https://registry.npmjs.org/jest-circus/-/jest-circus-29.7.0.tgz. Extracting by manifest.
3767 silly tarball no local data for deepmerge@https://registry.npmjs.org/deepmerge/-/deepmerge-4.3.1.tgz. Extracting by manifest.
3768 silly tarball no local data for @jest/test-sequencer@https://registry.npmjs.org/@jest/test-sequencer/-/test-sequencer-29.7.0.tgz. Extracting by manifest.
3769 silly tarball no local data for prompts@https://registry.npmjs.org/prompts/-/prompts-2.4.2.tgz. Extracting by manifest.
3770 silly tarball no local data for create-jest@https://registry.npmjs.org/create-jest/-/create-jest-29.7.0.tgz. Extracting by manifest.
3771 silly tarball no local data for which@https://registry.npmjs.org/which/-/which-2.0.2.tgz. Extracting by manifest.
3772 silly tarball no local data for babel-jest@https://registry.npmjs.org/babel-jest/-/babel-jest-29.7.0.tgz. Extracting by manifest.
3773 silly tarball no local data for shebang-command@https://registry.npmjs.org/shebang-command/-/shebang-command-2.0.0.tgz. Extracting by manifest.
3774 silly tarball no local data for path-key@https://registry.npmjs.org/path-key/-/path-key-3.1.1.tgz. Extracting by manifest.
3775 silly tarball no local data for strip-final-newline@https://registry.npmjs.org/strip-final-newline/-/strip-final-newline-2.0.0.tgz. Extracting by manifest.
3776 silly tarball no local data for signal-exit@https://registry.npmjs.org/signal-exit/-/signal-exit-3.0.7.tgz. Extracting by manifest.
3777 silly tarball no local data for onetime@https://registry.npmjs.org/onetime/-/onetime-5.1.2.tgz. Extracting by manifest.
3778 silly tarball no local data for npm-run-path@https://registry.npmjs.org/npm-run-path/-/npm-run-path-4.0.1.tgz. Extracting by manifest.
3779 silly tarball no local data for merge-stream@https://registry.npmjs.org/merge-stream/-/merge-stream-2.0.0.tgz. Extracting by manifest.
3780 silly tarball no local data for is-stream@https://registry.npmjs.org/is-stream/-/is-stream-2.0.1.tgz. Extracting by manifest.
3781 silly tarball no local data for human-signals@https://registry.npmjs.org/human-signals/-/human-signals-2.1.0.tgz. Extracting by manifest.
3782 silly tarball no local data for get-stream@https://registry.npmjs.org/get-stream/-/get-stream-6.0.1.tgz. Extracting by manifest.
3783 silly tarball no local data for cross-spawn@https://registry.npmjs.org/cross-spawn/-/cross-spawn-7.0.6.tgz. Extracting by manifest.
3784 silly tarball no local data for p-limit@https://registry.npmjs.org/p-limit/-/p-limit-3.1.0.tgz. Extracting by manifest.
3785 silly tarball no local data for execa@https://registry.npmjs.org/execa/-/execa-5.1.1.tgz. Extracting by manifest.
3786 silly tarball no local data for html-escaper@https://registry.npmjs.org/html-escaper/-/html-escaper-2.0.2.tgz. Extracting by manifest.
3787 silly tarball no local data for source-map@https://registry.npmjs.org/source-map/-/source-map-0.6.1.tgz. Extracting by manifest.
3788 silly tarball no local data for make-dir@https://registry.npmjs.org/make-dir/-/make-dir-4.0.0.tgz. Extracting by manifest.
3789 silly tarball no local data for wrappy@https://registry.npmjs.org/wrappy/-/wrappy-1.0.2.tgz. Extracting by manifest.
3790 silly tarball no local data for resolve-cwd@https://registry.npmjs.org/resolve-cwd/-/resolve-cwd-3.0.0.tgz. Extracting by manifest.
3791 silly tarball no local data for path-is-absolute@https://registry.npmjs.org/path-is-absolute/-/path-is-absolute-1.0.1.tgz. Extracting by manifest.
3792 silly tarball no local data for once@https://registry.npmjs.org/once/-/once-1.4.0.tgz. Extracting by manifest.
3793 silly tarball no local data for inherits@https://registry.npmjs.org/inherits/-/inherits-2.0.4.tgz. Extracting by manifest.
3794 silly tarball no local data for inflight@https://registry.npmjs.org/inflight/-/inflight-1.0.6.tgz. Extracting by manifest.
3795 silly tarball no local data for fs.realpath@https://registry.npmjs.org/fs.realpath/-/fs.realpath-1.0.0.tgz. Extracting by manifest.
3796 silly tarball no local data for path-exists@https://registry.npmjs.org/path-exists/-/path-exists-4.0.0.tgz. Extracting by manifest.
3797 silly tarball no local data for minimatch@https://registry.npmjs.org/minimatch/-/minimatch-3.1.2.tgz. Extracting by manifest.
3798 silly tarball no local data for pkg-dir@https://registry.npmjs.org/pkg-dir/-/pkg-dir-4.2.0.tgz. Extracting by manifest.
3799 silly tarball no local data for locate-path@https://registry.npmjs.org/locate-path/-/locate-path-5.0.0.tgz. Extracting by manifest.
3800 silly tarball no local data for ms@https://registry.npmjs.org/ms/-/ms-2.1.3.tgz. Extracting by manifest.
3801 silly tarball no local data for update-browserslist-db@https://registry.npmjs.org/update-browserslist-db/-/update-browserslist-db-1.2.3.tgz. Extracting by manifest.
3802 silly tarball no local data for node-releases@https://registry.npmjs.org/node-releases/-/node-releases-2.0.27.tgz. Extracting by manifest.
3803 silly tarball no local data for electron-to-chromium@https://registry.npmjs.org/electron-to-chromium/-/electron-to-chromium-1.5.267.tgz. Extracting by manifest.
3804 silly tarball no local data for caniuse-lite@https://registry.npmjs.org/caniuse-lite/-/caniuse-lite-1.0.30001764.tgz. Extracting by manifest.
3805 silly tarball no local data for baseline-browser-mapping@https://registry.npmjs.org/baseline-browser-mapping/-/baseline-browser-mapping-2.9.14.tgz. Extracting by manifest.
3806 silly tarball no local data for resolve-from@https://registry.npmjs.org/resolve-from/-/resolve-from-5.0.0.tgz. Extracting by manifest.
3807 silly tarball no local data for js-yaml@https://registry.npmjs.org/js-yaml/-/js-yaml-3.14.2.tgz. Extracting by manifest.
3808 silly tarball no local data for get-package-type@https://registry.npmjs.org/get-package-type/-/get-package-type-0.1.0.tgz. Extracting by manifest.
3809 silly tarball no local data for find-up@https://registry.npmjs.org/find-up/-/find-up-4.1.0.tgz. Extracting by manifest.
3810 silly tarball no local data for camelcase@https://registry.npmjs.org/camelcase/-/camelcase-5.3.1.tgz. Extracting by manifest.
3811 silly tarball no local data for test-exclude@https://registry.npmjs.org/test-exclude/-/test-exclude-6.0.0.tgz. Extracting by manifest.
3812 silly tarball no local data for @istanbuljs/schema@https://registry.npmjs.org/@istanbuljs/schema/-/schema-0.1.3.tgz. Extracting by manifest.
3813 silly tarball no local data for @istanbuljs/load-nyc-config@https://registry.npmjs.org/@istanbuljs/load-nyc-config/-/load-nyc-config-1.1.0.tgz. Extracting by manifest.
3814 silly tarball no local data for @babel/helper-plugin-utils@https://registry.npmjs.org/@babel/helper-plugin-utils/-/helper-plugin-utils-7.28.6.tgz. Extracting by manifest.
3815 silly tarball no local data for @types/yargs-parser@https://registry.npmjs.org/@types/yargs-parser/-/yargs-parser-21.0.3.tgz. Extracting by manifest.
3816 silly tarball no local data for undici-types@https://registry.npmjs.org/undici-types/-/undici-types-7.16.0.tgz. Extracting by manifest.
3817 silly tarball no local data for @types/istanbul-lib-report@https://registry.npmjs.org/@types/istanbul-lib-report/-/istanbul-lib-report-3.0.3.tgz. Extracting by manifest.
3818 silly tarball no local data for @jridgewell/resolve-uri@https://registry.npmjs.org/@jridgewell/resolve-uri/-/resolve-uri-3.1.2.tgz. Extracting by manifest.
3819 silly tarball no local data for @jridgewell/sourcemap-codec@https://registry.npmjs.org/@jridgewell/sourcemap-codec/-/sourcemap-codec-1.5.5.tgz. Extracting by manifest.
3820 silly tarball no local data for @sinclair/typebox@https://registry.npmjs.org/@sinclair/typebox/-/typebox-0.27.8.tgz. Extracting by manifest.
3821 silly tarball no local data for @types/yargs@https://registry.npmjs.org/@types/yargs/-/yargs-17.0.35.tgz. Extracting by manifest.
3822 silly tarball no local data for @types/istanbul-reports@https://registry.npmjs.org/@types/istanbul-reports/-/istanbul-reports-3.0.4.tgz. Extracting by manifest.
3823 silly tarball no local data for @jest/schemas@https://registry.npmjs.org/@jest/schemas/-/schemas-29.6.3.tgz. Extracting by manifest.
3824 silly tarball no local data for @babel/helper-string-parser@https://registry.npmjs.org/@babel/helper-string-parser/-/helper-string-parser-7.27.1.tgz. Extracting by manifest.
3825 silly tarball no local data for @babel/helper-globals@https://registry.npmjs.org/@babel/helper-globals/-/helper-globals-7.28.0.tgz. Extracting by manifest.
3826 silly tarball no local data for @babel/helper-module-imports@https://registry.npmjs.org/@babel/helper-module-imports/-/helper-module-imports-7.28.6.tgz. Extracting by manifest.
3827 silly tarball no local data for lru-cache@https://registry.npmjs.org/lru-cache/-/lru-cache-5.1.1.tgz. Extracting by manifest.
3828 silly tarball no local data for browserslist@https://registry.npmjs.org/browserslist/-/browserslist-4.28.1.tgz. Extracting by manifest.
3829 silly tarball no local data for @babel/helper-validator-option@https://registry.npmjs.org/@babel/helper-validator-option/-/helper-validator-option-7.27.1.tgz. Extracting by manifest.
3830 silly tarball no local data for @babel/compat-data@https://registry.npmjs.org/@babel/compat-data/-/compat-data-7.28.6.tgz. Extracting by manifest.
3831 silly tarball no local data for jsesc@https://registry.npmjs.org/jsesc/-/jsesc-3.1.0.tgz. Extracting by manifest.
3832 silly tarball no local data for @jridgewell/gen-mapping@https://registry.npmjs.org/@jridgewell/gen-mapping/-/gen-mapping-0.3.13.tgz. Extracting by manifest.
3833 silly tarball no local data for picocolors@https://registry.npmjs.org/picocolors/-/picocolors-1.1.1.tgz. Extracting by manifest.
3834 silly tarball no local data for js-tokens@https://registry.npmjs.org/js-tokens/-/js-tokens-4.0.0.tgz. Extracting by manifest.
3835 silly tarball no local data for @babel/helper-validator-identifier@https://registry.npmjs.org/@babel/helper-validator-identifier/-/helper-validator-identifier-7.28.5.tgz. Extracting by manifest.
3836 silly tarball no local data for semver@https://registry.npmjs.org/semver/-/semver-6.3.1.tgz. Extracting by manifest.
3837 silly tarball no local data for json5@https://registry.npmjs.org/json5/-/json5-2.2.3.tgz. Extracting by manifest.
3838 silly tarball no local data for gensync@https://registry.npmjs.org/gensync/-/gensync-1.0.0-beta.2.tgz. Extracting by manifest.
3839 silly tarball no local data for debug@https://registry.npmjs.org/debug/-/debug-4.4.3.tgz. Extracting by manifest.
3840 silly tarball no local data for @jridgewell/remapping@https://registry.npmjs.org/@jridgewell/remapping/-/remapping-2.3.5.tgz. Extracting by manifest.
3841 silly tarball no local data for @babel/types@https://registry.npmjs.org/@babel/types/-/types-7.28.6.tgz. Extracting by manifest.
3842 silly tarball no local data for @babel/traverse@https://registry.npmjs.org/@babel/traverse/-/traverse-7.28.6.tgz. Extracting by manifest.
3843 silly tarball no local data for @babel/template@https://registry.npmjs.org/@babel/template/-/template-7.28.6.tgz. Extracting by manifest.
3844 silly tarball no local data for @babel/parser@https://registry.npmjs.org/@babel/parser/-/parser-7.28.6.tgz. Extracting by manifest.
3845 silly tarball no local data for @babel/helpers@https://registry.npmjs.org/@babel/helpers/-/helpers-7.28.6.tgz. Extracting by manifest.
3846 silly tarball no local data for @babel/helper-module-transforms@https://registry.npmjs.org/@babel/helper-module-transforms/-/helper-module-transforms-7.28.6.tgz. Extracting by manifest.
3847 silly tarball no local data for @babel/helper-compilation-targets@https://registry.npmjs.org/@babel/helper-compilation-targets/-/helper-compilation-targets-7.28.6.tgz. Extracting by manifest.
3848 silly tarball no local data for @babel/generator@https://registry.npmjs.org/@babel/generator/-/generator-7.28.6.tgz. Extracting by manifest.
3849 silly tarball no local data for @babel/code-frame@https://registry.npmjs.org/@babel/code-frame/-/code-frame-7.28.6.tgz. Extracting by manifest.
3850 silly tarball no local data for write-file-atomic@https://registry.npmjs.org/write-file-atomic/-/write-file-atomic-4.0.2.tgz. Extracting by manifest.
3851 silly tarball no local data for pirates@https://registry.npmjs.org/pirates/-/pirates-4.0.7.tgz. Extracting by manifest.
3852 silly tarball no local data for fast-json-stable-stringify@https://registry.npmjs.org/fast-json-stable-stringify/-/fast-json-stable-stringify-2.1.0.tgz. Extracting by manifest.
3853 silly tarball no local data for convert-source-map@https://registry.npmjs.org/convert-source-map/-/convert-source-map-2.0.0.tgz. Extracting by manifest.
3854 silly tarball no local data for babel-plugin-istanbul@https://registry.npmjs.org/babel-plugin-istanbul/-/babel-plugin-istanbul-6.1.1.tgz. Extracting by manifest.
3855 silly tarball no local data for @babel/core@https://registry.npmjs.org/@babel/core/-/core-7.28.6.tgz. Extracting by manifest.
3856 silly tarball no local data for @types/istanbul-lib-coverage@https://registry.npmjs.org/@types/istanbul-lib-coverage/-/istanbul-lib-coverage-2.0.6.tgz. Extracting by manifest.
3857 silly tarball no local data for v8-to-istanbul@https://registry.npmjs.org/v8-to-istanbul/-/v8-to-istanbul-9.3.0.tgz. Extracting by manifest.
3858 silly tarball no local data for string-length@https://registry.npmjs.org/string-length/-/string-length-4.0.2.tgz. Extracting by manifest.
3859 silly tarball no local data for jest-worker@https://registry.npmjs.org/jest-worker/-/jest-worker-29.7.0.tgz. Extracting by manifest.
3860 silly tarball no local data for istanbul-reports@https://registry.npmjs.org/istanbul-reports/-/istanbul-reports-3.2.0.tgz. Extracting by manifest.
3861 silly tarball no local data for istanbul-lib-source-maps@https://registry.npmjs.org/istanbul-lib-source-maps/-/istanbul-lib-source-maps-4.0.1.tgz. Extracting by manifest.
3862 silly tarball no local data for istanbul-lib-coverage@https://registry.npmjs.org/istanbul-lib-coverage/-/istanbul-lib-coverage-3.2.2.tgz. Extracting by manifest.
3863 silly tarball no local data for glob@https://registry.npmjs.org/glob/-/glob-7.2.3.tgz. Extracting by manifest.
3864 silly tarball no local data for collect-v8-coverage@https://registry.npmjs.org/collect-v8-coverage/-/collect-v8-coverage-1.0.3.tgz. Extracting by manifest.
3865 silly tarball no local data for @jridgewell/trace-mapping@https://registry.npmjs.org/@jridgewell/trace-mapping/-/trace-mapping-0.3.31.tgz. Extracting by manifest.
3866 silly tarball no local data for @bcoe/v8-coverage@https://registry.npmjs.org/@bcoe/v8-coverage/-/v8-coverage-0.2.3.tgz. Extracting by manifest.
3867 silly tarball no local data for slash@https://registry.npmjs.org/slash/-/slash-3.0.0.tgz. Extracting by manifest.
3868 silly tarball no local data for micromatch@https://registry.npmjs.org/micromatch/-/micromatch-4.0.8.tgz. Extracting by manifest.
3869 silly tarball no local data for jest-watcher@https://registry.npmjs.org/jest-watcher/-/jest-watcher-29.7.0.tgz. Extracting by manifest.
3870 silly tarball no local data for istanbul-lib-instrument@https://registry.npmjs.org/istanbul-lib-instrument/-/istanbul-lib-instrument-6.0.3.tgz. Extracting by manifest.
3871 silly tarball no local data for istanbul-lib-report@https://registry.npmjs.org/istanbul-lib-report/-/istanbul-lib-report-3.0.1.tgz. Extracting by manifest.
3872 silly tarball no local data for pretty-format@https://registry.npmjs.org/pretty-format/-/pretty-format-29.7.0.tgz. Extracting by manifest.
3873 silly tarball no local data for jest-validate@https://registry.npmjs.org/jest-validate/-/jest-validate-29.7.0.tgz. Extracting by manifest.
3874 silly tarball no local data for jest-util@https://registry.npmjs.org/jest-util/-/jest-util-29.7.0.tgz. Extracting by manifest.
3875 silly tarball no local data for jest-snapshot@https://registry.npmjs.org/jest-snapshot/-/jest-snapshot-29.7.0.tgz. Extracting by manifest.
3876 silly tarball no local data for jest-runtime@https://registry.npmjs.org/jest-runtime/-/jest-runtime-29.7.0.tgz. Extracting by manifest.
3877 silly tarball no local data for jest-resolve-dependencies@https://registry.npmjs.org/jest-resolve-dependencies/-/jest-resolve-dependencies-29.7.0.tgz. Extracting by manifest.
3878 silly tarball no local data for jest-resolve@https://registry.npmjs.org/jest-resolve/-/jest-resolve-29.7.0.tgz. Extracting by manifest.
3879 silly tarball no local data for jest-message-util@https://registry.npmjs.org/jest-message-util/-/jest-message-util-29.7.0.tgz. Extracting by manifest.
3880 silly tarball no local data for jest-haste-map@https://registry.npmjs.org/jest-haste-map/-/jest-haste-map-29.7.0.tgz. Extracting by manifest.
3881 silly tarball no local data for jest-regex-util@https://registry.npmjs.org/jest-regex-util/-/jest-regex-util-29.6.3.tgz. Extracting by manifest.
3882 silly tarball no local data for jest-changed-files@https://registry.npmjs.org/jest-changed-files/-/jest-changed-files-29.7.0.tgz. Extracting by manifest.
3883 silly tarball no local data for graceful-fs@https://registry.npmjs.org/graceful-fs/-/graceful-fs-4.2.11.tgz. Extracting by manifest.
3884 silly tarball no local data for jest-config@https://registry.npmjs.org/jest-config/-/jest-config-29.7.0.tgz. Extracting by manifest.
3885 silly tarball no local data for ci-info@https://registry.npmjs.org/ci-info/-/ci-info-3.9.0.tgz. Extracting by manifest.
3886 silly tarball no local data for @jest/transform@https://registry.npmjs.org/@jest/transform/-/transform-29.7.0.tgz. Extracting by manifest.
3887 silly tarball no local data for @jest/test-result@https://registry.npmjs.org/@jest/test-result/-/test-result-29.7.0.tgz. Extracting by manifest.
3888 silly tarball no local data for @jest/reporters@https://registry.npmjs.org/@jest/reporters/-/reporters-29.7.0.tgz. Extracting by manifest.
3889 silly tarball no local data for exit@https://registry.npmjs.org/exit/-/exit-0.1.2.tgz. Extracting by manifest.
3890 silly tarball no local data for jest-cli@https://registry.npmjs.org/jest-cli/-/jest-cli-29.7.0.tgz. Extracting by manifest.
3891 silly tarball no local data for import-local@https://registry.npmjs.org/import-local/-/import-local-3.2.0.tgz. Extracting by manifest.
3892 silly tarball no local data for @jest/types@https://registry.npmjs.org/@jest/types/-/types-29.6.3.tgz. Extracting by manifest.
3893 silly tarball no local data for @jest/core@https://registry.npmjs.org/@jest/core/-/core-29.7.0.tgz. Extracting by manifest.
3894 silly tarball no local data for @inversifyjs/reflect-metadata-utils@https://registry.npmjs.org/@inversifyjs/reflect-metadata-utils/-/reflect-metadata-utils-0.2.4.tgz. Extracting by manifest.
3895 silly tarball no local data for reflect-metadata@https://registry.npmjs.org/reflect-metadata/-/reflect-metadata-0.2.2.tgz. Extracting by manifest.
3896 silly tarball no local data for @inversifyjs/core@https://registry.npmjs.org/@inversifyjs/core/-/core-1.3.5.tgz. Extracting by manifest.
3897 silly tarball no local data for @inversifyjs/common@https://registry.npmjs.org/@inversifyjs/common/-/common-1.4.0.tgz. Extracting by manifest.
3898 silly tarball no local data for safer-buffer@https://registry.npmjs.org/safer-buffer/-/safer-buffer-2.1.2.tgz. Extracting by manifest.
3899 silly tarball no local data for type-fest@https://registry.npmjs.org/type-fest/-/type-fest-0.21.3.tgz. Extracting by manifest.
3900 silly tarball no local data for iconv-lite@https://registry.npmjs.org/iconv-lite/-/iconv-lite-0.7.2.tgz. Extracting by manifest.
3901 silly tarball no local data for chardet@https://registry.npmjs.org/chardet/-/chardet-2.1.1.tgz. Extracting by manifest.
3902 silly tarball no local data for wrap-ansi@https://registry.npmjs.org/wrap-ansi/-/wrap-ansi-6.2.0.tgz. Extracting by manifest.
3903 silly tarball no local data for strip-ansi@https://registry.npmjs.org/strip-ansi/-/strip-ansi-6.0.1.tgz. Extracting by manifest.
3904 silly tarball no local data for string-width@https://registry.npmjs.org/string-width/-/string-width-4.2.3.tgz. Extracting by manifest.
3905 silly tarball no local data for run-async@https://registry.npmjs.org/run-async/-/run-async-3.0.0.tgz. Extracting by manifest.
3906 silly tarball no local data for jest-runner@https://registry.npmjs.org/jest-runner/-/jest-runner-29.7.0.tgz. Extracting by manifest.
3907 silly tarball no local data for cli-width@https://registry.npmjs.org/cli-width/-/cli-width-4.1.0.tgz. Extracting by manifest.
3908 silly tarball no local data for ansi-escapes@https://registry.npmjs.org/ansi-escapes/-/ansi-escapes-4.3.2.tgz. Extracting by manifest.
3909 silly tarball no local data for @inquirer/figures@https://registry.npmjs.org/@inquirer/figures/-/figures-1.0.15.tgz. Extracting by manifest.
3910 silly tarball no local data for @inquirer/external-editor@https://registry.npmjs.org/@inquirer/external-editor/-/external-editor-1.0.3.tgz. Extracting by manifest.
3911 silly tarball no local data for dunder-proto@https://registry.npmjs.org/dunder-proto/-/dunder-proto-1.0.1.tgz. Extracting by manifest.
3912 silly tarball no local data for math-intrinsics@https://registry.npmjs.org/math-intrinsics/-/math-intrinsics-1.1.0.tgz. Extracting by manifest.
3913 silly tarball no local data for has-symbols@https://registry.npmjs.org/has-symbols/-/has-symbols-1.1.0.tgz. Extracting by manifest.
3914 silly tarball no local data for gopd@https://registry.npmjs.org/gopd/-/gopd-1.2.0.tgz. Extracting by manifest.
3915 silly tarball no local data for get-proto@https://registry.npmjs.org/get-proto/-/get-proto-1.0.1.tgz. Extracting by manifest.
3916 silly tarball no local data for function-bind@https://registry.npmjs.org/function-bind/-/function-bind-1.1.2.tgz. Extracting by manifest.
3917 silly tarball no local data for es-object-atoms@https://registry.npmjs.org/es-object-atoms/-/es-object-atoms-1.1.1.tgz. Extracting by manifest.
3918 silly tarball no local data for @types/node@https://registry.npmjs.org/@types/node/-/node-25.0.8.tgz. Extracting by manifest.
3919 silly tarball no local data for call-bind-apply-helpers@https://registry.npmjs.org/call-bind-apply-helpers/-/call-bind-apply-helpers-1.0.2.tgz. Extracting by manifest.
3920 silly tarball no local data for has-tostringtag@https://registry.npmjs.org/has-tostringtag/-/has-tostringtag-1.0.2.tgz. Extracting by manifest.
3921 silly tarball no local data for get-intrinsic@https://registry.npmjs.org/get-intrinsic/-/get-intrinsic-1.3.0.tgz. Extracting by manifest.
3922 silly tarball no local data for es-errors@https://registry.npmjs.org/es-errors/-/es-errors-1.3.0.tgz. Extracting by manifest.
3923 silly tarball no local data for delayed-stream@https://registry.npmjs.org/delayed-stream/-/delayed-stream-1.0.0.tgz. Extracting by manifest.
3924 silly tarball no local data for mime-types@https://registry.npmjs.org/mime-types/-/mime-types-2.1.35.tgz. Extracting by manifest.
3925 silly tarball no local data for hasown@https://registry.npmjs.org/hasown/-/hasown-2.0.2.tgz. Extracting by manifest.
3926 silly tarball no local data for es-set-tostringtag@https://registry.npmjs.org/es-set-tostringtag/-/es-set-tostringtag-2.1.0.tgz. Extracting by manifest.
3927 silly tarball no local data for combined-stream@https://registry.npmjs.org/combined-stream/-/combined-stream-1.0.8.tgz. Extracting by manifest.
3928 silly tarball no local data for asynckit@https://registry.npmjs.org/asynckit/-/asynckit-0.4.0.tgz. Extracting by manifest.
3929 silly tarball no local data for esbuild-linux-64@https://registry.npmjs.org/esbuild-linux-64/-/esbuild-linux-64-0.15.18.tgz. Extracting by manifest.
3930 silly tarball no local data for @jest/console@https://registry.npmjs.org/@jest/console/-/console-29.7.0.tgz. Extracting by manifest.
3931 silly tarball no local data for es-define-property@https://registry.npmjs.org/es-define-property/-/es-define-property-1.0.1.tgz. Extracting by manifest.
3932 silly tarball no local data for mute-stream@https://registry.npmjs.org/mute-stream/-/mute-stream-1.0.0.tgz. Extracting by manifest.
3933 silly tarball no local data for color-name@https://registry.npmjs.org/color-name/-/color-name-1.1.4.tgz. Extracting by manifest.
3934 silly tarball no local data for color-convert@https://registry.npmjs.org/color-convert/-/color-convert-2.0.1.tgz. Extracting by manifest.
3935 silly tarball no local data for supports-color@https://registry.npmjs.org/supports-color/-/supports-color-7.2.0.tgz. Extracting by manifest.
3936 silly tarball no local data for ansi-styles@https://registry.npmjs.org/ansi-styles/-/ansi-styles-4.3.0.tgz. Extracting by manifest.
3937 silly tarball no local data for is-buffer@https://registry.npmjs.org/is-buffer/-/is-buffer-2.0.5.tgz. Extracting by manifest.
3938 silly tarball no local data for fast-deep-equal@https://registry.npmjs.org/fast-deep-equal/-/fast-deep-equal-3.1.3.tgz. Extracting by manifest.
3939 silly tarball no local data for proxy-from-env@https://registry.npmjs.org/proxy-from-env/-/proxy-from-env-1.1.0.tgz. Extracting by manifest.
3940 silly tarball no local data for form-data@https://registry.npmjs.org/form-data/-/form-data-4.0.5.tgz. Extracting by manifest.
3941 silly tarball no local data for follow-redirects@https://registry.npmjs.org/follow-redirects/-/follow-redirects-1.15.11.tgz. Extracting by manifest.
3942 silly tarball no local data for @protobuf-ts/protoc@https://registry.npmjs.org/@protobuf-ts/protoc/-/protoc-2.11.1.tgz. Extracting by manifest.
3943 silly tarball no local data for @protobuf-ts/plugin-framework@https://registry.npmjs.org/@protobuf-ts/plugin-framework/-/plugin-framework-2.11.0.tgz. Extracting by manifest.
3944 silly tarball no local data for @protobuf-ts/runtime-rpc@https://registry.npmjs.org/@protobuf-ts/runtime-rpc/-/runtime-rpc-2.11.1.tgz. Extracting by manifest.
3945 silly tarball no local data for @protobuf-ts/runtime@https://registry.npmjs.org/@protobuf-ts/runtime/-/runtime-2.11.1.tgz. Extracting by manifest.
3946 silly tarball no local data for protobufjs@https://registry.npmjs.org/protobufjs/-/protobufjs-7.5.4.tgz. Extracting by manifest.
3947 silly tarball no local data for long@https://registry.npmjs.org/long/-/long-5.3.2.tgz. Extracting by manifest.
3948 silly tarball no local data for lodash.camelcase@https://registry.npmjs.org/lodash.camelcase/-/lodash.camelcase-4.3.0.tgz. Extracting by manifest.
3949 silly tarball no local data for @js-sdsl/ordered-map@https://registry.npmjs.org/@js-sdsl/ordered-map/-/ordered-map-4.4.2.tgz. Extracting by manifest.
3950 silly tarball no local data for @grpc/proto-loader@https://registry.npmjs.org/@grpc/proto-loader/-/proto-loader-0.8.0.tgz. Extracting by manifest.
3951 silly tarball no local data for yargs@https://registry.npmjs.org/yargs/-/yargs-17.7.2.tgz. Extracting by manifest.
3952 silly tarball no local data for winston@https://registry.npmjs.org/winston/-/winston-3.19.0.tgz. Extracting by manifest.
3953 silly tarball no local data for vitest@https://registry.npmjs.org/vitest/-/vitest-2.1.9.tgz. Extracting by manifest.
3954 silly tarball no local data for ts-pattern@https://registry.npmjs.org/ts-pattern/-/ts-pattern-4.3.0.tgz. Extracting by manifest.
3955 silly tarball no local data for tiny-invariant@https://registry.npmjs.org/tiny-invariant/-/tiny-invariant-1.3.3.tgz. Extracting by manifest.
3956 silly tarball no local data for testcontainers@https://registry.npmjs.org/testcontainers/-/testcontainers-9.12.0.tgz. Extracting by manifest.
3957 silly tarball no local data for source-map-support@https://registry.npmjs.org/source-map-support/-/source-map-support-0.5.21.tgz. Extracting by manifest.
3958 silly tarball no local data for simple-git@https://registry.npmjs.org/simple-git/-/simple-git-3.30.0.tgz. Extracting by manifest.
3959 silly tarball no local data for rxjs@https://registry.npmjs.org/rxjs/-/rxjs-7.8.2.tgz. Extracting by manifest.
3960 silly tarball no local data for path@https://registry.npmjs.org/path/-/path-0.12.7.tgz. Extracting by manifest.
3961 silly tarball no local data for ora@https://registry.npmjs.org/ora/-/ora-8.2.0.tgz. Extracting by manifest.
3962 silly tarball no local data for node-domexception@https://registry.npmjs.org/node-domexception/-/node-domexception-1.0.0.tgz. Extracting by manifest.
3963 silly tarball no local data for node-cron@https://registry.npmjs.org/node-cron/-/node-cron-3.0.3.tgz. Extracting by manifest.
3964 silly tarball no local data for mustache@https://registry.npmjs.org/mustache/-/mustache-4.2.0.tgz. Extracting by manifest.
3965 silly tarball no local data for luxon@https://registry.npmjs.org/luxon/-/luxon-3.7.2.tgz. Extracting by manifest.
3966 silly tarball no local data for lodash@https://registry.npmjs.org/lodash/-/lodash-4.17.21.tgz. Extracting by manifest.
3967 silly tarball no local data for jest@https://registry.npmjs.org/jest/-/jest-29.7.0.tgz. Extracting by manifest.
3968 silly tarball no local data for inversify@https://registry.npmjs.org/inversify/-/inversify-6.2.2.tgz. Extracting by manifest.
3969 silly tarball no local data for install@https://registry.npmjs.org/install/-/install-0.13.0.tgz. Extracting by manifest.
3970 silly tarball no local data for inquirer@https://registry.npmjs.org/inquirer/-/inquirer-9.3.8.tgz. Extracting by manifest.
3971 silly tarball no local data for google-protobuf@https://registry.npmjs.org/google-protobuf/-/google-protobuf-3.21.4.tgz. Extracting by manifest.
3972 silly tarball no local data for get-port@https://registry.npmjs.org/get-port/-/get-port-7.1.0.tgz. Extracting by manifest.
3973 silly tarball no local data for esbuild@https://registry.npmjs.org/esbuild/-/esbuild-0.15.18.tgz. Extracting by manifest.
3974 silly tarball no local data for dotenv@https://registry.npmjs.org/dotenv/-/dotenv-16.6.1.tgz. Extracting by manifest.
3975 silly tarball no local data for commander@https://registry.npmjs.org/commander/-/commander-10.0.1.tgz. Extracting by manifest.
3976 silly tarball no local data for cli-spinners@https://registry.npmjs.org/cli-spinners/-/cli-spinners-2.9.2.tgz. Extracting by manifest.
3977 silly tarball no local data for axios-mock-adapter@https://registry.npmjs.org/axios-mock-adapter/-/axios-mock-adapter-1.22.0.tgz. Extracting by manifest.
3978 silly tarball no local data for axios@https://registry.npmjs.org/axios/-/axios-1.13.2.tgz. Extracting by manifest.
3979 silly tarball no local data for @protobuf-ts/plugin@https://registry.npmjs.org/@protobuf-ts/plugin/-/plugin-2.8.2.tgz. Extracting by manifest.
3980 silly tarball no local data for @protobuf-ts/grpcweb-transport@https://registry.npmjs.org/@protobuf-ts/grpcweb-transport/-/grpcweb-transport-2.8.2.tgz. Extracting by manifest.
3981 silly tarball no local data for @protobuf-ts/grpc-transport@https://registry.npmjs.org/@protobuf-ts/grpc-transport/-/grpc-transport-2.8.2.tgz. Extracting by manifest.
3982 silly tarball no local data for @grpc/grpc-js@https://registry.npmjs.org/@grpc/grpc-js/-/grpc-js-1.14.3.tgz. Extracting by manifest.
3983 silly tarball no local data for @connectrpc/connect-node@https://registry.npmjs.org/@connectrpc/connect-node/-/connect-node-2.1.1.tgz. Extracting by manifest.
3984 silly tarball no local data for @connectrpc/connect@https://registry.npmjs.org/@connectrpc/connect/-/connect-2.1.1.tgz. Extracting by manifest.
3985 silly tarball no local data for @bufbuild/protobuf@https://registry.npmjs.org/@bufbuild/protobuf/-/protobuf-2.10.2.tgz. Extracting by manifest.
3986 silly tarball no local data for uuid@https://registry.npmjs.org/uuid/-/uuid-9.0.1.tgz. Extracting by manifest.
3987 silly tarball no local data for typescript@https://registry.npmjs.org/typescript/-/typescript-5.9.3.tgz. Extracting by manifest.
3988 silly tarball no local data for node-opcua-client@https://registry.npmjs.org/node-opcua-client/-/node-opcua-client-2.160.0.tgz. Extracting by manifest.
3989 silly tarball no local data for node-opcua-client-crawler@https://registry.npmjs.org/node-opcua-client-crawler/-/node-opcua-client-crawler-2.127.1.tgz. Extracting by manifest.
3990 silly tarball no local data for node-opcua@https://registry.npmjs.org/node-opcua/-/node-opcua-2.160.0.tgz. Extracting by manifest.
3991 silly tarball no local data for js2xmlparser@https://registry.npmjs.org/js2xmlparser/-/js2xmlparser-5.0.0.tgz. Extracting by manifest.
3992 silly tarball no local data for chalk@https://registry.npmjs.org/chalk/-/chalk-4.1.2.tgz. Extracting by manifest.
3993 silly tarball no local data for @normalframework/applications-sdk@https://registry.npmjs.org/@normalframework/applications-sdk/-/applications-sdk-0.1.99.tgz. Extracting by manifest.
3994 silly tarball no local data for yoctocolors-cjs@https://registry.npmjs.org/yoctocolors-cjs/-/yoctocolors-cjs-2.1.3.tgz. Extracting by manifest.
3995 silly tarball no local data for minipass@https://registry.npmjs.org/minipass/-/minipass-7.1.2.tgz. Extracting by manifest.
3996 silly tarball no local data for lru-cache@https://registry.npmjs.org/lru-cache/-/lru-cache-10.4.3.tgz. Extracting by manifest.
3997 silly tarball no local data for wrap-ansi@https://registry.npmjs.org/wrap-ansi/-/wrap-ansi-7.0.0.tgz. Extracting by manifest.
3998 silly tarball no local data for color-name@https://registry.npmjs.org/color-name/-/color-name-2.1.0.tgz. Extracting by manifest.
3999 silly tarball no local data for color-name@https://registry.npmjs.org/color-name/-/color-name-2.1.0.tgz. Extracting by manifest.
4000 silly tarball no local data for color-convert@https://registry.npmjs.org/color-convert/-/color-convert-3.1.3.tgz. Extracting by manifest.
4001 silly tarball no local data for esbuild@https://registry.npmjs.org/esbuild/-/esbuild-0.21.5.tgz. Extracting by manifest.
4002 silly tarball no local data for string_decoder@https://registry.npmjs.org/string_decoder/-/string_decoder-1.1.1.tgz. Extracting by manifest.
4003 silly tarball no local data for safe-buffer@https://registry.npmjs.org/safe-buffer/-/safe-buffer-5.1.2.tgz. Extracting by manifest.
4004 silly tarball no local data for readable-stream@https://registry.npmjs.org/readable-stream/-/readable-stream-2.3.8.tgz. Extracting by manifest.
4005 silly tarball no local data for archiver-utils@https://registry.npmjs.org/archiver-utils/-/archiver-utils-3.0.4.tgz. Extracting by manifest.
4006 silly tarball no local data for brace-expansion@https://registry.npmjs.org/brace-expansion/-/brace-expansion-2.0.2.tgz. Extracting by manifest.
4007 silly tarball no local data for minimatch@https://registry.npmjs.org/minimatch/-/minimatch-5.1.6.tgz. Extracting by manifest.
4008 silly tarball no local data for string_decoder@https://registry.npmjs.org/string_decoder/-/string_decoder-1.1.1.tgz. Extracting by manifest.
4009 silly tarball no local data for safe-buffer@https://registry.npmjs.org/safe-buffer/-/safe-buffer-5.1.2.tgz. Extracting by manifest.
4010 silly tarball no local data for readable-stream@https://registry.npmjs.org/readable-stream/-/readable-stream-2.3.8.tgz. Extracting by manifest.
4011 silly tarball no local data for undici-types@https://registry.npmjs.org/undici-types/-/undici-types-5.26.5.tgz. Extracting by manifest.
4012 silly tarball no local data for @types/node@https://registry.npmjs.org/@types/node/-/node-18.19.130.tgz. Extracting by manifest.
4013 silly tarball no local data for @types/ssh2@https://registry.npmjs.org/@types/ssh2/-/ssh2-0.5.52.tgz. Extracting by manifest.
4014 silly tarball no local data for tar-fs@https://registry.npmjs.org/tar-fs/-/tar-fs-2.0.1.tgz. Extracting by manifest.
4015 silly tarball no local data for signal-exit@https://registry.npmjs.org/signal-exit/-/signal-exit-4.1.0.tgz. Extracting by manifest.
4016 silly tarball no local data for onetime@https://registry.npmjs.org/onetime/-/onetime-7.0.0.tgz. Extracting by manifest.
4017 silly tarball no local data for is-unicode-supported@https://registry.npmjs.org/is-unicode-supported/-/is-unicode-supported-1.3.0.tgz. Extracting by manifest.
4018 silly tarball no local data for chalk@https://registry.npmjs.org/chalk/-/chalk-5.6.2.tgz. Extracting by manifest.
4019 silly tarball no local data for brace-expansion@https://registry.npmjs.org/brace-expansion/-/brace-expansion-2.0.2.tgz. Extracting by manifest.
4020 silly tarball no local data for minimatch@https://registry.npmjs.org/minimatch/-/minimatch-8.0.4.tgz. Extracting by manifest.
4021 silly tarball no local data for glob@https://registry.npmjs.org/glob/-/glob-9.3.5.tgz. Extracting by manifest.
4022 silly tarball no local data for tslib@https://registry.npmjs.org/tslib/-/tslib-1.14.1.tgz. Extracting by manifest.
4023 silly tarball no local data for semver@https://registry.npmjs.org/semver/-/semver-7.7.3.tgz. Extracting by manifest.
4024 silly tarball no local data for p-limit@https://registry.npmjs.org/p-limit/-/p-limit-2.3.0.tgz. Extracting by manifest.
4025 silly tarball no local data for semver@https://registry.npmjs.org/semver/-/semver-7.7.3.tgz. Extracting by manifest.
4026 silly tarball no local data for istanbul-lib-instrument@https://registry.npmjs.org/istanbul-lib-instrument/-/istanbul-lib-instrument-5.2.1.tgz. Extracting by manifest.
4027 silly tarball no local data for supports-color@https://registry.npmjs.org/supports-color/-/supports-color-8.1.1.tgz. Extracting by manifest.
4028 silly tarball no local data for semver@https://registry.npmjs.org/semver/-/semver-7.7.3.tgz. Extracting by manifest.
4029 silly tarball no local data for ansi-styles@https://registry.npmjs.org/ansi-styles/-/ansi-styles-5.2.0.tgz. Extracting by manifest.
4030 silly tarball no local data for camelcase@https://registry.npmjs.org/camelcase/-/camelcase-6.3.0.tgz. Extracting by manifest.
4031 silly tarball no local data for source-map-support@https://registry.npmjs.org/source-map-support/-/source-map-support-0.5.13.tgz. Extracting by manifest.
4032 silly tarball no local data for typescript@https://registry.npmjs.org/typescript/-/typescript-3.9.10.tgz. Extracting by manifest.
4033 silly tarball no local data for get-port@https://registry.npmjs.org/get-port/-/get-port-5.1.1.tgz. Extracting by manifest.
4034 silly tarball no local data for inherits@https://registry.npmjs.org/inherits/-/inherits-2.0.3.tgz. Extracting by manifest.
4035 silly tarball no local data for util@https://registry.npmjs.org/util/-/util-0.10.4.tgz. Extracting by manifest.
4036 silly tarball no local data for ansi-regex@https://registry.npmjs.org/ansi-regex/-/ansi-regex-6.2.2.tgz. Extracting by manifest.
4037 silly tarball no local data for emoji-regex@https://registry.npmjs.org/emoji-regex/-/emoji-regex-10.6.0.tgz. Extracting by manifest.
4038 silly tarball no local data for strip-ansi@https://registry.npmjs.org/strip-ansi/-/strip-ansi-7.1.2.tgz. Extracting by manifest.
4039 silly tarball no local data for chalk@https://registry.npmjs.org/chalk/-/chalk-5.6.2.tgz. Extracting by manifest.
4040 silly tarball no local data for string-width@https://registry.npmjs.org/string-width/-/string-width-7.2.0.tgz. Extracting by manifest.
4041 silly tarball no local data for uuid@https://registry.npmjs.org/uuid/-/uuid-8.3.2.tgz. Extracting by manifest.
4042 silly tarball no local data for restore-cursor@https://registry.npmjs.org/restore-cursor/-/restore-cursor-3.1.0.tgz. Extracting by manifest.
4043 silly tarball no local data for log-symbols@https://registry.npmjs.org/log-symbols/-/log-symbols-4.1.0.tgz. Extracting by manifest.
4044 silly tarball no local data for is-unicode-supported@https://registry.npmjs.org/is-unicode-supported/-/is-unicode-supported-0.1.0.tgz. Extracting by manifest.
4045 silly tarball no local data for is-interactive@https://registry.npmjs.org/is-interactive/-/is-interactive-1.0.0.tgz. Extracting by manifest.
4046 silly tarball no local data for cli-cursor@https://registry.npmjs.org/cli-cursor/-/cli-cursor-3.1.0.tgz. Extracting by manifest.
4047 silly tarball no local data for ora@https://registry.npmjs.org/ora/-/ora-5.4.1.tgz. Extracting by manifest.
4048 silly tarball no local data for typescript@https://registry.npmjs.org/typescript/-/typescript-3.9.10.tgz. Extracting by manifest.
4049 silly tarball no local data for semver@https://registry.npmjs.org/semver/-/semver-7.7.3.tgz. Extracting by manifest.
4050 silly tarball no local data for reflect-metadata@https://registry.npmjs.org/reflect-metadata/-/reflect-metadata-0.1.14.tgz. Extracting by manifest.
4051 silly tarball no local data for uuid@https://registry.npmjs.org/uuid/-/uuid-8.3.2.tgz. Extracting by manifest.
4052 silly tarball no local data for chalk@https://registry.npmjs.org/chalk/-/chalk-5.6.2.tgz. Extracting by manifest.
4053 silly tarball no local data for for-each@https://registry.npmjs.org/for-each/-/for-each-0.3.5.tgz. Extracting by manifest.
4054 silly tarball no local data for semver@https://registry.npmjs.org/semver/-/semver-7.7.3.tgz. Extracting by manifest.
4055 http fetch POST 200 https://registry.npmjs.org/-/npm/v1/security/advisories/bulk 2163ms
4056 timing auditReport:getReport Completed in 2194ms
4057 silly audit report {
4057 silly audit report   esbuild: [
4057 silly audit report     {
4057 silly audit report       id: 1102341,
4057 silly audit report       url: 'https://github.com/advisories/GHSA-67mh-4wv8-2f99',
4057 silly audit report       title: 'esbuild enables any website to send any requests to the development server and read the response',
4057 silly audit report       severity: 'moderate',
4057 silly audit report       vulnerable_versions: '<=0.24.2',
4057 silly audit report       cwe: [Array],
4057 silly audit report       cvss: [Object]
4057 silly audit report     }
4057 silly audit report   ],
4057 silly audit report   glob: [
4057 silly audit report     {
4057 silly audit report       id: 1109842,
4057 silly audit report       url: 'https://github.com/advisories/GHSA-5j98-mcp5-4vw2',
4057 silly audit report       title: 'glob CLI: Command injection via -c/--cmd executes matches with shell:true',
4057 silly audit report       severity: 'high',
4057 silly audit report       vulnerable_versions: '>=10.2.0 <10.5.0',
4057 silly audit report       cwe: [Array],
4057 silly audit report       cvss: [Object]
4057 silly audit report     }
4057 silly audit report   ],
4057 silly audit report   semver: [
4057 silly audit report     {
4057 silly audit report       id: 1101088,
4057 silly audit report       url: 'https://github.com/advisories/GHSA-c2qf-rxjj-qqgw',
4057 silly audit report       title: 'semver vulnerable to Regular Expression Denial of Service',
4057 silly audit report       severity: 'high',
4057 silly audit report       vulnerable_versions: '>=7.0.0 <7.5.2',
4057 silly audit report       cwe: [Array],
4057 silly audit report       cvss: [Object]
4057 silly audit report     }
4057 silly audit report   ],
4057 silly audit report   'cross-spawn': [
4057 silly audit report     {
4057 silly audit report       id: 1104664,
4057 silly audit report       url: 'https://github.com/advisories/GHSA-3xgq-45jj-v275',
4057 silly audit report       title: 'Regular Expression Denial of Service (ReDoS) in cross-spawn',
4057 silly audit report       severity: 'high',
4057 silly audit report       vulnerable_versions: '>=7.0.0 <7.0.5',
4057 silly audit report       cwe: [Array],
4057 silly audit report       cvss: [Object]
4057 silly audit report     }
4057 silly audit report   ],
4057 silly audit report   'brace-expansion': [
4057 silly audit report     {
4057 silly audit report       id: 1105443,
4057 silly audit report       url: 'https://github.com/advisories/GHSA-v6h2-p8h4-qcjw',
4057 silly audit report       title: 'brace-expansion Regular Expression Denial of Service vulnerability',
4057 silly audit report       severity: 'low',
4057 silly audit report       vulnerable_versions: '>=1.0.0 <=1.1.11',
4057 silly audit report       cwe: [Array],
4057 silly audit report       cvss: [Object]
4057 silly audit report     },
4057 silly audit report     {
4057 silly audit report       id: 1105444,
4057 silly audit report       url: 'https://github.com/advisories/GHSA-v6h2-p8h4-qcjw',
4057 silly audit report       title: 'brace-expansion Regular Expression Denial of Service vulnerability',
4057 silly audit report       severity: 'low',
4057 silly audit report       vulnerable_versions: '>=2.0.0 <=2.0.1',
4057 silly audit report       cwe: [Array],
4057 silly audit report       cvss: [Object]
4057 silly audit report     }
4057 silly audit report   ],
4057 silly audit report   'tar-fs': [
4057 silly audit report     {
4057 silly audit report       id: 1109532,
4057 silly audit report       url: 'https://github.com/advisories/GHSA-vj76-c3g6-qr5v',
4057 silly audit report       title: 'tar-fs has a symlink validation bypass if destination directory is predictable with a specific tarball',
4057 silly audit report       severity: 'high',
4057 silly audit report       vulnerable_versions: '>=2.0.0 <2.1.4',
4057 silly audit report       cwe: [Array],
4057 silly audit report       cvss: [Object]
4057 silly audit report     },
4057 silly audit report     {
4057 silly audit report       id: 1109543,
4057 silly audit report       url: 'https://github.com/advisories/GHSA-8cj5-5rvv-wf4v',
4057 silly audit report       title: 'tar-fs can extract outside the specified dir with a specific tarball',
4057 silly audit report       severity: 'high',
4057 silly audit report       vulnerable_versions: '>=2.0.0 <2.1.3',
4057 silly audit report       cwe: [Array],
4057 silly audit report       cvss: [Object]
4057 silly audit report     },
4057 silly audit report     {
4057 silly audit report       id: 1109552,
4057 silly audit report       url: 'https://github.com/advisories/GHSA-pq67-2wwv-3xjx',
4057 silly audit report       title: 'tar-fs Vulnerable to Link Following and Path Traversal via Extracting a Crafted tar File',
4057 silly audit report       severity: 'high',
4057 silly audit report       vulnerable_versions: '>=2.0.0 <2.1.2',
4057 silly audit report       cwe: [Array],
4057 silly audit report       cvss: [Object]
4057 silly audit report     }
4057 silly audit report   ],
4057 silly audit report   ip: [
4057 silly audit report     {
4057 silly audit report       id: 1101851,
4057 silly audit report       url: 'https://github.com/advisories/GHSA-2p57-rm9w-gvfp',
4057 silly audit report       title: 'ip SSRF improper categorization in isPublic',
4057 silly audit report       severity: 'high',
4057 silly audit report       vulnerable_versions: '<=2.0.1',
4057 silly audit report       cwe: [Array],
4057 silly audit report       cvss: [Object]
4057 silly audit report     },
4057 silly audit report     {
4057 silly audit report       id: 1097721,
4057 silly audit report       url: 'https://github.com/advisories/GHSA-78xj-cgh5-2h22',
4057 silly audit report       title: 'NPM IP package incorrectly identifies some private IP addresses as public',
4057 silly audit report       severity: 'low',
4057 silly audit report       vulnerable_versions: '=2.0.0',
4057 silly audit report       cwe: [Array],
4057 silly audit report       cvss: [Object]
4057 silly audit report     }
4057 silly audit report   ],
4057 silly audit report   tar: [
4057 silly audit report     {
4057 silly audit report       id: 1097493,
4057 silly audit report       url: 'https://github.com/advisories/GHSA-f5x3-32g6-xq36',
4057 silly audit report       title: 'Denial of service while parsing a tar file due to lack of folders count validation',
4057 silly audit report       severity: 'moderate',
4057 silly audit report       vulnerable_versions: '<6.2.1',
4057 silly audit report       cwe: [Array],
4057 silly audit report       cvss: [Object]
4057 silly audit report     }
4057 silly audit report   ]
4057 silly audit report }
4058 timing metavuln:packument:esbuild Completed in 4ms
4059 timing metavuln:packument:glob Completed in 4ms
4060 timing metavuln:packument:semver Completed in 3ms
4061 timing metavuln:packument:cross-spawn Completed in 3ms
4062 timing metavuln:packument:brace-expansion Completed in 3ms
4063 timing metavuln:packument:tar-fs Completed in 3ms
4064 timing metavuln:cache:get:security-advisory:esbuild:jKdCIzePj7J1488qgRXvF8Srh9wutSuR1exB8YooNX62hT+qhtrUXYbArLNoIhgwbaCqKpmduh18syZU7BR9SA== Completed in 78ms
4065 timing metavuln:load:security-advisory:esbuild:1102341 Completed in 22ms
4066 timing metavuln:cache:get:security-advisory:glob:NTB2XjbDOgk4lkd8PZ3tUAm1F3E/ohGF6rl9/3LEO7Z0FDzSR5nWwzd3nUENA3NCNdyeR+35DOC12wPml2IV+g== Completed in 101ms
4067 timing metavuln:load:security-advisory:glob:1109842 Completed in 2ms
4068 timing metavuln:cache:get:security-advisory:semver:Naq1CJMfecJBJMmqOv5emO+A914rqdkiOI2bP060S0GlI/Ryqht9JKmX0fFLz2hhwbvhm515GDG4KjMr9woLSw== Completed in 103ms
4069 timing metavuln:load:security-advisory:semver:1101088 Completed in 1ms
4070 timing metavuln:cache:get:security-advisory:cross-spawn:PBcc/5P1UEO/1Ba/jUNR65wOzs1wU0Y+m+OOSfB57dG5EajzjbqRMRm0l7MWqcJgHDYM5GoZ36Hm7qAYFlIH3A== Completed in 105ms
4071 timing metavuln:load:security-advisory:cross-spawn:1104664 Completed in 1ms
4072 timing metavuln:cache:get:security-advisory:brace-expansion:7IQMvcVTr+svbh5KCx4Kl6FQKJ1GciM03BnJAve/5WYJjUeRzKAIrStVpfachbl3T6a7o8nYlQEVG6Ih0TNXRg== Completed in 106ms
4073 timing metavuln:load:security-advisory:brace-expansion:1105443 Completed in 0ms
4074 timing metavuln:cache:get:security-advisory:brace-expansion:mClmYqWawCNXseeTBHWiIwZH/2CmFUqPCmosJIeOhAgD9z1v3SayhHAwaWVo8wmeKU/JN9VP4zDBeXaqy3Ay2A== Completed in 106ms
4075 timing metavuln:load:security-advisory:brace-expansion:1105444 Completed in 1ms
4076 timing metavuln:cache:get:security-advisory:tar-fs:cvuUIK3mvYU/u7TShVqDjuuoWy7Jgl2iyysqZzndeGLLwvbCDiePQ/rot9wwSNqpYc8yRaszF/7dU1Uelp1dUw== Completed in 107ms
4077 timing metavuln:load:security-advisory:tar-fs:1109532 Completed in 1ms
4078 timing metavuln:cache:get:security-advisory:tar-fs:Ix/Js08sk80rCM814qr/o6ab9zjh7+H8VVJui+xRbBltVjhzX21eodMzpIt77aC2gIFcrK8EEBkOSiDgsanD1w== Completed in 108ms
4079 timing metavuln:load:security-advisory:tar-fs:1109543 Completed in 1ms
4080 timing metavuln:cache:get:security-advisory:tar-fs:1dRVXY1/KAgNRzluJejkcnnY74RNVCtUBdSLW4DLR6KPpPmll6CDT96fyxIYOX7Nsq4AChUF8ivPlQmppqQqYw== Completed in 109ms
4081 timing metavuln:load:security-advisory:tar-fs:1109552 Completed in 1ms
4082 timing metavuln:cache:get:security-advisory:ip:FcMhhitnipE8n5zCPiVRq2NLRNmu7UZkoO9lrM5CRC/emGwY5wSoa1+q1Q1Z8SPpfXO9tzox/MNRv7luhyJvqg== Completed in 110ms
4083 timing metavuln:cache:get:security-advisory:ip:b30c5XyTTW4mB+FTN7C/h1vhoJFO9OI8Q+LTllMkSK3uH9C7IrxRvaSJh85+QHMX79NvRWdtpRRPVOFX+5JL7A== Completed in 109ms
4084 timing metavuln:cache:get:security-advisory:tar:xsfciMtNhQn+Vb692L8h5HEYBYUJ5Lhjy3bF//LOsKSn8tp0f1hbuDX26k9UtKJNPZjM5uuq2Cxlz3KwL19oJg== Completed in 109ms
4085 http fetch GET 200 https://registry.npmjs.org/mimic-function/-/mimic-function-5.0.1.tgz 2253ms (cache miss)
4086 timing reifyNode:node_modules/mimic-function Completed in 2677ms
4087 http fetch GET 200 https://registry.npmjs.org/clone/-/clone-1.0.4.tgz 2250ms (cache miss)
4088 timing reifyNode:node_modules/clone Completed in 2677ms
4089 http fetch GET 200 https://registry.npmjs.org/defaults/-/defaults-1.0.4.tgz 2249ms (cache miss)
4090 timing reifyNode:node_modules/defaults Completed in 2678ms
4091 http fetch GET 200 https://registry.npmjs.org/isarray/-/isarray-1.0.0.tgz 2248ms (cache miss)
4092 timing reifyNode:node_modules/isarray Completed in 2678ms
4093 http fetch GET 200 https://registry.npmjs.org/process-nextick-args/-/process-nextick-args-2.0.1.tgz 2249ms (cache miss)
4094 timing reifyNode:node_modules/process-nextick-args Completed in 2678ms
4095 http fetch GET 200 https://registry.npmjs.org/get-east-asian-width/-/get-east-asian-width-1.4.0.tgz 2252ms (cache miss)
4096 timing reifyNode:node_modules/get-east-asian-width Completed in 2679ms
4097 http fetch GET 200 https://registry.npmjs.org/@types/ssh2-streams/-/ssh2-streams-0.1.13.tgz 2257ms (cache miss)
4098 timing reifyNode:node_modules/@types/ssh2-streams Completed in 2679ms
4099 http fetch GET 200 https://registry.npmjs.org/p-try/-/p-try-2.2.0.tgz 2254ms (cache miss)
4100 timing reifyNode:node_modules/p-try Completed in 2679ms
4101 http fetch GET 200 https://registry.npmjs.org/crc32-stream/-/crc32-stream-4.0.3.tgz 2232ms (cache miss)
4102 timing reifyNode:node_modules/crc32-stream Completed in 2680ms
4103 http fetch GET 200 https://registry.npmjs.org/wcwidth/-/wcwidth-1.0.1.tgz 2252ms (cache miss)
4104 timing reifyNode:node_modules/wcwidth Completed in 2709ms
4105 http fetch GET 200 https://registry.npmjs.org/crc-32/-/crc-32-1.2.2.tgz 2264ms (cache miss)
4106 http fetch GET 200 https://registry.npmjs.org/pend/-/pend-1.2.0.tgz 2261ms (cache miss)
4107 timing reifyNode:node_modules/pend Completed in 2709ms
4108 http fetch GET 200 https://registry.npmjs.org/y18n/-/y18n-5.0.8.tgz 2260ms (cache miss)
4109 http fetch GET 200 https://registry.npmjs.org/cliui/-/cliui-8.0.1.tgz 2259ms (cache miss)
4110 timing metavuln:cache:put:security-advisory:semver:Naq1CJMfecJBJMmqOv5emO+A914rqdkiOI2bP060S0GlI/Ryqht9JKmX0fFLz2hhwbvhm515GDG4KjMr9woLSw== Completed in 491ms
4111 timing metavuln:calculate:security-advisory:semver:1101088 Completed in 595ms
4112 timing metavuln:cache:put:security-advisory:glob:NTB2XjbDOgk4lkd8PZ3tUAm1F3E/ohGF6rl9/3LEO7Z0FDzSR5nWwzd3nUENA3NCNdyeR+35DOC12wPml2IV+g== Completed in 493ms
4113 timing metavuln:calculate:security-advisory:glob:1109842 Completed in 597ms
4114 timing metavuln:cache:put:security-advisory:brace-expansion:7IQMvcVTr+svbh5KCx4Kl6FQKJ1GciM03BnJAve/5WYJjUeRzKAIrStVpfachbl3T6a7o8nYlQEVG6Ih0TNXRg== Completed in 490ms
4115 timing metavuln:calculate:security-advisory:brace-expansion:1105443 Completed in 596ms
4116 timing metavuln:cache:put:security-advisory:tar-fs:cvuUIK3mvYU/u7TShVqDjuuoWy7Jgl2iyysqZzndeGLLwvbCDiePQ/rot9wwSNqpYc8yRaszF/7dU1Uelp1dUw== Completed in 488ms
4117 timing metavuln:calculate:security-advisory:tar-fs:1109532 Completed in 596ms
4118 timing metavuln:cache:put:security-advisory:tar-fs:Ix/Js08sk80rCM814qr/o6ab9zjh7+H8VVJui+xRbBltVjhzX21eodMzpIt77aC2gIFcrK8EEBkOSiDgsanD1w== Completed in 486ms
4119 timing metavuln:calculate:security-advisory:tar-fs:1109543 Completed in 596ms
4120 timing metavuln:cache:put:security-advisory:tar-fs:1dRVXY1/KAgNRzluJejkcnnY74RNVCtUBdSLW4DLR6KPpPmll6CDT96fyxIYOX7Nsq4AChUF8ivPlQmppqQqYw== Completed in 485ms
4121 timing metavuln:calculate:security-advisory:tar-fs:1109552 Completed in 595ms
4122 http fetch GET 200 https://registry.npmjs.org/core-util-is/-/core-util-is-1.0.3.tgz 2327ms (cache miss)
4123 timing reifyNode:node_modules/core-util-is Completed in 2758ms
4124 http fetch GET 200 https://registry.npmjs.org/get-caller-file/-/get-caller-file-2.0.5.tgz 2308ms (cache miss)
4125 timing reifyNode:node_modules/get-caller-file Completed in 2758ms
4126 http fetch GET 200 https://registry.npmjs.org/imurmurhash/-/imurmurhash-0.1.4.tgz 2307ms (cache miss)
4127 timing reifyNode:node_modules/imurmurhash Completed in 2759ms
4128 http fetch GET 200 https://registry.npmjs.org/fn.name/-/fn.name-1.1.0.tgz 2306ms (cache miss)
4129 timing reifyNode:node_modules/fn.name Completed in 2759ms
4130 http fetch GET 200 https://registry.npmjs.org/color-string/-/color-string-2.1.4.tgz 2304ms (cache miss)
4131 timing reifyNode:node_modules/color-string Completed in 2759ms
4132 http fetch GET 200 https://registry.npmjs.org/text-hex/-/text-hex-1.0.0.tgz 2304ms (cache miss)
4133 timing reifyNode:node_modules/text-hex Completed in 2760ms
4134 http fetch GET 200 https://registry.npmjs.org/minipass/-/minipass-4.2.8.tgz 2355ms (cache miss)
4135 timing reifyNode:node_modules/minipass Completed in 2778ms
4136 http fetch GET 200 https://registry.npmjs.org/compress-commons/-/compress-commons-4.1.2.tgz 2330ms (cache miss)
4137 timing reifyNode:node_modules/cliui Completed in 2778ms
4138 http fetch GET 200 https://registry.npmjs.org/@types/triple-beam/-/triple-beam-1.3.5.tgz 2324ms (cache miss)
4139 timing reifyNode:node_modules/@types/triple-beam Completed in 2778ms
4140 http fetch GET 200 https://registry.npmjs.org/triple-beam/-/triple-beam-1.4.1.tgz 2318ms (cache miss)
4141 http fetch GET 200 https://registry.npmjs.org/enabled/-/enabled-2.0.0.tgz 2320ms (cache miss)
4142 timing reifyNode:node_modules/enabled Completed in 2778ms
4143 timing metavuln:cache:put:security-advisory:esbuild:jKdCIzePj7J1488qgRXvF8Srh9wutSuR1exB8YooNX62hT+qhtrUXYbArLNoIhgwbaCqKpmduh18syZU7BR9SA== Completed in 561ms
4144 timing metavuln:calculate:security-advisory:esbuild:1102341 Completed in 662ms
4145 timing metavuln:cache:put:security-advisory:cross-spawn:PBcc/5P1UEO/1Ba/jUNR65wOzs1wU0Y+m+OOSfB57dG5EajzjbqRMRm0l7MWqcJgHDYM5GoZ36Hm7qAYFlIH3A== Completed in 554ms
4146 timing metavuln:calculate:security-advisory:cross-spawn:1104664 Completed in 660ms
4147 timing metavuln:cache:put:security-advisory:brace-expansion:mClmYqWawCNXseeTBHWiIwZH/2CmFUqPCmosJIeOhAgD9z1v3SayhHAwaWVo8wmeKU/JN9VP4zDBeXaqy3Ay2A== Completed in 553ms
4148 timing metavuln:calculate:security-advisory:brace-expansion:1105444 Completed in 660ms
4149 timing reifyNode:node_modules/crc-32 Completed in 2823ms
4150 timing reifyNode:node_modules/y18n Completed in 2822ms
4151 http fetch GET 200 https://registry.npmjs.org/require-directory/-/require-directory-2.1.1.tgz 2372ms (cache miss)
4152 timing reifyNode:node_modules/require-directory Completed in 2822ms
4153 http fetch GET 200 https://registry.npmjs.org/kuler/-/kuler-2.0.0.tgz 2366ms (cache miss)
4154 timing reifyNode:node_modules/kuler Completed in 2823ms
4155 http fetch GET 200 https://registry.npmjs.org/color/-/color-5.0.3.tgz 2366ms (cache miss)
4156 timing reifyNode:node_modules/color Completed in 2823ms
4157 http fetch GET 200 https://registry.npmjs.org/one-time/-/one-time-1.0.0.tgz 2344ms (cache miss)
4158 timing reifyNode:node_modules/one-time Completed in 2822ms
4159 http fetch GET 200 https://registry.npmjs.org/safe-stable-stringify/-/safe-stable-stringify-2.5.0.tgz 2346ms (cache miss)
4160 http fetch GET 200 https://registry.npmjs.org/winston-transport/-/winston-transport-4.9.0.tgz 2364ms (cache miss)
4161 http fetch GET 200 https://registry.npmjs.org/stackback/-/stackback-0.0.2.tgz 2374ms (cache miss)
4162 timing reifyNode:node_modules/stackback Completed in 2855ms
4163 http fetch GET 200 https://registry.npmjs.org/@colors/colors/-/colors-1.6.0.tgz 2375ms (cache miss)
4164 http fetch GET 200 https://registry.npmjs.org/is-callable/-/is-callable-1.2.7.tgz 2373ms (cache miss)
4165 timing reifyNode:node_modules/safe-stable-stringify Completed in 2900ms
4166 http fetch GET 200 https://registry.npmjs.org/stack-trace/-/stack-trace-0.0.10.tgz 2440ms (cache miss)
4167 timing reifyNode:node_modules/stack-trace Completed in 2902ms
4168 http fetch GET 200 https://registry.npmjs.org/possible-typed-array-names/-/possible-typed-array-names-1.1.0.tgz 2418ms (cache miss)
4169 timing reifyNode:node_modules/possible-typed-array-names Completed in 2901ms
4170 http fetch GET 200 https://registry.npmjs.org/isexe/-/isexe-2.0.0.tgz 2416ms (cache miss)
4171 timing reifyNode:node_modules/isexe Completed in 2901ms
4172 http fetch GET 200 https://registry.npmjs.org/@dabh/diagnostics/-/diagnostics-2.0.8.tgz 2422ms (cache miss)
4173 http fetch GET 200 https://registry.npmjs.org/available-typed-arrays/-/available-typed-arrays-1.0.7.tgz 2418ms (cache miss)
4174 http fetch GET 200 https://registry.npmjs.org/webidl-conversions/-/webidl-conversions-3.0.1.tgz 2416ms (cache miss)
4175 timing reifyNode:node_modules/webidl-conversions Completed in 2902ms
4176 http fetch GET 200 https://registry.npmjs.org/tunnel/-/tunnel-0.0.6.tgz 2415ms (cache miss)
4177 http fetch GET 200 https://registry.npmjs.org/@so-ric/colorspace/-/colorspace-1.1.6.tgz 2510ms (cache miss)
4178 timing reifyNode:node_modules/@so-ric/colorspace Completed in 2970ms
4179 http fetch GET 200 https://registry.npmjs.org/minimist/-/minimist-1.2.6.tgz 2481ms (cache miss)
4180 http fetch GET 200 https://registry.npmjs.org/tmpl/-/tmpl-1.0.5.tgz 2481ms (cache miss)
4181 timing reifyNode:node_modules/tmpl Completed in 2970ms
4182 http fetch GET 200 https://registry.npmjs.org/makeerror/-/makeerror-1.0.12.tgz 2481ms (cache miss)
4183 timing reifyNode:node_modules/makeerror Completed in 2970ms
4184 http fetch GET 200 https://registry.npmjs.org/siginfo/-/siginfo-2.0.0.tgz 2510ms (cache miss)
4185 timing reifyNode:node_modules/siginfo Completed in 2992ms
4186 http fetch GET 200 https://registry.npmjs.org/nanoid/-/nanoid-3.3.11.tgz 2503ms (cache miss)
4187 timing reifyNode:node_modules/triple-beam Completed in 3040ms
4188 timing reifyNode:node_modules/is-callable Completed in 3101ms
4189 timing reifyNode:node_modules/available-typed-arrays Completed in 3102ms
4190 http fetch GET 200 https://registry.npmjs.org/pathval/-/pathval-2.0.1.tgz 2601ms (cache miss)
4191 timing reifyNode:node_modules/pathval Completed in 3102ms
4192 http fetch GET 200 https://registry.npmjs.org/@types/estree/-/estree-1.0.8.tgz 2602ms (cache miss)
4193 timing reifyNode:node_modules/@types/estree Completed in 3102ms
4194 http fetch GET 200 https://registry.npmjs.org/deep-eql/-/deep-eql-5.0.2.tgz 2601ms (cache miss)
4195 timing reifyNode:node_modules/deep-eql Completed in 3102ms
4196 http fetch GET 200 https://registry.npmjs.org/check-error/-/check-error-2.1.3.tgz 2636ms (cache miss)
4197 timing reifyNode:node_modules/check-error Completed in 3140ms
4198 http fetch GET 200 https://registry.npmjs.org/estree-walker/-/estree-walker-3.0.3.tgz 2621ms (cache miss)
4199 http fetch GET 200 https://registry.npmjs.org/yargs-parser/-/yargs-parser-21.1.1.tgz 2745ms (cache miss)
4200 http fetch GET 200 https://registry.npmjs.org/why-is-node-running/-/why-is-node-running-2.3.0.tgz 2683ms (cache miss)
4201 timing reifyNode:node_modules/why-is-node-running Completed in 3203ms
4202 http fetch GET 200 https://registry.npmjs.org/loupe/-/loupe-3.2.1.tgz 2700ms (cache miss)
4203 http fetch GET 200 https://registry.npmjs.org/tinyspy/-/tinyspy-3.0.2.tgz 2685ms (cache miss)
4204 timing reifyNode:node_modules/tinyspy Completed in 3204ms
4205 timing reifyNode:node_modules/tunnel Completed in 3239ms
4206 http fetch GET 200 https://registry.npmjs.org/assertion-error/-/assertion-error-2.0.1.tgz 2735ms (cache miss)
4207 timing reifyNode:node_modules/assertion-error Completed in 3238ms
4208 http fetch GET 200 https://registry.npmjs.org/tinybench/-/tinybench-2.9.0.tgz 2729ms (cache miss)
4209 http fetch GET 200 https://registry.npmjs.org/tinyrainbow/-/tinyrainbow-1.2.0.tgz 2731ms (cache miss)
4210 timing reifyNode:node_modules/tinyrainbow Completed in 3255ms
4211 http fetch GET 200 https://registry.npmjs.org/tinyexec/-/tinyexec-0.3.2.tgz 2731ms (cache miss)
4212 timing reifyNode:node_modules/compress-commons Completed in 3280ms
4213 http fetch GET 200 https://registry.npmjs.org/fecha/-/fecha-4.2.3.tgz 2826ms (cache miss)
4214 http fetch GET 200 https://registry.npmjs.org/std-env/-/std-env-3.10.0.tgz 2752ms (cache miss)
4215 timing reifyNode:node_modules/std-env Completed in 3278ms
4216 http fetch GET 200 https://registry.npmjs.org/pathe/-/pathe-1.1.2.tgz 2752ms (cache miss)
4217 timing reifyNode:node_modules/yargs-parser Completed in 3323ms
4218 timing reifyNode:node_modules/estree-walker Completed in 3334ms
4219 timing reifyNode:node_modules/tinyexec Completed in 3340ms
4220 timing reifyNode:node_modules/fecha Completed in 3369ms
4221 http fetch GET 200 https://registry.npmjs.org/tinypool/-/tinypool-1.1.1.tgz 2845ms (cache miss)
4222 http fetch GET 200 https://registry.npmjs.org/@vitest/spy/-/spy-2.1.9.tgz 2832ms (cache miss)
4223 timing reifyNode:node_modules/@vitest/spy Completed in 3368ms
4224 http fetch GET 200 https://registry.npmjs.org/safe-regex-test/-/safe-regex-test-1.1.0.tgz 2826ms (cache miss)
4225 http fetch GET 200 https://registry.npmjs.org/@vitest/pretty-format/-/pretty-format-2.1.9.tgz 2829ms (cache miss)
4226 timing reifyNode:node_modules/@vitest/pretty-format Completed in 3369ms
4227 timing reifyNode:node_modules/winston-transport Completed in 3404ms
4228 http fetch GET 200 https://registry.npmjs.org/es-module-lexer/-/es-module-lexer-1.7.0.tgz 2901ms (cache miss)
4229 timing reifyNode:node_modules/tinybench Completed in 3404ms
4230 http fetch GET 200 https://registry.npmjs.org/is-generator-function/-/is-generator-function-1.1.2.tgz 2859ms (cache miss)
4231 http fetch GET 200 https://registry.npmjs.org/is-arguments/-/is-arguments-1.2.0.tgz 2858ms (cache miss)
4232 http fetch GET 200 https://registry.npmjs.org/escalade/-/escalade-3.2.0.tgz 2857ms (cache miss)
4233 timing reifyNode:node_modules/safe-regex-test Completed in 3449ms
4234 http fetch GET 200 https://registry.npmjs.org/generator-function/-/generator-function-2.0.1.tgz 2906ms (cache miss)
4235 http fetch GET 200 https://registry.npmjs.org/is-number/-/is-number-7.0.0.tgz 2912ms (cache miss)
4236 timing reifyNode:node_modules/is-number Completed in 3459ms
4237 http fetch GET 200 https://registry.npmjs.org/bl/-/bl-4.1.0.tgz 2890ms (cache miss)
4238 http fetch GET 200 https://registry.npmjs.org/ieee754/-/ieee754-1.2.1.tgz 2911ms (cache miss)
4239 timing reifyNode:node_modules/ieee754 Completed in 3460ms
4240 http fetch GET 200 https://registry.npmjs.org/fs-constants/-/fs-constants-1.0.0.tgz 2909ms (cache miss)
4241 timing reifyNode:node_modules/fs-constants Completed in 3460ms
4242 http fetch GET 200 https://registry.npmjs.org/cac/-/cac-6.7.14.tgz 3007ms (cache miss)
4243 timing reifyNode:node_modules/tinypool Completed in 3497ms
4244 http fetch GET 200 https://registry.npmjs.org/which-typed-array/-/which-typed-array-1.1.19.tgz 2953ms (cache miss)
4245 http fetch GET 200 https://registry.npmjs.org/is-typed-array/-/is-typed-array-1.1.15.tgz 2953ms (cache miss)
4246 timing reifyNode:node_modules/escalade Completed in 3498ms
4247 http fetch GET 200 https://registry.npmjs.org/base64-js/-/base64-js-1.5.1.tgz 2949ms (cache miss)
4248 timing reifyNode:node_modules/base64-js Completed in 3498ms
4249 http fetch GET 200 https://registry.npmjs.org/chownr/-/chownr-1.1.4.tgz 2925ms (cache miss)
4250 timing reifyNode:node_modules/chownr Completed in 3498ms
4251 http fetch GET 200 https://registry.npmjs.org/pump/-/pump-3.0.3.tgz 2928ms (cache miss)
4252 timing reifyNode:node_modules/pump Completed in 3498ms
4253 http fetch GET 200 https://registry.npmjs.org/end-of-stream/-/end-of-stream-1.4.5.tgz 2929ms (cache miss)
4254 timing reifyNode:node_modules/end-of-stream Completed in 3498ms
4255 http fetch GET 200 https://registry.npmjs.org/safe-buffer/-/safe-buffer-5.2.1.tgz 2926ms (cache miss)
4256 timing reifyNode:node_modules/safe-buffer Completed in 3498ms
4257 http fetch GET 200 https://registry.npmjs.org/buildcheck/-/buildcheck-0.0.7.tgz 2926ms (cache miss)
4258 http fetch GET 200 https://registry.npmjs.org/mkdirp-classic/-/mkdirp-classic-0.5.3.tgz 2928ms (cache miss)
4259 timing reifyNode:node_modules/mkdirp-classic Completed in 3499ms
4260 timing reifyNode:node_modules/es-module-lexer Completed in 3539ms
4261 http fetch GET 200 https://registry.npmjs.org/@vitest/snapshot/-/snapshot-2.1.9.tgz 3000ms (cache miss)
4262 http fetch GET 200 https://registry.npmjs.org/@vitest/expect/-/expect-2.1.9.tgz 2996ms (cache miss)
4263 http fetch GET 200 https://registry.npmjs.org/buffer/-/buffer-5.7.1.tgz 2996ms (cache miss)
4264 http fetch GET 200 https://registry.npmjs.org/util-deprecate/-/util-deprecate-1.0.2.tgz 2970ms (cache miss)
4265 timing reifyNode:node_modules/util-deprecate Completed in 3545ms
4266 timing reifyNode:node_modules/@dabh/diagnostics Completed in 3588ms
4267 http fetch GET 200 https://registry.npmjs.org/tr46/-/tr46-0.0.3.tgz 3115ms (cache miss)
4268 timing reifyNode:node_modules/tr46 Completed in 3601ms
4269 http fetch GET 200 https://registry.npmjs.org/is-regex/-/is-regex-1.2.1.tgz 3059ms (cache miss)
4270 timing reifyNode:node_modules/is-regex Completed in 3600ms
4271 timing reifyNode:node_modules/buffer Completed in 3601ms
4272 http fetch GET 200 https://registry.npmjs.org/string_decoder/-/string_decoder-1.3.0.tgz 3024ms (cache miss)
4273 timing reifyNode:node_modules/string_decoder Completed in 3600ms
4274 http fetch GET 200 https://registry.npmjs.org/lodash.flatten/-/lodash.flatten-4.4.0.tgz 3019ms (cache miss)
4275 timing reifyNode:node_modules/lodash.flatten Completed in 3601ms
4276 http fetch GET 200 https://registry.npmjs.org/lodash.isplainobject/-/lodash.isplainobject-4.0.6.tgz 3019ms (cache miss)
4277 timing reifyNode:node_modules/lodash.isplainobject Completed in 3601ms
4278 http fetch GET 200 https://registry.npmjs.org/lodash.difference/-/lodash.difference-4.5.0.tgz 3018ms (cache miss)
4279 timing reifyNode:node_modules/lodash.difference Completed in 3602ms
4280 http fetch GET 200 https://registry.npmjs.org/docker-modem/-/docker-modem-3.0.8.tgz 3023ms (cache miss)
4281 timing reifyNode:node_modules/cac Completed in 3633ms
4282 timing reifyNode:node_modules/is-typed-array Completed in 3632ms
4283 timing reifyNode:node_modules/is-generator-function Completed in 3632ms
4284 timing reifyNode:node_modules/is-arguments Completed in 3632ms
4285 http fetch GET 200 https://registry.npmjs.org/lodash.defaults/-/lodash.defaults-4.2.0.tgz 3048ms (cache miss)
4286 timing reifyNode:node_modules/lodash.defaults Completed in 3632ms
4287 http fetch GET 200 https://registry.npmjs.org/zip-stream/-/zip-stream-4.1.1.tgz 3031ms (cache miss)
4288 timing reifyNode:node_modules/zip-stream Completed in 3632ms
4289 http fetch GET 200 https://registry.npmjs.org/readdir-glob/-/readdir-glob-1.1.3.tgz 3029ms (cache miss)
4290 timing reifyNode:node_modules/readdir-glob Completed in 3633ms
4291 http fetch GET 200 https://registry.npmjs.org/tar-stream/-/tar-stream-2.2.0.tgz 3031ms (cache miss)
4292 timing reifyNode:node_modules/tar-stream Completed in 3633ms
4293 timing reifyNode:node_modules/minimist Completed in 3677ms
4294 timing reifyNode:node_modules/pathe Completed in 3676ms
4295 http fetch GET 200 https://registry.npmjs.org/@vitest/runner/-/runner-2.1.9.tgz 3138ms (cache miss)
4296 timing reifyNode:node_modules/@vitest/snapshot Completed in 3676ms
4297 timing reifyNode:node_modules/@vitest/expect Completed in 3676ms
4298 http fetch GET 200 https://registry.npmjs.org/whatwg-url/-/whatwg-url-5.0.0.tgz 3099ms (cache miss)
4299 timing reifyNode:node_modules/whatwg-url Completed in 3676ms
4300 http fetch GET 200 https://registry.npmjs.org/split-ca/-/split-ca-1.0.1.tgz 3098ms (cache miss)
4301 http fetch GET 200 https://registry.npmjs.org/lodash.union/-/lodash.union-4.6.0.tgz 3096ms (cache miss)
4302 timing reifyNode:node_modules/lodash.union Completed in 3678ms
4303 http fetch GET 200 https://registry.npmjs.org/lazystream/-/lazystream-1.0.1.tgz 3077ms (cache miss)
4304 http fetch GET 200 https://registry.npmjs.org/buffer-crc32/-/buffer-crc32-0.2.13.tgz 3075ms (cache miss)
4305 timing reifyNode:node_modules/buffer-crc32 Completed in 3679ms
4306 http fetch GET 200 https://registry.npmjs.org/archiver-utils/-/archiver-utils-2.1.0.tgz 3074ms (cache miss)
4307 timing reifyNode:node_modules/archiver-utils Completed in 3679ms
4308 http fetch GET 200 https://registry.npmjs.org/ssh-remote-port-forward/-/ssh-remote-port-forward-1.0.4.tgz 3051ms (cache miss)
4309 timing reifyNode:node_modules/ssh-remote-port-forward Completed in 3678ms
4310 timing reifyNode:node_modules/generator-function Completed in 3725ms
4311 timing reifyNode:node_modules/which-typed-array Completed in 3725ms
4312 timing reifyNode:node_modules/bl Completed in 3724ms
4313 http fetch GET 200 https://registry.npmjs.org/tmp/-/tmp-0.2.5.tgz 3117ms (cache miss)
4314 timing reifyNode:node_modules/tmp Completed in 3725ms
4315 http fetch GET 200 https://registry.npmjs.org/@types/readdir-glob/-/readdir-glob-1.1.5.tgz 3119ms (cache miss)
4316 timing reifyNode:node_modules/@types/readdir-glob Completed in 3725ms
4317 http fetch GET 200 https://registry.npmjs.org/tar-fs/-/tar-fs-2.1.4.tgz 3099ms (cache miss)
4318 http fetch GET 200 https://registry.npmjs.org/@types/docker-modem/-/docker-modem-3.0.6.tgz 3119ms (cache miss)
4319 timing reifyNode:node_modules/@types/docker-modem Completed in 3725ms
4320 http fetch GET 200 https://registry.npmjs.org/properties-reader/-/properties-reader-2.3.0.tgz 3098ms (cache miss)
4321 timing reifyNode:node_modules/properties-reader Completed in 3726ms
4322 http fetch GET 200 https://registry.npmjs.org/async-lock/-/async-lock-1.4.1.tgz 3095ms (cache miss)
4323 timing reifyNode:node_modules/async-lock Completed in 3726ms
4324 http fetch GET 200 https://registry.npmjs.org/source-map-js/-/source-map-js-1.2.1.tgz 3269ms (cache miss)
4325 http fetch GET 200 https://registry.npmjs.org/expect-type/-/expect-type-1.3.0.tgz 3239ms (cache miss)
4326 timing reifyNode:node_modules/lazystream Completed in 3781ms
4327 http fetch GET 200 https://registry.npmjs.org/@types/ssh2/-/ssh2-1.15.5.tgz 3175ms (cache miss)
4328 timing reifyNode:node_modules/@types/ssh2 Completed in 3780ms
4329 http fetch GET 200 https://registry.npmjs.org/has-flag/-/has-flag-4.0.0.tgz 3146ms (cache miss)
4330 timing reifyNode:node_modules/has-flag Completed in 3781ms
4331 http fetch GET 200 https://registry.npmjs.org/archiver/-/archiver-5.3.2.tgz 3149ms (cache miss)
4332 http fetch GET 200 https://registry.npmjs.org/@types/dockerode/-/dockerode-3.3.47.tgz 3149ms (cache miss)
4333 timing reifyNode:node_modules/@types/dockerode Completed in 3781ms
4334 http fetch GET 200 https://registry.npmjs.org/@types/archiver/-/archiver-5.3.4.tgz 3148ms (cache miss)
4335 timing reifyNode:node_modules/@types/archiver Completed in 3781ms
4336 timing reifyNode:node_modules/@vitest/runner Completed in 3823ms
4337 timing reifyNode:node_modules/split-ca Completed in 3822ms
4338 http fetch GET 200 https://registry.npmjs.org/thunky/-/thunky-1.1.0.tgz 3183ms (cache miss)
4339 timing reifyNode:node_modules/thunky Completed in 3822ms
4340 http fetch GET 200 https://registry.npmjs.org/@balena/dockerignore/-/dockerignore-1.0.2.tgz 3188ms (cache miss)
4341 timing reifyNode:node_modules/@balena/dockerignore Completed in 3823ms
4342 http fetch GET 200 https://registry.npmjs.org/emoji-regex/-/emoji-regex-8.0.0.tgz 3186ms (cache miss)
4343 http fetch GET 200 https://registry.npmjs.org/ansi-regex/-/ansi-regex-5.0.1.tgz 3188ms (cache miss)
4344 timing reifyNode:node_modules/ansi-regex Completed in 3823ms
4345 http fetch GET 200 https://registry.npmjs.org/is-fullwidth-code-point/-/is-fullwidth-code-point-3.0.0.tgz 3187ms (cache miss)
4346 timing reifyNode:node_modules/is-fullwidth-code-point Completed in 3823ms
4347 timing reifyNode:node_modules/@colors/colors Completed in 3868ms
4348 timing reifyNode:node_modules/expect-type Completed in 3866ms
4349 timing reifyNode:node_modules/emoji-regex Completed in 3866ms
4350 http fetch GET 200 https://registry.npmjs.org/@types/dns-packet/-/dns-packet-5.6.5.tgz 3225ms (cache miss)
4351 timing reifyNode:node_modules/@types/dns-packet Completed in 3866ms
4352 http fetch GET 200 https://registry.npmjs.org/multicast-dns/-/multicast-dns-7.2.5.tgz 3226ms (cache miss)
4353 timing reifyNode:node_modules/multicast-dns Completed in 3867ms
4354 http fetch GET 200 https://registry.npmjs.org/dns-equal/-/dns-equal-1.0.0.tgz 3225ms (cache miss)
4355 timing reifyNode:node_modules/dns-equal Completed in 3867ms
4356 http fetch GET 200 https://registry.npmjs.org/escape-string-regexp/-/escape-string-regexp-2.0.0.tgz 3206ms (cache miss)
4357 timing reifyNode:node_modules/escape-string-regexp Completed in 3867ms
4358 http fetch GET 200 https://registry.npmjs.org/@types/multicast-dns/-/multicast-dns-7.2.4.tgz 3208ms (cache miss)
4359 timing reifyNode:node_modules/@types/multicast-dns Completed in 3868ms
4360 timing reifyNode:node_modules/source-map-js Completed in 3898ms
4361 http fetch GET 200 https://registry.npmjs.org/dns-packet/-/dns-packet-5.6.1.tgz 3260ms (cache miss)
4362 http fetch GET 200 https://registry.npmjs.org/char-regex/-/char-regex-1.0.2.tgz 3263ms (cache miss)
4363 timing reifyNode:node_modules/char-regex Completed in 3901ms
4364 http fetch GET 200 https://registry.npmjs.org/@leichtgewicht/ip-codec/-/ip-codec-2.0.5.tgz 3263ms (cache miss)
4365 timing reifyNode:node_modules/@leichtgewicht/ip-codec Completed in 3901ms
4366 http fetch GET 200 https://registry.npmjs.org/getpass/-/getpass-0.1.7.tgz 3239ms (cache miss)
4367 timing reifyNode:node_modules/getpass Completed in 3901ms
4368 http fetch GET 200 https://registry.npmjs.org/jsbn/-/jsbn-0.1.1.tgz 3240ms (cache miss)
4369 timing reifyNode:node_modules/jsbn Completed in 3901ms
4370 timing reifyNode:node_modules/docker-modem Completed in 3962ms
4371 timing reifyNode:node_modules/dns-packet Completed in 3962ms
4372 http fetch GET 200 https://registry.npmjs.org/assert-plus/-/assert-plus-1.0.0.tgz 3297ms (cache miss)
4373 timing reifyNode:node_modules/assert-plus Completed in 3962ms
4374 http fetch GET 200 https://registry.npmjs.org/asn1/-/asn1-0.2.6.tgz 3297ms (cache miss)
4375 http fetch GET 200 https://registry.npmjs.org/path-parse/-/path-parse-1.0.7.tgz 3270ms (cache miss)
4376 timing reifyNode:node_modules/path-parse Completed in 3963ms
4377 http fetch GET 200 https://registry.npmjs.org/shebang-regex/-/shebang-regex-3.0.0.tgz 3271ms (cache miss)
4378 timing reifyNode:node_modules/shebang-regex Completed in 3963ms
4379 timing reifyNode:node_modules/nanoid Completed in 4006ms
4380 timing reifyNode:node_modules/buildcheck Completed in 4017ms
4381 http fetch GET 200 https://registry.npmjs.org/node-fetch/-/node-fetch-2.7.0.tgz 3388ms (cache miss)
4382 timing reifyNode:node_modules/archiver Completed in 4017ms
4383 http fetch GET 200 https://registry.npmjs.org/array-flatten/-/array-flatten-2.1.2.tgz 3375ms (cache miss)
4384 timing reifyNode:node_modules/array-flatten Completed in 4018ms
4385 http fetch GET 200 https://registry.npmjs.org/ecc-jsbn/-/ecc-jsbn-0.1.2.tgz 3354ms (cache miss)
4386 timing reifyNode:node_modules/ecc-jsbn Completed in 4017ms
4387 http fetch GET 200 https://registry.npmjs.org/dashdash/-/dashdash-1.14.1.tgz 3353ms (cache miss)
4388 http fetch GET 200 https://registry.npmjs.org/bcrypt-pbkdf/-/bcrypt-pbkdf-1.0.2.tgz 3353ms (cache miss)
4389 timing reifyNode:node_modules/bcrypt-pbkdf Completed in 4017ms
4390 http fetch GET 200 https://registry.npmjs.org/buffer-from/-/buffer-from-1.1.2.tgz 3351ms (cache miss)
4391 timing reifyNode:node_modules/buffer-from Completed in 4018ms
4392 http fetch GET 200 https://registry.npmjs.org/@kwsites/promise-deferred/-/promise-deferred-1.1.1.tgz 3328ms (cache miss)
4393 timing reifyNode:node_modules/@kwsites/promise-deferred Completed in 4018ms
4394 http fetch GET 200 https://registry.npmjs.org/@kwsites/file-exists/-/file-exists-1.1.1.tgz 3327ms (cache miss)
4395 http fetch GET 200 https://registry.npmjs.org/@vitest/utils/-/utils-2.1.9.tgz 3525ms (cache miss)
4396 http fetch GET 200 https://registry.npmjs.org/supports-preserve-symlinks-flag/-/supports-preserve-symlinks-flag-1.0.0.tgz 3358ms (cache miss)
4397 timing reifyNode:node_modules/supports-preserve-symlinks-flag Completed in 4052ms
4398 http fetch GET 200 https://registry.npmjs.org/is-core-module/-/is-core-module-2.16.1.tgz 3358ms (cache miss)
4399 http fetch GET 200 https://registry.npmjs.org/@protobufjs/pool/-/pool-1.1.0.tgz 3356ms (cache miss)
4400 timing reifyNode:node_modules/@protobufjs/pool Completed in 4052ms
4401 http fetch GET 200 https://registry.npmjs.org/@protobufjs/path/-/path-1.1.2.tgz 3356ms (cache miss)
4402 timing reifyNode:node_modules/@protobufjs/path Completed in 4053ms
4403 http fetch GET 200 https://registry.npmjs.org/@protobufjs/utf8/-/utf8-1.1.0.tgz 3358ms (cache miss)
4404 timing reifyNode:node_modules/@protobufjs/utf8 Completed in 4053ms
4405 timing reifyNode:node_modules/node-fetch Completed in 4121ms
4406 timing reifyNode:node_modules/asn1 Completed in 4120ms
4407 http fetch GET 200 https://registry.npmjs.org/@protobufjs/codegen/-/codegen-2.0.4.tgz 3420ms (cache miss)
4408 timing reifyNode:node_modules/@protobufjs/codegen Completed in 4120ms
4409 http fetch GET 200 https://registry.npmjs.org/@protobufjs/float/-/float-1.0.2.tgz 3423ms (cache miss)
4410 timing reifyNode:node_modules/@protobufjs/float Completed in 4121ms
4411 http fetch GET 200 https://registry.npmjs.org/@protobufjs/fetch/-/fetch-1.1.0.tgz 3422ms (cache miss)
4412 timing reifyNode:node_modules/@protobufjs/fetch Completed in 4121ms
4413 http fetch GET 200 https://registry.npmjs.org/@protobufjs/inquire/-/inquire-1.1.0.tgz 3424ms (cache miss)
4414 http fetch GET 200 https://registry.npmjs.org/@protobufjs/eventemitter/-/eventemitter-1.1.0.tgz 3421ms (cache miss)
4415 timing reifyNode:node_modules/@protobufjs/eventemitter Completed in 4121ms
4416 http fetch GET 200 https://registry.npmjs.org/@protobufjs/base64/-/base64-1.1.2.tgz 3420ms (cache miss)
4417 timing reifyNode:node_modules/@protobufjs/base64 Completed in 4122ms
4418 http fetch GET 200 https://registry.npmjs.org/@protobufjs/aspromise/-/aspromise-1.1.2.tgz 3420ms (cache miss)
4419 timing reifyNode:node_modules/@protobufjs/aspromise Completed in 4122ms
4420 http fetch GET 200 https://registry.npmjs.org/sisteransi/-/sisteransi-1.0.5.tgz 3402ms (cache miss)
4421 timing reifyNode:node_modules/sisteransi Completed in 4122ms
4422 timing reifyNode:node_modules/dashdash Completed in 4156ms
4423 http fetch GET 200 https://registry.npmjs.org/lines-and-columns/-/lines-and-columns-1.2.4.tgz 3434ms (cache miss)
4424 timing reifyNode:node_modules/lines-and-columns Completed in 4157ms
4425 http fetch GET 200 https://registry.npmjs.org/is-arrayish/-/is-arrayish-0.2.1.tgz 3434ms (cache miss)
4426 timing reifyNode:node_modules/is-arrayish Completed in 4157ms
4427 http fetch GET 200 https://registry.npmjs.org/json-parse-even-better-errors/-/json-parse-even-better-errors-2.3.1.tgz 3433ms (cache miss)
4428 timing reifyNode:node_modules/json-parse-even-better-errors Completed in 4157ms
4429 http fetch GET 200 https://registry.npmjs.org/process/-/process-0.11.10.tgz 3436ms (cache miss)
4430 timing reifyNode:node_modules/process Completed in 4158ms
4431 http fetch GET 200 https://registry.npmjs.org/react-is/-/react-is-18.3.1.tgz 3437ms (cache miss)
4432 timing reifyNode:node_modules/@vitest/utils Completed in 4221ms
4433 timing reifyNode:node_modules/is-core-module Completed in 4235ms
4434 timing reifyNode:node_modules/@protobufjs/inquire Completed in 4236ms
4435 http fetch GET 200 https://registry.npmjs.org/kleur/-/kleur-3.0.3.tgz 3516ms (cache miss)
4436 timing reifyNode:node_modules/kleur Completed in 4236ms
4437 timing reifyNode:node_modules/react-is Completed in 4236ms
4438 http fetch GET 200 https://registry.npmjs.org/log-symbols/-/log-symbols-6.0.0.tgz 3508ms (cache miss)
4439 timing reifyNode:node_modules/log-symbols Completed in 4235ms
4440 http fetch GET 200 https://registry.npmjs.org/yocto-queue/-/yocto-queue-0.1.0.tgz 3512ms (cache miss)
4441 timing reifyNode:node_modules/yocto-queue Completed in 4237ms
4442 http fetch GET 200 https://registry.npmjs.org/restore-cursor/-/restore-cursor-5.1.0.tgz 3511ms (cache miss)
4443 timing reifyNode:node_modules/restore-cursor Completed in 4237ms
4444 http fetch GET 200 https://registry.npmjs.org/is-unicode-supported/-/is-unicode-supported-2.1.0.tgz 3509ms (cache miss)
4445 timing reifyNode:node_modules/is-unicode-supported Completed in 4236ms
4446 http fetch GET 200 https://registry.npmjs.org/is-interactive/-/is-interactive-2.0.0.tgz 3508ms (cache miss)
4447 timing reifyNode:node_modules/is-interactive Completed in 4236ms
4448 http fetch GET 200 https://registry.npmjs.org/stdin-discarder/-/stdin-discarder-0.2.2.tgz 3511ms (cache miss)
4449 timing reifyNode:node_modules/stdin-discarder Completed in 4237ms
4450 http fetch GET 200 https://registry.npmjs.org/@vitest/mocker/-/mocker-2.1.9.tgz 3769ms (cache miss)
4451 http fetch GET 200 https://registry.npmjs.org/humanize/-/humanize-0.0.9.tgz 3566ms (cache miss)
4452 http fetch GET 200 https://registry.npmjs.org/call-bound/-/call-bound-1.0.4.tgz 3567ms (cache miss)
4453 http fetch GET 200 https://registry.npmjs.org/node-opcua-packet-assembler/-/node-opcua-packet-assembler-2.157.0.tgz 3564ms (cache miss)
4454 http fetch GET 200 https://registry.npmjs.org/mimic-fn/-/mimic-fn-2.1.0.tgz 3575ms (cache miss)
4455 timing reifyNode:node_modules/mimic-fn Completed in 4306ms
4456 http fetch GET 200 https://registry.npmjs.org/error-ex/-/error-ex-1.3.4.tgz 3632ms (cache miss)
4457 timing reifyNode:node_modules/error-ex Completed in 4357ms
4458 http fetch GET 200 https://registry.npmjs.org/cli-cursor/-/cli-cursor-5.0.0.tgz 3628ms (cache miss)
4459 timing reifyNode:node_modules/cli-cursor Completed in 4357ms
4460 http fetch GET 200 https://registry.npmjs.org/precond/-/precond-0.2.3.tgz 3615ms (cache miss)
4461 timing reifyNode:node_modules/precond Completed in 4357ms
4462 http fetch GET 200 https://registry.npmjs.org/readdirp/-/readdirp-4.1.2.tgz 3598ms (cache miss)
4463 http fetch GET 200 https://registry.npmjs.org/backoff/-/backoff-2.5.0.tgz 3600ms (cache miss)
4464 timing reifyNode:node_modules/call-bound Completed in 4408ms
4465 timing reifyNode:node_modules/humanize Completed in 4408ms
4466 http fetch GET 200 https://registry.npmjs.org/@types/async/-/async-3.2.25.tgz 3668ms (cache miss)
4467 timing reifyNode:node_modules/@types/async Completed in 4408ms
4468 http fetch GET 200 https://registry.npmjs.org/yauzl/-/yauzl-3.2.0.tgz 3648ms (cache miss)
4469 timing reifyNode:node_modules/yauzl Completed in 4409ms
4470 http fetch GET 200 https://registry.npmjs.org/wget-improved-2/-/wget-improved-2-3.3.0.tgz 3649ms (cache miss)
4471 http fetch GET 200 https://registry.npmjs.org/progress/-/progress-2.0.3.tgz 3647ms (cache miss)
4472 timing reifyNode:node_modules/progress Completed in 4409ms
4473 http fetch GET 200 https://registry.npmjs.org/byline/-/byline-5.0.0.tgz 3647ms (cache miss)
4474 timing reifyNode:node_modules/byline Completed in 4410ms
4475 timing reifyNode:node_modules/@vitest/mocker Completed in 4458ms
4476 timing reifyNode:node_modules/node-opcua-packet-assembler Completed in 4455ms
4477 timing reifyNode:node_modules/readdirp Completed in 4455ms
4478 http fetch GET 200 https://registry.npmjs.org/node-opcua-chunkmanager/-/node-opcua-chunkmanager-2.158.0.tgz 3699ms (cache miss)
4479 http fetch GET 200 https://registry.npmjs.org/object-keys/-/object-keys-1.1.1.tgz 3692ms (cache miss)
4480 http fetch GET 200 https://registry.npmjs.org/is-nan/-/is-nan-1.3.2.tgz 3687ms (cache miss)
4481 http fetch GET 200 https://registry.npmjs.org/call-bind/-/call-bind-1.0.8.tgz 3686ms (cache miss)
4482 http fetch GET 200 https://registry.npmjs.org/object-is/-/object-is-1.1.6.tgz 3688ms (cache miss)
4483 http fetch GET 200 https://registry.npmjs.org/define-data-property/-/define-data-property-1.1.4.tgz 3691ms (cache miss)
4484 http fetch GET 200 https://registry.npmjs.org/util/-/util-0.12.5.tgz 3689ms (cache miss)
4485 timing reifyNode:node_modules/util Completed in 4458ms
4486 http fetch GET 200 https://registry.npmjs.org/has-property-descriptors/-/has-property-descriptors-1.0.2.tgz 3743ms (cache miss)
4487 http fetch GET 200 https://registry.npmjs.org/set-function-length/-/set-function-length-1.2.2.tgz 3742ms (cache miss)
4488 http fetch GET 200 https://registry.npmjs.org/define-properties/-/define-properties-1.2.1.tgz 3743ms (cache miss)
4489 timing reifyNode:node_modules/has-property-descriptors Completed in 4570ms
4490 timing reifyNode:node_modules/define-properties Completed in 4571ms
4491 http fetch GET 200 https://registry.npmjs.org/@peculiar/asn1-pkcs8/-/asn1-pkcs8-2.6.0.tgz 3794ms (cache miss)
4492 http fetch GET 200 https://registry.npmjs.org/pvutils/-/pvutils-1.1.5.tgz 3799ms (cache miss)
4493 timing reifyNode:node_modules/pvutils Completed in 4570ms
4494 http fetch GET 200 https://registry.npmjs.org/@peculiar/asn1-rsa/-/asn1-rsa-2.6.0.tgz 3791ms (cache miss)
4495 http fetch GET 200 https://registry.npmjs.org/@peculiar/asn1-pfx/-/asn1-pfx-2.6.0.tgz 3794ms (cache miss)
4496 http fetch GET 200 https://registry.npmjs.org/tweetnacl/-/tweetnacl-0.14.5.tgz 3964ms (cache miss)
4497 http fetch GET 200 https://registry.npmjs.org/@peculiar/asn1-x509-attr/-/asn1-x509-attr-2.6.0.tgz 3846ms (cache miss)
4498 http fetch GET 200 https://registry.npmjs.org/@peculiar/asn1-pkcs9/-/asn1-pkcs9-2.6.0.tgz 3844ms (cache miss)
4499 http fetch GET 200 https://registry.npmjs.org/@peculiar/asn1-csr/-/asn1-csr-2.6.0.tgz 3822ms (cache miss)
4500 http fetch GET 200 https://registry.npmjs.org/@peculiar/asn1-cms/-/asn1-cms-2.6.0.tgz 3822ms (cache miss)
4501 http fetch GET 200 https://registry.npmjs.org/any-promise/-/any-promise-1.3.0.tgz 4127ms (cache miss)
4502 timing reifyNode:node_modules/wget-improved-2 Completed in 4673ms
4503 timing reifyNode:node_modules/set-function-length Completed in 4673ms
4504 http fetch GET 200 https://registry.npmjs.org/@types/asn1/-/asn1-0.2.4.tgz 3902ms (cache miss)
4505 timing reifyNode:node_modules/@types/asn1 Completed in 4674ms
4506 http fetch GET 200 https://registry.npmjs.org/pvtsutils/-/pvtsutils-1.3.6.tgz 3867ms (cache miss)
4507 timing reifyNode:node_modules/pvtsutils Completed in 4674ms
4508 timing reifyNode:node_modules/tweetnacl Completed in 4735ms
4509 timing reifyNode:node_modules/@kwsites/file-exists Completed in 4736ms
4510 timing reifyNode:node_modules/object-keys Completed in 4735ms
4511 timing reifyNode:node_modules/call-bind Completed in 4735ms
4512 http fetch GET 200 https://registry.npmjs.org/@peculiar/json-schema/-/json-schema-1.1.12.tgz 3931ms (cache miss)
4513 http fetch GET 200 https://registry.npmjs.org/thenify/-/thenify-3.3.1.tgz 3925ms (cache miss)
4514 timing reifyNode:node_modules/thenify Completed in 4724ms
4515 http fetch GET 200 https://registry.npmjs.org/path-scurry/-/path-scurry-1.11.1.tgz 4353ms (cache miss)
4516 http fetch GET 200 https://registry.npmjs.org/retry/-/retry-0.12.0.tgz 4051ms (cache miss)
4517 timing reifyNode:node_modules/define-data-property Completed in 4786ms
4518 http fetch GET 200 https://registry.npmjs.org/@types/sshpk/-/sshpk-1.17.4.tgz 3974ms (cache miss)
4519 timing reifyNode:node_modules/@types/sshpk Completed in 4770ms
4520 http fetch GET 200 https://registry.npmjs.org/proper-lockfile/-/proper-lockfile-4.1.2.tgz 3958ms (cache miss)
4521 http fetch GET 200 https://registry.npmjs.org/@types/proper-lockfile/-/proper-lockfile-4.1.4.tgz 3957ms (cache miss)
4522 timing reifyNode:node_modules/@types/proper-lockfile Completed in 4771ms
4523 timing reifyNode:node_modules/any-promise Completed in 4843ms
4524 timing reifyNode:node_modules/proper-lockfile Completed in 4825ms
4525 http fetch GET 200 https://registry.npmjs.org/env-paths/-/env-paths-2.2.1.tgz 4007ms (cache miss)
4526 timing reifyNode:node_modules/env-paths Completed in 4824ms
4527 http fetch GET 200 https://registry.npmjs.org/node-opcua-guid/-/node-opcua-guid-2.157.0.tgz 4007ms (cache miss)
4528 http fetch GET 200 https://registry.npmjs.org/@types/retry/-/retry-0.12.5.tgz 4014ms (cache miss)
4529 timing reifyNode:node_modules/@types/retry Completed in 4826ms
4530 http fetch GET 200 https://registry.npmjs.org/webcrypto-core/-/webcrypto-core-1.8.1.tgz 4083ms (cache miss)
4531 http fetch GET 200 https://registry.npmjs.org/hexy/-/hexy-0.3.5.tgz 4079ms (cache miss)
4532 timing reifyNode:node_modules/node-opcua-guid Completed in 4874ms
4533 http fetch GET 200 https://registry.npmjs.org/mkdirp/-/mkdirp-1.0.4.tgz 4058ms (cache miss)
4534 http fetch GET 200 https://registry.npmjs.org/node-opcua-buffer-utils/-/node-opcua-buffer-utils-2.157.0.tgz 4055ms (cache miss)
4535 http fetch GET 200 https://registry.npmjs.org/thenify-ex/-/thenify-ex-4.4.0.tgz 4053ms (cache miss)
4536 http fetch GET 200 https://registry.npmjs.org/node-opcua-object-registry/-/node-opcua-object-registry-2.157.0.tgz 4032ms (cache miss)
4537 http fetch GET 200 https://registry.npmjs.org/xml-writer/-/xml-writer-1.7.0.tgz 4055ms (cache miss)
4538 timing reifyNode:node_modules/path-scurry Completed in 4942ms
4539 timing reifyNode:node_modules/retry Completed in 4936ms
4540 timing reifyNode:node_modules/is-nan Completed in 4936ms
4541 timing reifyNode:node_modules/object-is Completed in 4936ms
4542 timing reifyNode:node_modules/@peculiar/asn1-pkcs9 Completed in 4936ms
4543 timing reifyNode:node_modules/node-opcua-buffer-utils Completed in 4919ms
4544 timing reifyNode:node_modules/thenify-ex Completed in 4920ms
4545 http fetch GET 200 https://registry.npmjs.org/node-opcua-extension-object/-/node-opcua-extension-object-2.158.0.tgz 4084ms (cache miss)
4546 http fetch GET 200 https://registry.npmjs.org/node-opcua-date-time/-/node-opcua-date-time-2.157.0.tgz 4083ms (cache miss)
4547 http fetch GET 200 https://registry.npmjs.org/dequeue/-/dequeue-1.0.5.tgz 4079ms (cache miss)
4548 timing reifyNode:node_modules/dequeue Completed in 4932ms
4549 http fetch GET 200 https://registry.npmjs.org/@ster5/global-mutex/-/global-mutex-2.0.0.tgz 4117ms (cache miss)
4550 http fetch GET 200 https://registry.npmjs.org/magic-string/-/magic-string-0.30.21.tgz 4444ms (cache miss)
4551 http fetch GET 200 https://registry.npmjs.org/chokidar/-/chokidar-4.0.3.tgz 4205ms (cache miss)
4552 timing reifyNode:node_modules/webcrypto-core Completed in 4967ms
4553 timing reifyNode:node_modules/mkdirp Completed in 4952ms
4554 timing reifyNode:node_modules/node-opcua-object-registry Completed in 4952ms
4555 timing reifyNode:node_modules/@ster5/global-mutex Completed in 4954ms
4556 http fetch GET 200 https://registry.npmjs.org/node-opcua-vendor-diagnostic/-/node-opcua-vendor-diagnostic-2.160.0.tgz 4085ms (cache miss)
4557 http fetch GET 200 https://registry.npmjs.org/readable-stream/-/readable-stream-3.6.2.tgz 4422ms (cache miss)
4558 http fetch GET 200 https://registry.npmjs.org/dockerode/-/dockerode-3.3.5.tgz 4396ms (cache miss)
4559 timing reifyNode:node_modules/backoff Completed in 5024ms
4560 timing reifyNode:node_modules/hexy Completed in 5021ms
4561 http fetch GET 200 https://registry.npmjs.org/node-opcua-service-session/-/node-opcua-service-session-2.159.0.tgz 4134ms (cache miss)
4562 http fetch GET 200 https://registry.npmjs.org/node-opcua-service-subscription/-/node-opcua-service-subscription-2.160.0.tgz 4136ms (cache miss)
4563 http fetch GET 200 https://registry.npmjs.org/node-opcua-service-register-node/-/node-opcua-service-register-node-2.159.0.tgz 4109ms (cache miss)
4564 timing reifyNode:node_modules/node-opcua-service-register-node Completed in 5022ms
4565 http fetch GET 200 https://registry.npmjs.org/node-opcua-service-read/-/node-opcua-service-read-2.159.0.tgz 4112ms (cache miss)
4566 timing reifyNode:node_modules/node-opcua-service-read Completed in 5023ms
4567 http fetch GET 200 https://registry.npmjs.org/node-opcua-service-query/-/node-opcua-service-query-2.159.0.tgz 4109ms (cache miss)
4568 timing reifyNode:node_modules/node-opcua-service-query Completed in 5023ms
4569 timing reifyNode:node_modules/magic-string Completed in 5082ms
4570 timing reifyNode:node_modules/node-opcua-extension-object Completed in 5071ms
4571 timing reifyNode:node_modules/node-opcua-vendor-diagnostic Completed in 5072ms
4572 timing reifyNode:node_modules/node-opcua-service-session Completed in 5072ms
4573 http fetch GET 200 https://registry.npmjs.org/node-opcua-service-write/-/node-opcua-service-write-2.159.0.tgz 4196ms (cache miss)
4574 timing reifyNode:node_modules/node-opcua-service-write Completed in 5073ms
4575 http fetch GET 200 https://registry.npmjs.org/node-opcua-service-node-management/-/node-opcua-service-node-management-2.159.0.tgz 4158ms (cache miss)
4576 timing reifyNode:node_modules/node-opcua-service-node-management Completed in 5074ms
4577 http fetch GET 200 https://registry.npmjs.org/node-opcua-service-history/-/node-opcua-service-history-2.159.0.tgz 4157ms (cache miss)
4578 http fetch GET 200 https://registry.npmjs.org/node-opcua-service-endpoints/-/node-opcua-service-endpoints-2.159.0.tgz 4155ms (cache miss)
4579 timing reifyNode:node_modules/node-opcua-service-endpoints Completed in 5074ms
4580 http fetch GET 200 https://registry.npmjs.org/node-opcua-service-browse/-/node-opcua-service-browse-2.159.0.tgz 4152ms (cache miss)
4581 timing reifyNode:node_modules/node-opcua-service-browse Completed in 5073ms
4582 http fetch GET 200 https://registry.npmjs.org/node-opcua-service-discovery/-/node-opcua-service-discovery-2.159.0.tgz 4154ms (cache miss)
4583 timing reifyNode:node_modules/node-opcua-chunkmanager Completed in 5157ms
4584 timing reifyNode:node_modules/chokidar Completed in 5158ms
4585 timing reifyNode:node_modules/@peculiar/asn1-pkcs8 Completed in 5157ms
4586 http fetch GET 200 https://registry.npmjs.org/tslib/-/tslib-2.8.1.tgz 4352ms (cache miss)
4587 http fetch GET 200 https://registry.npmjs.org/@peculiar/webcrypto/-/webcrypto-1.5.0.tgz 4344ms (cache miss)
4588 timing reifyNode:node_modules/node-opcua-service-history Completed in 5160ms
4589 http fetch GET 200 https://registry.npmjs.org/node-opcua-service-call/-/node-opcua-service-call-2.159.0.tgz 4235ms (cache miss)
4590 timing reifyNode:node_modules/readable-stream Completed in 5213ms
4591 timing reifyNode:node_modules/dockerode Completed in 5215ms
4592 http fetch GET 200 https://registry.npmjs.org/assert/-/assert-2.1.0.tgz 4401ms (cache miss)
4593 http fetch GET 200 https://registry.npmjs.org/node-opcua-hostname/-/node-opcua-hostname-2.157.0.tgz 4248ms (cache miss)
4594 http fetch GET 200 https://registry.npmjs.org/node-opcua-enum/-/node-opcua-enum-2.157.0.tgz 4246ms (cache miss)
4595 http fetch GET 200 https://registry.npmjs.org/node-opcua-data-access/-/node-opcua-data-access-2.159.0.tgz 4224ms (cache miss)
4596 http fetch GET 200 https://registry.npmjs.org/asn1js/-/asn1js-3.0.7.tgz 4460ms (cache miss)
4597 timing reifyNode:node_modules/@peculiar/asn1-csr Completed in 5265ms
4598 http fetch GET 200 https://registry.npmjs.org/node-opcua-nodeid/-/node-opcua-nodeid-2.157.0.tgz 4300ms (cache miss)
4599 http fetch GET 200 https://registry.npmjs.org/node-opcua-common/-/node-opcua-common-2.159.0.tgz 4270ms (cache miss)
4600 http fetch GET 200 https://registry.npmjs.org/node-opcua-certificate-manager/-/node-opcua-certificate-manager-2.160.0.tgz 4271ms (cache miss)
4601 http fetch GET 200 https://registry.npmjs.org/docker-compose/-/docker-compose-0.24.8.tgz 4689ms (cache miss)
4602 http fetch GET 200 https://registry.npmjs.org/object.assign/-/object.assign-4.1.7.tgz 4549ms (cache miss)
4603 timing reifyNode:node_modules/tslib Completed in 5317ms
4604 timing reifyNode:node_modules/@peculiar/webcrypto Completed in 5302ms
4605 timing reifyNode:node_modules/node-opcua-service-subscription Completed in 5302ms
4606 timing reifyNode:node_modules/node-opcua-service-call Completed in 5302ms
4607 timing reifyNode:node_modules/asn1js Completed in 5369ms
4608 timing reifyNode:node_modules/assert Completed in 5354ms
4609 timing reifyNode:node_modules/node-opcua-hostname Completed in 5354ms
4610 timing reifyNode:node_modules/node-opcua-enum Completed in 5355ms
4611 http fetch GET 200 https://registry.npmjs.org/concat-map/-/concat-map-0.0.1.tgz 4361ms (cache miss)
4612 timing reifyNode:node_modules/concat-map Completed in 5356ms
4613 http fetch GET 200 https://registry.npmjs.org/node-opcua-assert/-/node-opcua-assert-2.157.0.tgz 4368ms (cache miss)
4614 timing reifyNode:node_modules/node-opcua-assert Completed in 5356ms
4615 http fetch GET 200 https://registry.npmjs.org/@types/semver/-/semver-7.7.1.tgz 4362ms (cache miss)
4616 http fetch GET 200 https://registry.npmjs.org/balanced-match/-/balanced-match-1.0.2.tgz 4360ms (cache miss)
4617 timing reifyNode:node_modules/balanced-match Completed in 5357ms
4618 http fetch GET 200 https://registry.npmjs.org/brace-expansion/-/brace-expansion-1.1.12.tgz 4359ms (cache miss)
4619 timing reifyNode:node_modules/brace-expansion Completed in 5357ms
4620 http fetch GET 200 https://registry.npmjs.org/to-regex-range/-/to-regex-range-5.0.1.tgz 4356ms (cache miss)
4621 timing reifyNode:node_modules/to-regex-range Completed in 5356ms
4622 http fetch GET 200 https://registry.npmjs.org/logform/-/logform-2.7.0.tgz 4949ms (cache miss)
4623 http fetch GET 200 https://registry.npmjs.org/vite-node/-/vite-node-2.1.9.tgz 4906ms (cache miss)
4624 timing reifyNode:node_modules/docker-compose Completed in 5425ms
4625 timing reifyNode:node_modules/node-opcua-date-time Completed in 5407ms
4626 http fetch GET 200 https://registry.npmjs.org/yallist/-/yallist-3.1.1.tgz 4415ms (cache miss)
4627 timing reifyNode:node_modules/yallist Completed in 5419ms
4628 http fetch GET 200 https://registry.npmjs.org/fill-range/-/fill-range-7.1.1.tgz 4417ms (cache miss)
4629 timing reifyNode:node_modules/fill-range Completed in 5419ms
4630 timing reifyNode:node_modules/object.assign Completed in 5486ms
4631 http fetch GET 200 https://registry.npmjs.org/p-locate/-/p-locate-4.1.0.tgz 4470ms (cache miss)
4632 timing reifyNode:node_modules/p-locate Completed in 5477ms
4633 http fetch GET 200 https://registry.npmjs.org/natural-compare/-/natural-compare-1.4.0.tgz 4450ms (cache miss)
4634 timing reifyNode:node_modules/natural-compare Completed in 5478ms
4635 http fetch GET 200 https://registry.npmjs.org/@babel/plugin-syntax-jsx/-/plugin-syntax-jsx-7.28.6.tgz 4422ms (cache miss)
4636 timing reifyNode:node_modules/@babel/plugin-syntax-jsx Completed in 5478ms
4637 http fetch GET 200 https://registry.npmjs.org/callsites/-/callsites-3.1.0.tgz 4421ms (cache miss)
4638 timing reifyNode:node_modules/callsites Completed in 5478ms
4639 http fetch GET 200 https://registry.npmjs.org/node-opcua-numeric-range/-/node-opcua-numeric-range-2.158.0.tgz 4564ms (cache miss)
4640 timing reifyNode:node_modules/logform Completed in 5539ms
4641 timing reifyNode:node_modules/node-opcua-common Completed in 5533ms
4642 http fetch GET 200 https://registry.npmjs.org/@babel/plugin-syntax-typescript/-/plugin-syntax-typescript-7.28.6.tgz 4478ms (cache miss)
4643 timing reifyNode:node_modules/@babel/plugin-syntax-typescript Completed in 5533ms
4644 http fetch GET 200 https://registry.npmjs.org/leven/-/leven-3.1.0.tgz 4507ms (cache miss)
4645 timing reifyNode:node_modules/leven Completed in 5534ms
4646 http fetch GET 200 https://registry.npmjs.org/strip-bom/-/strip-bom-4.0.0.tgz 4476ms (cache miss)
4647 timing reifyNode:node_modules/strip-bom Completed in 5534ms
4648 http fetch GET 200 https://registry.npmjs.org/@jest/source-map/-/source-map-29.6.3.tgz 4475ms (cache miss)
4649 timing reifyNode:node_modules/@jest/source-map Completed in 5534ms
4650 timing reifyNode:node_modules/vite-node Completed in 5591ms
4651 http fetch GET 200 https://registry.npmjs.org/node-opcua-service-secure-channel/-/node-opcua-service-secure-channel-2.159.0.tgz 4684ms (cache miss)
4652 http fetch GET 200 https://registry.npmjs.org/braces/-/braces-3.0.3.tgz 4568ms (cache miss)
4653 http fetch GET 200 https://registry.npmjs.org/jest-docblock/-/jest-docblock-29.7.0.tgz 4520ms (cache miss)
4654 timing reifyNode:node_modules/jest-docblock Completed in 5582ms
4655 http fetch GET 200 https://registry.npmjs.org/detect-newline/-/detect-newline-3.1.0.tgz 4521ms (cache miss)
4656 timing reifyNode:node_modules/detect-newline Completed in 5583ms
4657 http fetch GET 200 https://registry.npmjs.org/jest-leak-detector/-/jest-leak-detector-29.7.0.tgz 4521ms (cache miss)
4658 timing reifyNode:node_modules/jest-leak-detector Completed in 5583ms
4659 http fetch GET 200 https://registry.npmjs.org/@jest/globals/-/globals-29.7.0.tgz 4523ms (cache miss)
4660 timing reifyNode:node_modules/@jest/globals Completed in 5583ms
4661 http fetch GET 200 https://registry.npmjs.org/emittery/-/emittery-0.13.1.tgz 4520ms (cache miss)
4662 timing reifyNode:node_modules/emittery Completed in 5583ms
4663 timing reifyNode:node_modules/xml-writer Completed in 5624ms
4664 timing reifyNode:node_modules/node-opcua-certificate-manager Completed in 5624ms
4665 http fetch GET 200 https://registry.npmjs.org/bser/-/bser-2.1.1.tgz 4540ms (cache miss)
4666 timing reifyNode:node_modules/bser Completed in 5625ms
4667 timing reifyNode:node_modules/node-opcua-numeric-range Completed in 5700ms
4668 http fetch GET 200 https://registry.npmjs.org/@peculiar/asn1-ecc/-/asn1-ecc-2.6.0.tgz 4918ms (cache miss)
4669 http fetch GET 200 https://registry.npmjs.org/node-opcua-service-translate-browse-path/-/node-opcua-service-translate-browse-path-2.159.0.tgz 4825ms (cache miss)
4670 http fetch GET 200 https://registry.npmjs.org/node-opcua-binary-stream/-/node-opcua-binary-stream-2.157.0.tgz 4736ms (cache miss)
4671 http fetch GET 200 https://registry.npmjs.org/mime-db/-/mime-db-1.52.0.tgz 4723ms (cache miss)
4672 timing reifyNode:node_modules/braces Completed in 5722ms
4673 http fetch GET 200 https://registry.npmjs.org/jest-pnp-resolver/-/jest-pnp-resolver-1.2.3.tgz 4658ms (cache miss)
4674 timing reifyNode:node_modules/jest-pnp-resolver Completed in 5723ms
4675 http fetch GET 200 https://registry.npmjs.org/resolve.exports/-/resolve.exports-2.0.3.tgz 4659ms (cache miss)
4676 timing reifyNode:node_modules/resolve.exports Completed in 5723ms
4677 http fetch GET 200 https://registry.npmjs.org/node-int64/-/node-int64-0.4.0.tgz 4656ms (cache miss)
4678 timing reifyNode:node_modules/node-int64 Completed in 5724ms
4679 http fetch GET 200 https://registry.npmjs.org/diff-sequences/-/diff-sequences-29.6.3.tgz 4657ms (cache miss)
4680 timing reifyNode:node_modules/diff-sequences Completed in 5724ms
4681 http fetch GET 200 https://registry.npmjs.org/@types/stack-utils/-/stack-utils-2.0.3.tgz 4659ms (cache miss)
4682 timing reifyNode:node_modules/@types/stack-utils Completed in 5725ms
4683 http fetch GET 200 https://registry.npmjs.org/normalize-path/-/normalize-path-3.0.0.tgz 4638ms (cache miss)
4684 timing reifyNode:node_modules/normalize-path Completed in 5725ms
4685 http fetch GET 200 https://registry.npmjs.org/anymatch/-/anymatch-3.1.3.tgz 4637ms (cache miss)
4686 timing reifyNode:node_modules/anymatch Completed in 5725ms
4687 http fetch GET 200 https://registry.npmjs.org/walker/-/walker-1.0.8.tgz 4639ms (cache miss)
4688 timing reifyNode:node_modules/walker Completed in 5726ms
4689 http fetch GET 200 https://registry.npmjs.org/@types/graceful-fs/-/graceful-fs-4.1.9.tgz 4637ms (cache miss)
4690 timing reifyNode:node_modules/@types/graceful-fs Completed in 5725ms
4691 timing reifyNode:node_modules/node-opcua-service-secure-channel Completed in 5847ms
4692 http fetch GET 200 https://registry.npmjs.org/node-opcua-server-discovery/-/node-opcua-server-discovery-2.160.0.tgz 4925ms (cache miss)
4693 http fetch GET 200 https://registry.npmjs.org/fb-watchman/-/fb-watchman-2.0.2.tgz 4760ms (cache miss)
4694 timing reifyNode:node_modules/fb-watchman Completed in 5848ms
4695 http fetch GET 200 https://registry.npmjs.org/jest-mock/-/jest-mock-29.7.0.tgz 4754ms (cache miss)
4696 timing reifyNode:node_modules/jest-mock Completed in 5847ms
4697 http fetch GET 200 https://registry.npmjs.org/type-detect/-/type-detect-4.0.8.tgz 4757ms (cache miss)
4698 timing reifyNode:node_modules/type-detect Completed in 5847ms
4699 http fetch GET 200 https://registry.npmjs.org/@sinonjs/commons/-/commons-3.0.1.tgz 4757ms (cache miss)
4700 timing reifyNode:node_modules/tar-fs Completed in 5908ms
4701 timing reifyNode:node_modules/node-opcua-data-access Completed in 5891ms
4702 timing reifyNode:node_modules/node-opcua-nodeid Completed in 5891ms
4703 http fetch GET 200 https://registry.npmjs.org/is-generator-fn/-/is-generator-fn-2.1.0.tgz 4793ms (cache miss)
4704 timing reifyNode:node_modules/is-generator-fn Completed in 5891ms
4705 http fetch GET 200 https://registry.npmjs.org/@jest/expect-utils/-/expect-utils-29.7.0.tgz 4802ms (cache miss)
4706 http fetch GET 200 https://registry.npmjs.org/co/-/co-4.6.0.tgz 4791ms (cache miss)
4707 timing reifyNode:node_modules/co Completed in 5891ms
4708 timing reifyNode:node_modules/@peculiar/asn1-ecc Completed in 5923ms
4709 timing reifyNode:node_modules/node-opcua-service-translate-browse-path Completed in 5908ms
4710 timing reifyNode:node_modules/node-opcua-server-discovery Completed in 5907ms
4711 timing reifyNode:node_modules/node-opcua-binary-stream Completed in 5909ms
4712 timing reifyNode:node_modules/mime-db Completed in 5908ms
4713 http fetch GET 200 https://registry.npmjs.org/cjs-module-lexer/-/cjs-module-lexer-1.4.3.tgz 4850ms (cache miss)
4714 http fetch GET 200 https://registry.npmjs.org/@sinonjs/fake-timers/-/fake-timers-10.3.0.tgz 4817ms (cache miss)
4715 timing reifyNode:node_modules/@sinonjs/fake-timers Completed in 5908ms
4716 http fetch GET 200 https://registry.npmjs.org/@jest/fake-timers/-/fake-timers-29.7.0.tgz 4815ms (cache miss)
4717 timing reifyNode:node_modules/@jest/fake-timers Completed in 5908ms
4718 http fetch GET 200 https://registry.npmjs.org/stack-utils/-/stack-utils-2.0.6.tgz 4815ms (cache miss)
4719 timing reifyNode:node_modules/stack-utils Completed in 5909ms
4720 http fetch GET 200 https://registry.npmjs.org/jest-each/-/jest-each-29.7.0.tgz 4813ms (cache miss)
4721 http fetch GET 200 https://registry.npmjs.org/@babel/plugin-syntax-private-property-in-object/-/plugin-syntax-private-property-in-object-7.14.5.tgz 4806ms (cache miss)
4722 timing reifyNode:node_modules/@babel/plugin-syntax-private-property-in-object Completed in 5909ms
4723 timing reifyNode:node_modules/@jest/expect-utils Completed in 5910ms
4724 http fetch GET 200 https://registry.npmjs.org/sprintf-js/-/sprintf-js-1.0.3.tgz 4905ms (cache miss)
4725 http fetch GET 200 https://registry.npmjs.org/dedent/-/dedent-1.7.1.tgz 4826ms (cache miss)
4726 http fetch GET 200 https://registry.npmjs.org/jest-matcher-utils/-/jest-matcher-utils-29.7.0.tgz 4829ms (cache miss)
4727 timing reifyNode:node_modules/jest-matcher-utils Completed in 5926ms
4728 http fetch GET 200 https://registry.npmjs.org/@jest/expect/-/expect-29.7.0.tgz 4826ms (cache miss)
4729 timing reifyNode:node_modules/@jest/expect Completed in 5926ms
4730 http fetch GET 200 https://registry.npmjs.org/@jest/environment/-/environment-29.7.0.tgz 4825ms (cache miss)
4731 timing reifyNode:node_modules/@jest/environment Completed in 5926ms
4732 http fetch GET 200 https://registry.npmjs.org/@babel/plugin-syntax-top-level-await/-/plugin-syntax-top-level-await-7.14.5.tgz 4824ms (cache miss)
4733 timing reifyNode:node_modules/@babel/plugin-syntax-top-level-await Completed in 5926ms
4734 http fetch GET 200 https://registry.npmjs.org/@babel/plugin-syntax-numeric-separator/-/plugin-syntax-numeric-separator-7.10.4.tgz 4821ms (cache miss)
4735 timing reifyNode:node_modules/@babel/plugin-syntax-numeric-separator Completed in 5927ms
4736 http fetch GET 200 https://registry.npmjs.org/@babel/plugin-syntax-optional-catch-binding/-/plugin-syntax-optional-catch-binding-7.8.3.tgz 4823ms (cache miss)
4737 timing reifyNode:node_modules/@babel/plugin-syntax-optional-catch-binding Completed in 5927ms
4738 http fetch GET 200 https://registry.npmjs.org/@babel/plugin-syntax-object-rest-spread/-/plugin-syntax-object-rest-spread-7.8.3.tgz 4822ms (cache miss)
4739 timing reifyNode:node_modules/@babel/plugin-syntax-object-rest-spread Completed in 5927ms
4740 http fetch GET 200 https://registry.npmjs.org/@babel/plugin-syntax-optional-chaining/-/plugin-syntax-optional-chaining-7.8.3.tgz 4824ms (cache miss)
4741 timing reifyNode:node_modules/@babel/plugin-syntax-optional-chaining Completed in 5927ms
4742 http fetch GET 200 https://registry.npmjs.org/@babel/plugin-syntax-nullish-coalescing-operator/-/plugin-syntax-nullish-coalescing-operator-7.8.3.tgz 4821ms (cache miss)
4743 timing reifyNode:node_modules/@babel/plugin-syntax-nullish-coalescing-operator Completed in 5928ms
4744 http fetch GET 200 https://registry.npmjs.org/node-opcua-data-value/-/node-opcua-data-value-2.159.0.tgz 5009ms (cache miss)
4745 http fetch GET 200 https://registry.npmjs.org/picomatch/-/picomatch-2.3.1.tgz 4881ms (cache miss)
4746 http fetch GET 200 https://registry.npmjs.org/@babel/plugin-syntax-json-strings/-/plugin-syntax-json-strings-7.8.3.tgz 4859ms (cache miss)
4747 timing reifyNode:node_modules/@babel/plugin-syntax-json-strings Completed in 5967ms
4748 http fetch GET 200 https://registry.npmjs.org/@babel/plugin-syntax-logical-assignment-operators/-/plugin-syntax-logical-assignment-operators-7.10.4.tgz 4860ms (cache miss)
4749 timing reifyNode:node_modules/@babel/plugin-syntax-logical-assignment-operators Completed in 5967ms
4750 http fetch GET 200 https://registry.npmjs.org/@babel/plugin-syntax-class-static-block/-/plugin-syntax-class-static-block-7.14.5.tgz 4857ms (cache miss)
4751 timing reifyNode:node_modules/@babel/plugin-syntax-class-static-block Completed in 5967ms
4752 http fetch GET 200 https://registry.npmjs.org/@babel/plugin-syntax-import-meta/-/plugin-syntax-import-meta-7.10.4.tgz 4859ms (cache miss)
4753 timing reifyNode:node_modules/@babel/plugin-syntax-import-meta Completed in 5968ms
4754 http fetch GET 200 https://registry.npmjs.org/@babel/plugin-syntax-bigint/-/plugin-syntax-bigint-7.8.3.tgz 4856ms (cache miss)
4755 timing reifyNode:node_modules/@babel/plugin-syntax-bigint Completed in 5968ms
4756 timing reifyNode:node_modules/cjs-module-lexer Completed in 6021ms
4757 http fetch GET 200 https://registry.npmjs.org/babel-plugin-jest-hoist/-/babel-plugin-jest-hoist-29.6.3.tgz 4907ms (cache miss)
4758 timing reifyNode:node_modules/babel-plugin-jest-hoist Completed in 6021ms
4759 http fetch GET 200 https://registry.npmjs.org/@babel/plugin-syntax-import-attributes/-/plugin-syntax-import-attributes-7.28.6.tgz 4912ms (cache miss)
4760 timing reifyNode:node_modules/@babel/plugin-syntax-import-attributes Completed in 6022ms
4761 http fetch GET 200 https://registry.npmjs.org/babel-preset-current-node-syntax/-/babel-preset-current-node-syntax-1.2.0.tgz 4909ms (cache miss)
4762 timing reifyNode:node_modules/babel-preset-current-node-syntax Completed in 6022ms
4763 http fetch GET 200 https://registry.npmjs.org/babel-preset-jest/-/babel-preset-jest-29.6.3.tgz 4898ms (cache miss)
4764 timing reifyNode:node_modules/babel-preset-jest Completed in 6022ms
4765 http fetch GET 200 https://registry.npmjs.org/@types/babel__core/-/babel__core-7.20.5.tgz 4898ms (cache miss)
4766 timing reifyNode:node_modules/@types/babel__core Completed in 6021ms
4767 http fetch GET 200 https://registry.npmjs.org/@babel/plugin-syntax-class-properties/-/plugin-syntax-class-properties-7.12.13.tgz 4911ms (cache miss)
4768 timing reifyNode:node_modules/@babel/plugin-syntax-class-properties Completed in 6022ms
4769 timing reifyNode:node_modules/sprintf-js Completed in 6057ms
4770 timing reifyNode:node_modules/dedent Completed in 6056ms
4771 http fetch GET 200 https://registry.npmjs.org/@babel/plugin-syntax-async-generators/-/plugin-syntax-async-generators-7.8.4.tgz 4943ms (cache miss)
4772 timing reifyNode:node_modules/@babel/plugin-syntax-async-generators Completed in 6057ms
4773 http fetch GET 200 https://registry.npmjs.org/@types/babel__template/-/babel__template-7.4.4.tgz 4935ms (cache miss)
4774 timing reifyNode:node_modules/@types/babel__template Completed in 6057ms
4775 http fetch GET 200 https://registry.npmjs.org/jest-get-type/-/jest-get-type-29.6.3.tgz 4930ms (cache miss)
4776 timing reifyNode:node_modules/jest-get-type Completed in 6056ms
4777 http fetch GET 200 https://registry.npmjs.org/strip-json-comments/-/strip-json-comments-3.1.1.tgz 4932ms (cache miss)
4778 timing reifyNode:node_modules/strip-json-comments Completed in 6056ms
4779 http fetch GET 200 https://registry.npmjs.org/@types/babel__generator/-/babel__generator-7.27.0.tgz 4934ms (cache miss)
4780 timing reifyNode:node_modules/@types/babel__generator Completed in 6058ms
4781 http fetch GET 200 https://registry.npmjs.org/jest-environment-node/-/jest-environment-node-29.7.0.tgz 4931ms (cache miss)
4782 timing reifyNode:node_modules/jest-environment-node Completed in 6057ms
4783 http fetch GET 200 https://registry.npmjs.org/parse-json/-/parse-json-5.2.0.tgz 4932ms (cache miss)
4784 timing reifyNode:node_modules/parse-json Completed in 6071ms
4785 timing reifyNode:node_modules/node-opcua-data-value Completed in 6105ms
4786 http fetch GET 200 https://registry.npmjs.org/jest-diff/-/jest-diff-29.7.0.tgz 5037ms (cache miss)
4787 timing reifyNode:node_modules/picomatch Completed in 6106ms
4788 timing reifyNode:node_modules/jest-each Completed in 6105ms
4789 http fetch GET 200 https://registry.npmjs.org/@types/babel__traverse/-/babel__traverse-7.28.0.tgz 4984ms (cache miss)
4790 timing reifyNode:node_modules/@types/babel__traverse Completed in 6105ms
4791 http fetch GET 200 https://registry.npmjs.org/which/-/which-2.0.2.tgz 4974ms (cache miss)
4792 timing reifyNode:node_modules/which Completed in 6105ms
4793 http fetch GET 200 https://registry.npmjs.org/create-jest/-/create-jest-29.7.0.tgz 4975ms (cache miss)
4794 http fetch GET 200 https://registry.npmjs.org/@jest/test-sequencer/-/test-sequencer-29.7.0.tgz 4976ms (cache miss)
4795 timing reifyNode:node_modules/@jest/test-sequencer Completed in 6105ms
4796 http fetch GET 200 https://registry.npmjs.org/shebang-command/-/shebang-command-2.0.0.tgz 4961ms (cache miss)
4797 timing reifyNode:node_modules/shebang-command Completed in 6106ms
4798 timing reifyNode:node_modules/@peculiar/json-schema Completed in 6138ms
4799 http fetch GET 200 https://registry.npmjs.org/path-key/-/path-key-3.1.1.tgz 4993ms (cache miss)
4800 timing reifyNode:node_modules/path-key Completed in 6137ms
4801 http fetch GET 200 https://registry.npmjs.org/strip-final-newline/-/strip-final-newline-2.0.0.tgz 4992ms (cache miss)
4802 timing reifyNode:node_modules/strip-final-newline Completed in 6137ms
4803 http fetch GET 200 https://registry.npmjs.org/signal-exit/-/signal-exit-3.0.7.tgz 4991ms (cache miss)
4804 timing reifyNode:node_modules/signal-exit Completed in 6137ms
4805 http fetch GET 200 https://registry.npmjs.org/is-stream/-/is-stream-2.0.1.tgz 4976ms (cache miss)
4806 timing reifyNode:node_modules/is-stream Completed in 6138ms
4807 http fetch GET 200 https://registry.npmjs.org/npm-run-path/-/npm-run-path-4.0.1.tgz 4978ms (cache miss)
4808 timing reifyNode:node_modules/npm-run-path Completed in 6138ms
4809 http fetch GET 200 https://registry.npmjs.org/onetime/-/onetime-5.1.2.tgz 4991ms (cache miss)
4810 timing reifyNode:node_modules/onetime Completed in 6138ms
4811 http fetch GET 200 https://registry.npmjs.org/babel-jest/-/babel-jest-29.7.0.tgz 5012ms (cache miss)
4812 timing reifyNode:node_modules/babel-jest Completed in 6155ms
4813 http fetch GET 200 https://registry.npmjs.org/merge-stream/-/merge-stream-2.0.0.tgz 4995ms (cache miss)
4814 timing reifyNode:node_modules/merge-stream Completed in 6155ms
4815 http fetch GET 200 https://registry.npmjs.org/cross-spawn/-/cross-spawn-7.0.6.tgz 4993ms (cache miss)
4816 timing reifyNode:node_modules/cross-spawn Completed in 6156ms
4817 http fetch GET 200 https://registry.npmjs.org/get-stream/-/get-stream-6.0.1.tgz 4993ms (cache miss)
4818 timing reifyNode:node_modules/get-stream Completed in 6156ms
4819 http fetch GET 200 https://registry.npmjs.org/p-limit/-/p-limit-3.1.0.tgz 4992ms (cache miss)
4820 timing reifyNode:node_modules/p-limit Completed in 6156ms
4821 http fetch GET 200 https://registry.npmjs.org/execa/-/execa-5.1.1.tgz 4991ms (cache miss)
4822 http fetch GET 200 https://registry.npmjs.org/html-escaper/-/html-escaper-2.0.2.tgz 4991ms (cache miss)
4823 timing reifyNode:node_modules/loupe Completed in 6195ms
4824 timing reifyNode:node_modules/jest-diff Completed in 6175ms
4825 http fetch GET 200 https://registry.npmjs.org/wrappy/-/wrappy-1.0.2.tgz 5006ms (cache miss)
4826 timing reifyNode:node_modules/wrappy Completed in 6174ms
4827 http fetch GET 200 https://registry.npmjs.org/resolve-cwd/-/resolve-cwd-3.0.0.tgz 5005ms (cache miss)
4828 timing reifyNode:node_modules/resolve-cwd Completed in 6175ms
4829 http fetch GET 200 https://registry.npmjs.org/once/-/once-1.4.0.tgz 5005ms (cache miss)
4830 timing reifyNode:node_modules/once Completed in 6175ms
4831 http fetch GET 200 https://registry.npmjs.org/path-is-absolute/-/path-is-absolute-1.0.1.tgz 5006ms (cache miss)
4832 timing reifyNode:node_modules/path-is-absolute Completed in 6175ms
4833 http fetch GET 200 https://registry.npmjs.org/make-dir/-/make-dir-4.0.0.tgz 5008ms (cache miss)
4834 timing reifyNode:node_modules/make-dir Completed in 6176ms
4835 http fetch GET 200 https://registry.npmjs.org/inherits/-/inherits-2.0.4.tgz 5005ms (cache miss)
4836 timing reifyNode:node_modules/inherits Completed in 6175ms
4837 http fetch GET 200 https://registry.npmjs.org/sterfive-bonjour-service/-/sterfive-bonjour-service-1.1.4.tgz 5473ms (cache miss)
4838 http fetch GET 200 https://registry.npmjs.org/deepmerge/-/deepmerge-4.3.1.tgz 5067ms (cache miss)
4839 http fetch GET 200 https://registry.npmjs.org/pkg-dir/-/pkg-dir-4.2.0.tgz 5021ms (cache miss)
4840 timing reifyNode:node_modules/pkg-dir Completed in 6196ms
4841 http fetch GET 200 https://registry.npmjs.org/locate-path/-/locate-path-5.0.0.tgz 5007ms (cache miss)
4842 timing reifyNode:node_modules/locate-path Completed in 6195ms
4843 http fetch GET 200 https://registry.npmjs.org/inflight/-/inflight-1.0.6.tgz 5025ms (cache miss)
4844 warn deprecated inflight@1.0.6: This module is not supported, and leaks memory. Do not use it. Check out lru-cache if you want a good and tested way to coalesce async requests by a key value, which is much more comprehensive and powerful.
4845 timing reifyNode:node_modules/inflight Completed in 6197ms
4846 http fetch GET 200 https://registry.npmjs.org/path-exists/-/path-exists-4.0.0.tgz 5026ms (cache miss)
4847 timing reifyNode:node_modules/path-exists Completed in 6198ms
4848 http fetch GET 200 https://registry.npmjs.org/ms/-/ms-2.1.3.tgz 5010ms (cache miss)
4849 timing reifyNode:node_modules/ms Completed in 6198ms
4850 http fetch GET 200 https://registry.npmjs.org/fs.realpath/-/fs.realpath-1.0.0.tgz 5027ms (cache miss)
4851 timing reifyNode:node_modules/fs.realpath Completed in 6198ms
4852 http fetch GET 200 https://registry.npmjs.org/esprima/-/esprima-4.0.1.tgz 5210ms (cache miss)
4853 timing reifyNode:node_modules/create-jest Completed in 6232ms
4854 http fetch GET 200 https://registry.npmjs.org/minimatch/-/minimatch-3.1.2.tgz 5059ms (cache miss)
4855 timing reifyNode:node_modules/minimatch Completed in 6233ms
4856 http fetch GET 200 https://registry.npmjs.org/update-browserslist-db/-/update-browserslist-db-1.2.3.tgz 5043ms (cache miss)
4857 timing reifyNode:node_modules/update-browserslist-db Completed in 6232ms
4858 http fetch GET 200 https://registry.npmjs.org/resolve-from/-/resolve-from-5.0.0.tgz 5039ms (cache miss)
4859 timing reifyNode:node_modules/resolve-from Completed in 6232ms
4860 http fetch GET 200 https://registry.npmjs.org/node-releases/-/node-releases-2.0.27.tgz 5042ms (cache miss)
4861 http fetch GET 200 https://registry.npmjs.org/postcss/-/postcss-8.5.6.tgz 5790ms (cache miss)
4862 timing reifyNode:node_modules/deepmerge Completed in 6267ms
4863 timing reifyNode:node_modules/html-escaper Completed in 6268ms
4864 timing reifyNode:node_modules/node-releases Completed in 6267ms
4865 http fetch GET 200 https://registry.npmjs.org/get-package-type/-/get-package-type-0.1.0.tgz 5073ms (cache miss)
4866 timing reifyNode:node_modules/get-package-type Completed in 6267ms
4867 http fetch GET 200 https://registry.npmjs.org/camelcase/-/camelcase-5.3.1.tgz 5071ms (cache miss)
4868 timing reifyNode:node_modules/camelcase Completed in 6268ms
4869 http fetch GET 200 https://registry.npmjs.org/find-up/-/find-up-4.1.0.tgz 5073ms (cache miss)
4870 timing reifyNode:node_modules/find-up Completed in 6268ms
4871 http fetch GET 200 https://registry.npmjs.org/@babel/helper-plugin-utils/-/helper-plugin-utils-7.28.6.tgz 5069ms (cache miss)
4872 timing reifyNode:node_modules/@babel/helper-plugin-utils Completed in 6268ms
4873 timing reifyNode:node_modules/sterfive-bonjour-service Completed in 6312ms
4874 timing reifyNode:node_modules/node-opcua-service-discovery Completed in 6313ms
4875 timing reifyNode:node_modules/esprima Completed in 6315ms
4876 http fetch GET 200 https://registry.npmjs.org/@types/yargs-parser/-/yargs-parser-21.0.3.tgz 5114ms (cache miss)
4877 timing reifyNode:node_modules/@types/yargs-parser Completed in 6314ms
4878 http fetch GET 200 https://registry.npmjs.org/@istanbuljs/load-nyc-config/-/load-nyc-config-1.1.0.tgz 5116ms (cache miss)
4879 timing reifyNode:node_modules/@istanbuljs/load-nyc-config Completed in 6315ms
4880 http fetch GET 200 https://registry.npmjs.org/@istanbuljs/schema/-/schema-0.1.3.tgz 5118ms (cache miss)
4881 timing reifyNode:node_modules/@istanbuljs/schema Completed in 6315ms
4882 http fetch GET 200 https://registry.npmjs.org/@types/istanbul-lib-report/-/istanbul-lib-report-3.0.3.tgz 5114ms (cache miss)
4883 timing reifyNode:node_modules/@types/istanbul-lib-report Completed in 6315ms
4884 http fetch GET 200 https://registry.npmjs.org/@jridgewell/resolve-uri/-/resolve-uri-3.1.2.tgz 5114ms (cache miss)
4885 http fetch GET 200 https://registry.npmjs.org/node-opcua-status-code/-/node-opcua-status-code-2.157.0.tgz 5465ms (cache miss)
4886 http fetch GET 200 https://registry.npmjs.org/test-exclude/-/test-exclude-6.0.0.tgz 5142ms (cache miss)
4887 timing reifyNode:node_modules/test-exclude Completed in 6338ms
4888 timing reifyNode:node_modules/@jridgewell/resolve-uri Completed in 6340ms
4889 http fetch GET 200 https://registry.npmjs.org/@babel/helper-string-parser/-/helper-string-parser-7.27.1.tgz 5113ms (cache miss)
4890 timing reifyNode:node_modules/@babel/helper-string-parser Completed in 6339ms
4891 http fetch GET 200 https://registry.npmjs.org/@types/yargs/-/yargs-17.0.35.tgz 5116ms (cache miss)
4892 http fetch GET 200 https://registry.npmjs.org/@babel/helper-globals/-/helper-globals-7.28.0.tgz 5108ms (cache miss)
4893 timing reifyNode:node_modules/@babel/helper-globals Completed in 6339ms
4894 http fetch GET 200 https://registry.npmjs.org/@types/istanbul-reports/-/istanbul-reports-3.0.4.tgz 5116ms (cache miss)
4895 timing reifyNode:node_modules/@types/istanbul-reports Completed in 6342ms
4896 http fetch GET 200 https://registry.npmjs.org/@jest/schemas/-/schemas-29.6.3.tgz 5116ms (cache miss)
4897 timing reifyNode:node_modules/@jest/schemas Completed in 6342ms
4898 http fetch GET 200 https://registry.npmjs.org/@babel/helper-validator-option/-/helper-validator-option-7.27.1.tgz 5107ms (cache miss)
4899 timing reifyNode:node_modules/postcss Completed in 6425ms
4900 http fetch GET 200 https://registry.npmjs.org/node-opcua-variant/-/node-opcua-variant-2.159.0.tgz 5547ms (cache miss)
4901 http fetch GET 200 https://registry.npmjs.org/expect/-/expect-29.7.0.tgz 5325ms (cache miss)
4902 http fetch GET 200 https://registry.npmjs.org/human-signals/-/human-signals-2.1.0.tgz 5255ms (cache miss)
4903 timing reifyNode:node_modules/execa Completed in 6417ms
4904 http fetch GET 200 https://registry.npmjs.org/lru-cache/-/lru-cache-5.1.1.tgz 5184ms (cache miss)
4905 timing reifyNode:node_modules/lru-cache Completed in 6416ms
4906 timing reifyNode:node_modules/@babel/helper-validator-option Completed in 6416ms
4907 http fetch GET 200 https://registry.npmjs.org/jsesc/-/jsesc-3.1.0.tgz 5181ms (cache miss)
4908 http fetch GET 200 https://registry.npmjs.org/js-tokens/-/js-tokens-4.0.0.tgz 5179ms (cache miss)
4909 timing reifyNode:node_modules/js-tokens Completed in 6416ms
4910 http fetch GET 200 https://registry.npmjs.org/picocolors/-/picocolors-1.1.1.tgz 5180ms (cache miss)
4911 timing reifyNode:node_modules/picocolors Completed in 6417ms
4912 http fetch GET 200 https://registry.npmjs.org/@peculiar/x509/-/x509-1.14.3.tgz 5677ms (cache miss)
4913 timing reifyNode:node_modules/node-opcua-status-code Completed in 6475ms
4914 http fetch GET 200 https://registry.npmjs.org/node-opcua-packet-analyzer/-/node-opcua-packet-analyzer-2.158.0.tgz 5528ms (cache miss)
4915 timing reifyNode:node_modules/jsesc Completed in 6474ms
4916 http fetch GET 200 https://registry.npmjs.org/@babel/compat-data/-/compat-data-7.28.6.tgz 5240ms (cache miss)
4917 http fetch GET 200 https://registry.npmjs.org/node-opcua-alarm-condition/-/node-opcua-alarm-condition-2.160.0.tgz 5709ms (cache miss)
4918 timing reifyNode:node_modules/@peculiar/x509 Completed in 6524ms
4919 http fetch GET 200 https://registry.npmjs.org/node-opcua-address-space-for-conformance-testing/-/node-opcua-address-space-for-conformance-testing-2.160.0.tgz 5539ms (cache miss)
4920 timing reifyNode:node_modules/node-opcua-address-space-for-conformance-testing Completed in 6531ms
4921 timing reifyNode:node_modules/expect Completed in 6533ms
4922 http fetch GET 200 https://registry.npmjs.org/browserslist/-/browserslist-4.28.1.tgz 5297ms (cache miss)
4923 http fetch GET 200 https://registry.npmjs.org/gensync/-/gensync-1.0.0-beta.2.tgz 5291ms (cache miss)
4924 timing reifyNode:node_modules/gensync Completed in 6531ms
4925 timing reifyNode:node_modules/@types/yargs Completed in 6532ms
4926 timing reifyNode:node_modules/node-opcua-variant Completed in 6582ms
4927 http fetch GET 200 https://registry.npmjs.org/jest-circus/-/jest-circus-29.7.0.tgz 5457ms (cache miss)
4928 timing reifyNode:node_modules/human-signals Completed in 6584ms
4929 http fetch GET 200 https://registry.npmjs.org/@babel/helper-module-imports/-/helper-module-imports-7.28.6.tgz 5352ms (cache miss)
4930 http fetch GET 200 https://registry.npmjs.org/@babel/helper-validator-identifier/-/helper-validator-identifier-7.28.5.tgz 5345ms (cache miss)
4931 http fetch GET 200 https://registry.npmjs.org/node-opcua-schemas/-/node-opcua-schemas-2.159.0.tgz 5834ms (cache miss)
4932 timing reifyNode:node_modules/node-opcua-packet-analyzer Completed in 6655ms
4933 http fetch GET 200 https://registry.npmjs.org/semver/-/semver-6.3.1.tgz 5415ms (cache miss)
4934 timing reifyNode:node_modules/semver Completed in 6654ms
4935 http fetch GET 200 https://registry.npmjs.org/debug/-/debug-4.4.3.tgz 5414ms (cache miss)
4936 timing reifyNode:node_modules/debug Completed in 6655ms
4937 http fetch GET 200 https://registry.npmjs.org/@babel/helper-compilation-targets/-/helper-compilation-targets-7.28.6.tgz 5385ms (cache miss)
4938 http fetch GET 200 https://registry.npmjs.org/@jridgewell/remapping/-/remapping-2.3.5.tgz 5414ms (cache miss)
4939 timing reifyNode:node_modules/@peculiar/asn1-rsa Completed in 6726ms
4940 timing reifyNode:node_modules/node-opcua-alarm-condition Completed in 6711ms
4941 timing reifyNode:node_modules/browserslist Completed in 6707ms
4942 http fetch GET 200 https://registry.npmjs.org/@babel/code-frame/-/code-frame-7.28.6.tgz 5437ms (cache miss)
4943 timing reifyNode:node_modules/@babel/code-frame Completed in 6708ms
4944 http fetch GET 200 https://registry.npmjs.org/pirates/-/pirates-4.0.7.tgz 5437ms (cache miss)
4945 timing reifyNode:node_modules/pirates Completed in 6709ms
4946 http fetch GET 200 https://registry.npmjs.org/convert-source-map/-/convert-source-map-2.0.0.tgz 5435ms (cache miss)
4947 timing reifyNode:node_modules/convert-source-map Completed in 6709ms
4948 timing reifyNode:node_modules/jest-circus Completed in 6777ms
4949 timing reifyNode:node_modules/@babel/helper-module-imports Completed in 6776ms
4950 timing reifyNode:node_modules/@babel/helper-validator-identifier Completed in 6777ms
4951 http fetch GET 200 https://registry.npmjs.org/babel-plugin-istanbul/-/babel-plugin-istanbul-6.1.1.tgz 5504ms (cache miss)
4952 timing reifyNode:node_modules/babel-plugin-istanbul Completed in 6779ms
4953 http fetch GET 200 https://registry.npmjs.org/write-file-atomic/-/write-file-atomic-4.0.2.tgz 5507ms (cache miss)
4954 timing reifyNode:node_modules/write-file-atomic Completed in 6779ms
4955 http fetch GET 200 https://registry.npmjs.org/@types/istanbul-lib-coverage/-/istanbul-lib-coverage-2.0.6.tgz 5504ms (cache miss)
4956 timing reifyNode:node_modules/@types/istanbul-lib-coverage Completed in 6779ms
4957 http fetch GET 200 https://registry.npmjs.org/string-length/-/string-length-4.0.2.tgz 5503ms (cache miss)
4958 timing reifyNode:node_modules/string-length Completed in 6780ms
4959 http fetch GET 200 https://registry.npmjs.org/istanbul-lib-source-maps/-/istanbul-lib-source-maps-4.0.1.tgz 5498ms (cache miss)
4960 http fetch GET 200 https://registry.npmjs.org/glob/-/glob-7.2.3.tgz 5497ms (cache miss)
4961 http fetch GET 200 https://registry.npmjs.org/v8-to-istanbul/-/v8-to-istanbul-9.3.0.tgz 5504ms (cache miss)
4962 warn deprecated glob@7.2.3: Glob versions prior to v9 are no longer supported
4963 timing reifyNode:node_modules/glob Completed in 6782ms
4964 http fetch GET 200 https://registry.npmjs.org/istanbul-lib-coverage/-/istanbul-lib-coverage-3.2.2.tgz 5499ms (cache miss)
4965 timing reifyNode:node_modules/node-opcua-schemas Completed in 6834ms
4966 http fetch GET 200 https://registry.npmjs.org/collect-v8-coverage/-/collect-v8-coverage-1.0.3.tgz 5606ms (cache miss)
4967 timing reifyNode:node_modules/collect-v8-coverage Completed in 6890ms
4968 http fetch GET 200 https://registry.npmjs.org/micromatch/-/micromatch-4.0.8.tgz 5603ms (cache miss)
4969 timing reifyNode:node_modules/micromatch Completed in 6890ms
4970 http fetch GET 200 https://registry.npmjs.org/slash/-/slash-3.0.0.tgz 5604ms (cache miss)
4971 timing reifyNode:node_modules/slash Completed in 6890ms
4972 http fetch GET 200 https://registry.npmjs.org/electron-to-chromium/-/electron-to-chromium-1.5.267.tgz 5746ms (cache miss)
4973 http fetch GET 200 https://registry.npmjs.org/jest-watcher/-/jest-watcher-29.7.0.tgz 5667ms (cache miss)
4974 http fetch GET 200 https://registry.npmjs.org/jest-util/-/jest-util-29.7.0.tgz 5665ms (cache miss)
4975 http fetch GET 200 https://registry.npmjs.org/argparse/-/argparse-1.0.10.tgz 5986ms (cache miss)
4976 timing reifyNode:node_modules/@babel/compat-data Completed in 7007ms
4977 timing reifyNode:node_modules/istanbul-lib-coverage Completed in 7008ms
4978 http fetch GET 200 https://registry.npmjs.org/pretty-format/-/pretty-format-29.7.0.tgz 5719ms (cache miss)
4979 timing reifyNode:node_modules/v8-to-istanbul Completed in 7009ms
4980 http fetch GET 200 https://registry.npmjs.org/jest-resolve-dependencies/-/jest-resolve-dependencies-29.7.0.tgz 5703ms (cache miss)
4981 timing reifyNode:node_modules/jest-resolve-dependencies Completed in 7009ms
4982 http fetch GET 200 https://registry.npmjs.org/baseline-browser-mapping/-/baseline-browser-mapping-2.9.14.tgz 5854ms (cache miss)
4983 timing reifyNode:node_modules/electron-to-chromium Completed in 7047ms
4984 timing reifyNode:node_modules/istanbul-lib-source-maps Completed in 7046ms
4985 http fetch GET 200 https://registry.npmjs.org/jest-message-util/-/jest-message-util-29.7.0.tgz 5739ms (cache miss)
4986 timing reifyNode:node_modules/jest-message-util Completed in 7047ms
4987 http fetch GET 200 https://registry.npmjs.org/istanbul-lib-report/-/istanbul-lib-report-3.0.1.tgz 5758ms (cache miss)
4988 http fetch GET 200 https://registry.npmjs.org/istanbul-lib-instrument/-/istanbul-lib-instrument-6.0.3.tgz 5851ms (cache miss)
4989 http fetch GET 200 https://registry.npmjs.org/jest-runtime/-/jest-runtime-29.7.0.tgz 5835ms (cache miss)
4990 http fetch GET 200 https://registry.npmjs.org/jest-regex-util/-/jest-regex-util-29.6.3.tgz 5831ms (cache miss)
4991 timing reifyNode:node_modules/jest-regex-util Completed in 7141ms
4992 http fetch GET 200 https://registry.npmjs.org/ci-info/-/ci-info-3.9.0.tgz 5808ms (cache miss)
4993 timing reifyNode:node_modules/ci-info Completed in 7141ms
4994 http fetch GET 200 https://registry.npmjs.org/jest-changed-files/-/jest-changed-files-29.7.0.tgz 5830ms (cache miss)
4995 timing reifyNode:node_modules/@peculiar/asn1-pfx Completed in 7196ms
4996 timing reifyNode:node_modules/argparse Completed in 7180ms
4997 timing reifyNode:node_modules/baseline-browser-mapping Completed in 7179ms
4998 http fetch GET 200 https://registry.npmjs.org/@babel/template/-/template-7.28.6.tgz 5912ms (cache miss)
4999 timing reifyNode:node_modules/jest-runtime Completed in 7179ms
5000 http fetch GET 200 https://registry.npmjs.org/graceful-fs/-/graceful-fs-4.2.11.tgz 5847ms (cache miss)
5001 timing reifyNode:node_modules/graceful-fs Completed in 7180ms
5002 timing reifyNode:node_modules/jest-changed-files Completed in 7180ms
5003 http fetch GET 200 https://registry.npmjs.org/chai/-/chai-5.3.3.tgz 6689ms (cache miss)
5004 http fetch GET 200 https://registry.npmjs.org/jest-resolve/-/jest-resolve-29.7.0.tgz 5888ms (cache miss)
5005 http fetch GET 200 https://registry.npmjs.org/import-local/-/import-local-3.2.0.tgz 5857ms (cache miss)
5006 timing reifyNode:node_modules/import-local Completed in 7195ms
5007 http fetch GET 200 https://registry.npmjs.org/@jest/types/-/types-29.6.3.tgz 5857ms (cache miss)
5008 http fetch GET 200 https://registry.npmjs.org/safer-buffer/-/safer-buffer-2.1.2.tgz 5850ms (cache miss)
5009 timing reifyNode:node_modules/safer-buffer Completed in 7196ms
5010 http fetch GET 200 https://registry.npmjs.org/@jest/test-result/-/test-result-29.7.0.tgz 5862ms (cache miss)
5011 timing reifyNode:node_modules/@jest/test-result Completed in 7196ms
5012 http fetch GET 200 https://registry.npmjs.org/fast-json-stable-stringify/-/fast-json-stable-stringify-2.1.0.tgz 5952ms (cache miss)
5013 timing reifyNode:node_modules/istanbul-lib-instrument Completed in 7224ms
5014 http fetch GET 200 https://registry.npmjs.org/jest-cli/-/jest-cli-29.7.0.tgz 5887ms (cache miss)
5015 http fetch GET 200 https://registry.npmjs.org/@jest/transform/-/transform-29.7.0.tgz 5891ms (cache miss)
5016 timing reifyNode:node_modules/@jest/transform Completed in 7225ms
5017 http fetch GET 200 https://registry.npmjs.org/@inversifyjs/common/-/common-1.4.0.tgz 5881ms (cache miss)
5018 http fetch GET 200 https://registry.npmjs.org/node-opcua-debug/-/node-opcua-debug-2.157.0.tgz 6283ms (cache miss)
5019 timing reifyNode:node_modules/@types/semver Completed in 7259ms
5020 timing reifyNode:node_modules/@babel/template Completed in 7255ms
5021 timing reifyNode:node_modules/@babel/helper-compilation-targets Completed in 7256ms
5022 http fetch GET 200 https://registry.npmjs.org/jest-validate/-/jest-validate-29.7.0.tgz 5965ms (cache miss)
5023 timing reifyNode:node_modules/istanbul-lib-report Completed in 7256ms
5024 timing reifyNode:node_modules/@jest/types Completed in 7255ms
5025 http fetch GET 200 https://registry.npmjs.org/string-width/-/string-width-4.2.3.tgz 5903ms (cache miss)
5026 timing reifyNode:node_modules/string-width Completed in 7256ms
5027 http fetch GET 200 https://registry.npmjs.org/wrap-ansi/-/wrap-ansi-6.2.0.tgz 5904ms (cache miss)
5028 timing reifyNode:node_modules/wrap-ansi Completed in 7256ms
5029 http fetch GET 200 https://registry.npmjs.org/strip-ansi/-/strip-ansi-6.0.1.tgz 5904ms (cache miss)
5030 timing reifyNode:node_modules/strip-ansi Completed in 7257ms
5031 http fetch GET 200 https://registry.npmjs.org/run-async/-/run-async-3.0.0.tgz 5903ms (cache miss)
5032 timing reifyNode:node_modules/run-async Completed in 7257ms
5033 http fetch GET 200 https://registry.npmjs.org/cli-width/-/cli-width-4.1.0.tgz 5902ms (cache miss)
5034 timing reifyNode:node_modules/cli-width Completed in 7257ms
5035 http fetch GET 200 https://registry.npmjs.org/@inquirer/figures/-/figures-1.0.15.tgz 5897ms (cache miss)
5036 timing reifyNode:node_modules/chai Completed in 7298ms
5037 http fetch GET 200 https://registry.npmjs.org/sshpk/-/sshpk-1.18.0.tgz 6485ms (cache miss)
5038 timing reifyNode:node_modules/jest-resolve Completed in 7275ms
5039 timing reifyNode:node_modules/jest-cli Completed in 7275ms
5040 http fetch GET 200 https://registry.npmjs.org/ansi-escapes/-/ansi-escapes-4.3.2.tgz 5917ms (cache miss)
5041 timing reifyNode:node_modules/ansi-escapes Completed in 7276ms
5042 http fetch GET 200 https://registry.npmjs.org/jest-runner/-/jest-runner-29.7.0.tgz 5921ms (cache miss)
5043 timing reifyNode:node_modules/jest-runner Completed in 7277ms
5044 http fetch GET 200 https://registry.npmjs.org/gopd/-/gopd-1.2.0.tgz 5889ms (cache miss)
5045 http fetch GET 200 https://registry.npmjs.org/math-intrinsics/-/math-intrinsics-1.1.0.tgz 5892ms (cache miss)
5046 http fetch GET 200 https://registry.npmjs.org/@inquirer/external-editor/-/external-editor-1.0.3.tgz 5894ms (cache miss)
5047 timing reifyNode:node_modules/fast-json-stable-stringify Completed in 7293ms
5048 timing reifyNode:node_modules/jest-watcher Completed in 7292ms
5049 http fetch GET 200 https://registry.npmjs.org/get-proto/-/get-proto-1.0.1.tgz 5906ms (cache miss)
5050 http fetch GET 200 https://registry.npmjs.org/has-tostringtag/-/has-tostringtag-1.0.2.tgz 5887ms (cache miss)
5051 http fetch GET 200 https://registry.npmjs.org/es-object-atoms/-/es-object-atoms-1.1.1.tgz 5890ms (cache miss)
5052 http fetch GET 200 https://registry.npmjs.org/delayed-stream/-/delayed-stream-1.0.0.tgz 5886ms (cache miss)
5053 timing reifyNode:node_modules/delayed-stream Completed in 7293ms
5054 http fetch GET 200 https://registry.npmjs.org/function-bind/-/function-bind-1.1.2.tgz 5906ms (cache miss)
5055 timing reifyNode:node_modules/node-opcua-debug Completed in 7339ms
5056 timing reifyNode:node_modules/jest-validate Completed in 7338ms
5057 http fetch GET 200 https://registry.npmjs.org/get-intrinsic/-/get-intrinsic-1.3.0.tgz 5934ms (cache miss)
5058 http fetch GET 200 https://registry.npmjs.org/mime-types/-/mime-types-2.1.35.tgz 5933ms (cache miss)
5059 timing reifyNode:node_modules/mime-types Completed in 7342ms
5060 http fetch GET 200 https://registry.npmjs.org/asynckit/-/asynckit-0.4.0.tgz 5931ms (cache miss)
5061 http fetch GET 200 https://registry.npmjs.org/es-set-tostringtag/-/es-set-tostringtag-2.1.0.tgz 5933ms (cache miss)
5062 http fetch GET 200 https://registry.npmjs.org/hasown/-/hasown-2.0.2.tgz 5934ms (cache miss)
5063 timing reifyNode:node_modules/hasown Completed in 7342ms
5064 timing reifyNode:node_modules/sshpk Completed in 7367ms
5065 timing reifyNode:node_modules/get-intrinsic Completed in 7370ms
5066 http fetch GET 200 https://registry.npmjs.org/combined-stream/-/combined-stream-1.0.8.tgz 5961ms (cache miss)
5067 timing reifyNode:node_modules/combined-stream Completed in 7371ms
5068 http fetch GET 200 https://registry.npmjs.org/mute-stream/-/mute-stream-1.0.0.tgz 5957ms (cache miss)
5069 timing reifyNode:node_modules/mute-stream Completed in 7373ms
5070 http fetch GET 200 https://registry.npmjs.org/@jest/console/-/console-29.7.0.tgz 5960ms (cache miss)
5071 http fetch GET 200 https://registry.npmjs.org/color-convert/-/color-convert-2.0.1.tgz 5957ms (cache miss)
5072 timing reifyNode:node_modules/color-convert Completed in 7372ms
5073 http fetch GET 200 https://registry.npmjs.org/es-define-property/-/es-define-property-1.0.1.tgz 5960ms (cache miss)
5074 http fetch GET 200 https://registry.npmjs.org/color-name/-/color-name-1.1.4.tgz 5959ms (cache miss)
5075 timing reifyNode:node_modules/color-name Completed in 7373ms
5076 http fetch GET 200 https://registry.npmjs.org/supports-color/-/supports-color-7.2.0.tgz 5958ms (cache miss)
5077 timing reifyNode:node_modules/supports-color Completed in 7373ms
5078 http fetch GET 200 https://registry.npmjs.org/is-buffer/-/is-buffer-2.0.5.tgz 5957ms (cache miss)
5079 timing reifyNode:node_modules/is-buffer Completed in 7373ms
5080 http fetch GET 200 https://registry.npmjs.org/node-opcua-constants/-/node-opcua-constants-2.157.0.tgz 6461ms (cache miss)
5081 http fetch GET 200 https://registry.npmjs.org/jest-snapshot/-/jest-snapshot-29.7.0.tgz 6134ms (cache miss)
5082 timing reifyNode:node_modules/es-set-tostringtag Completed in 7441ms
5083 timing reifyNode:node_modules/@jest/console Completed in 7443ms
5084 http fetch GET 200 https://registry.npmjs.org/ansi-styles/-/ansi-styles-4.3.0.tgz 6026ms (cache miss)
5085 timing reifyNode:node_modules/ansi-styles Completed in 7441ms
5086 http fetch GET 200 https://registry.npmjs.org/proxy-from-env/-/proxy-from-env-1.1.0.tgz 6024ms (cache miss)
5087 timing reifyNode:node_modules/proxy-from-env Completed in 7442ms
5088 http fetch GET 200 https://registry.npmjs.org/follow-redirects/-/follow-redirects-1.15.11.tgz 6023ms (cache miss)
5089 timing reifyNode:node_modules/follow-redirects Completed in 7443ms
5090 http fetch GET 200 https://registry.npmjs.org/fast-deep-equal/-/fast-deep-equal-3.1.3.tgz 6026ms (cache miss)
5091 http fetch GET 200 https://registry.npmjs.org/node-opcua-client-proxy/-/node-opcua-client-proxy-2.160.0.tgz 6508ms (cache miss)
5092 http fetch GET 200 https://registry.npmjs.org/@babel/helper-module-transforms/-/helper-module-transforms-7.28.6.tgz 6219ms (cache miss)
5093 timing reifyNode:node_modules/@inquirer/figures Completed in 7502ms
5094 timing reifyNode:node_modules/gopd Completed in 7502ms
5095 http fetch GET 200 https://registry.npmjs.org/dunder-proto/-/dunder-proto-1.0.1.tgz 6118ms (cache miss)
5096 http fetch GET 200 https://registry.npmjs.org/@protobuf-ts/protoc/-/protoc-2.11.1.tgz 6081ms (cache miss)
5097 timing reifyNode:node_modules/@protobuf-ts/protoc Completed in 7501ms
5098 http fetch GET 200 https://registry.npmjs.org/lodash.camelcase/-/lodash.camelcase-4.3.0.tgz 6055ms (cache miss)
5099 timing reifyNode:node_modules/lodash.camelcase Completed in 7502ms
5100 http fetch GET 200 https://registry.npmjs.org/tiny-invariant/-/tiny-invariant-1.3.3.tgz 6101ms (cache miss)
5101 http fetch GET 200 https://registry.npmjs.org/nan/-/nan-2.24.0.tgz 7060ms (cache miss)
5102 timing reifyNode:node_modules/node-opcua-constants Completed in 7615ms
5103 timing reifyNode:node_modules/node-opcua-client-proxy Completed in 7616ms
5104 http fetch GET 200 https://registry.npmjs.org/jest-worker/-/jest-worker-29.7.0.tgz 6331ms (cache miss)
5105 timing reifyNode:node_modules/jest-snapshot Completed in 7612ms
5106 timing reifyNode:node_modules/es-define-property Completed in 7612ms
5107 timing reifyNode:node_modules/fast-deep-equal Completed in 7611ms
5108 http fetch GET 200 https://registry.npmjs.org/form-data/-/form-data-4.0.5.tgz 6194ms (cache miss)
5109 timing reifyNode:node_modules/@babel/helper-module-transforms Completed in 7670ms
5110 timing reifyNode:node_modules/dunder-proto Completed in 7685ms
5111 timing reifyNode:node_modules/es-object-atoms Completed in 7684ms
5112 timing reifyNode:node_modules/function-bind Completed in 7685ms
5113 http fetch GET 200 https://registry.npmjs.org/path/-/path-0.12.7.tgz 6230ms (cache miss)
5114 timing reifyNode:node_modules/path Completed in 7685ms
5115 http fetch GET 200 https://registry.npmjs.org/source-map-support/-/source-map-support-0.5.21.tgz 6233ms (cache miss)
5116 http fetch GET 200 https://registry.npmjs.org/ora/-/ora-8.2.0.tgz 6231ms (cache miss)
5117 timing reifyNode:node_modules/ora Completed in 7686ms
5118 http fetch GET 200 https://registry.npmjs.org/node-domexception/-/node-domexception-1.0.0.tgz 6230ms (cache miss)
5119 http fetch GET 200 https://registry.npmjs.org/node-opcua-service-filter/-/node-opcua-service-filter-2.159.0.tgz 6819ms (cache miss)
5120 timing reifyNode:node_modules/jest-worker Completed in 7737ms
5121 http fetch GET 200 https://registry.npmjs.org/has-symbols/-/has-symbols-1.1.0.tgz 6351ms (cache miss)
5122 timing reifyNode:node_modules/get-proto Completed in 7737ms
5123 http fetch GET 200 https://registry.npmjs.org/jest/-/jest-29.7.0.tgz 6289ms (cache miss)
5124 timing reifyNode:node_modules/jest Completed in 7748ms
5125 timing reifyNode:node_modules/nan Completed in 7817ms
5126 timing reifyNode:node_modules/pretty-format Completed in 7809ms
5127 timing reifyNode:node_modules/form-data Completed in 7808ms
5128 timing reifyNode:node_modules/source-map-support Completed in 7809ms
5129 http fetch GET 200 https://registry.npmjs.org/install/-/install-0.13.0.tgz 6333ms (cache miss)
5130 timing reifyNode:node_modules/install Completed in 7809ms
5131 http fetch GET 200 https://registry.npmjs.org/cli-spinners/-/cli-spinners-2.9.2.tgz 6327ms (cache miss)
5132 timing reifyNode:node_modules/cli-spinners Completed in 7810ms
5133 timing reifyNode:node_modules/@peculiar/asn1-x509-attr Completed in 7867ms
5134 http fetch GET 200 https://registry.npmjs.org/jsrsasign/-/jsrsasign-11.1.0.tgz 7057ms (cache miss)
5135 http fetch GET 200 https://registry.npmjs.org/node-opcua-utils/-/node-opcua-utils-2.157.0.tgz 6996ms (cache miss)
5136 http fetch GET 200 https://registry.npmjs.org/@jridgewell/sourcemap-codec/-/sourcemap-codec-1.5.5.tgz 6641ms (cache miss)
5137 http fetch GET 200 https://registry.npmjs.org/json5/-/json5-2.2.3.tgz 6623ms (cache miss)
5138 timing reifyNode:node_modules/has-tostringtag Completed in 7864ms
5139 http fetch GET 200 https://registry.npmjs.org/get-port/-/get-port-7.1.0.tgz 6385ms (cache miss)
5140 timing reifyNode:node_modules/get-port Completed in 7864ms
5141 timing reifyNode:node_modules/node-opcua-service-filter Completed in 7945ms
5142 timing reifyNode:node_modules/has-symbols Completed in 7940ms
5143 timing reifyNode:node_modules/asynckit Completed in 7940ms
5144 http fetch GET 200 https://registry.npmjs.org/node-opcua-pseudo-session/-/node-opcua-pseudo-session-2.160.0.tgz 7157ms (cache miss)
5145 timing reifyNode:node_modules/node-opcua-utils Completed in 8000ms
5146 timing reifyNode:node_modules/@jridgewell/sourcemap-codec Completed in 7997ms
5147 http fetch GET 200 https://registry.npmjs.org/@jridgewell/gen-mapping/-/gen-mapping-0.3.13.tgz 6760ms (cache miss)
5148 timing reifyNode:node_modules/jest-util Completed in 7996ms
5149 timing reifyNode:node_modules/tiny-invariant Completed in 7995ms
5150 timing reifyNode:node_modules/jsrsasign Completed in 8030ms
5151 timing reifyNode:node_modules/json5 Completed in 8036ms
5152 http fetch GET 200 https://registry.npmjs.org/exit/-/exit-0.1.2.tgz 6699ms (cache miss)
5153 http fetch GET 200 https://registry.npmjs.org/reflect-metadata/-/reflect-metadata-0.2.2.tgz 6695ms (cache miss)
5154 http fetch GET 200 https://registry.npmjs.org/call-bind-apply-helpers/-/call-bind-apply-helpers-1.0.2.tgz 6631ms (cache miss)
5155 http fetch GET 200 https://registry.npmjs.org/node-opcua-xml2json/-/node-opcua-xml2json-2.157.0.tgz 7224ms (cache miss)
5156 http fetch GET 200 https://registry.npmjs.org/es-errors/-/es-errors-1.3.0.tgz 6654ms (cache miss)
5157 http fetch GET 200 https://registry.npmjs.org/esbuild/-/esbuild-0.15.18.tgz 6590ms (cache miss)
5158 timing reifyNode:node_modules/node-opcua-pseudo-session Completed in 8106ms
5159 timing reifyNode:node_modules/@jridgewell/gen-mapping Completed in 8104ms
5160 timing reifyNode:node_modules/exit Completed in 8103ms
5161 http fetch GET 200 https://registry.npmjs.org/long/-/long-5.3.2.tgz 6663ms (cache miss)
5162 http fetch GET 200 https://registry.npmjs.org/@grpc/proto-loader/-/proto-loader-0.8.0.tgz 6655ms (cache miss)
5163 http fetch GET 200 https://registry.npmjs.org/@protobuf-ts/grpc-transport/-/grpc-transport-2.8.2.tgz 6614ms (cache miss)
5164 timing reifyNode:node_modules/node-opcua-xml2json Completed in 8130ms
5165 timing reifyNode:node_modules/@jridgewell/remapping Completed in 8138ms
5166 http fetch GET 200 https://registry.npmjs.org/jest-config/-/jest-config-29.7.0.tgz 6805ms (cache miss)
5167 timing reifyNode:node_modules/reflect-metadata Completed in 8137ms
5168 timing reifyNode:node_modules/call-bind-apply-helpers Completed in 8137ms
5169 http fetch GET 200 https://registry.npmjs.org/dotenv/-/dotenv-16.6.1.tgz 6656ms (cache miss)
5170 timing reifyNode:node_modules/esbuild Completed in 8137ms
5171 timing reifyNode:node_modules/es-errors Completed in 8150ms
5172 http fetch GET 200 https://registry.npmjs.org/node-opcua/-/node-opcua-2.160.0.tgz 6659ms (cache miss)
5173 http fetch GET 200 https://registry.npmjs.org/yoctocolors-cjs/-/yoctocolors-cjs-2.1.3.tgz 6655ms (cache miss)
5174 timing reifyNode:node_modules/yoctocolors-cjs Completed in 8170ms
5175 http fetch GET 200 https://registry.npmjs.org/wrap-ansi/-/wrap-ansi-7.0.0.tgz 6654ms (cache miss)
5176 timing reifyNode:node_modules/cliui/node_modules/wrap-ansi Completed in 8205ms
5177 http fetch GET 200 https://registry.npmjs.org/color-name/-/color-name-2.1.0.tgz 6639ms (cache miss)
5178 timing reifyNode:node_modules/color/node_modules/color-name Completed in 8205ms
5179 http fetch GET 200 https://registry.npmjs.org/xmlcreate/-/xmlcreate-2.0.4.tgz 7195ms (cache miss)
5180 http fetch GET 200 https://registry.npmjs.org/jest-haste-map/-/jest-haste-map-29.7.0.tgz 6890ms (cache miss)
5181 timing reifyNode:node_modules/long Completed in 8198ms
5182 timing reifyNode:node_modules/@grpc/proto-loader Completed in 8199ms
5183 http fetch GET 200 https://registry.npmjs.org/chalk/-/chalk-4.1.2.tgz 6691ms (cache miss)
5184 timing reifyNode:node_modules/chalk Completed in 8199ms
5185 http fetch GET 200 https://registry.npmjs.org/string_decoder/-/string_decoder-1.1.1.tgz 6669ms (cache miss)
5186 timing reifyNode:node_modules/lazystream/node_modules/string_decoder Completed in 8232ms
5187 http fetch GET 200 https://registry.npmjs.org/safe-buffer/-/safe-buffer-5.1.2.tgz 6669ms (cache miss)
5188 timing reifyNode:node_modules/lazystream/node_modules/safe-buffer Completed in 8233ms
5189 http fetch GET 200 https://registry.npmjs.org/node-opcua-basic-types/-/node-opcua-basic-types-2.157.0.tgz 7244ms (cache miss)
5190 timing reifyNode:node_modules/@sinonjs/commons Completed in 8230ms
5191 timing reifyNode:node_modules/jest-config Completed in 8228ms
5192 timing reifyNode:node_modules/dotenv Completed in 8227ms
5193 http fetch GET 200 https://registry.npmjs.org/axios-mock-adapter/-/axios-mock-adapter-1.22.0.tgz 6745ms (cache miss)
5194 http fetch GET 200 https://registry.npmjs.org/js2xmlparser/-/js2xmlparser-5.0.0.tgz 6722ms (cache miss)
5195 http fetch GET 200 https://registry.npmjs.org/color-convert/-/color-convert-3.1.3.tgz 6700ms (cache miss)
5196 timing reifyNode:node_modules/color/node_modules/color-convert Completed in 8267ms
5197 http fetch GET 200 https://registry.npmjs.org/archiver-utils/-/archiver-utils-3.0.4.tgz 6697ms (cache miss)
5198 timing reifyNode:node_modules/zip-stream/node_modules/archiver-utils Completed in 8262ms
5199 http fetch GET 200 https://registry.npmjs.org/minimatch/-/minimatch-5.1.6.tgz 6695ms (cache miss)
5200 timing reifyNode:node_modules/readdir-glob/node_modules/minimatch Completed in 8262ms
5201 timing reifyNode:node_modules/node-opcua Completed in 8257ms
5202 http fetch GET 200 https://registry.npmjs.org/brace-expansion/-/brace-expansion-2.0.2.tgz 6739ms (cache miss)
5203 timing reifyNode:node_modules/readdir-glob/node_modules/brace-expansion Completed in 8305ms
5204 http fetch GET 200 https://registry.npmjs.org/is-unicode-supported/-/is-unicode-supported-1.3.0.tgz 6723ms (cache miss)
5205 timing reifyNode:node_modules/log-symbols/node_modules/is-unicode-supported Completed in 8303ms
5206 timing reifyNode:node_modules/xmlcreate Completed in 8305ms
5207 timing reifyNode:node_modules/jest-haste-map Completed in 8321ms
5208 http fetch GET 200 https://registry.npmjs.org/color-name/-/color-name-2.1.0.tgz 6795ms (cache miss)
5209 timing reifyNode:node_modules/color-string/node_modules/color-name Completed in 8360ms
5210 http fetch GET 200 https://registry.npmjs.org/tar-fs/-/tar-fs-2.0.1.tgz 6776ms (cache miss)
5211 http fetch GET 200 https://registry.npmjs.org/@types/ssh2/-/ssh2-0.5.52.tgz 6786ms (cache miss)
5212 timing reifyNode:node_modules/ssh-remote-port-forward/node_modules/@types/ssh2 Completed in 8357ms
5213 http fetch GET 200 https://registry.npmjs.org/onetime/-/onetime-7.0.0.tgz 6785ms (cache miss)
5214 timing reifyNode:node_modules/restore-cursor/node_modules/onetime Completed in 8366ms
5215 http fetch GET 200 https://registry.npmjs.org/tslib/-/tslib-1.14.1.tgz 6782ms (cache miss)
5216 timing reifyNode:node_modules/node-opcua-basic-types Completed in 8360ms
5217 http fetch GET 200 https://registry.npmjs.org/@inversifyjs/reflect-metadata-utils/-/reflect-metadata-utils-0.2.4.tgz 7017ms (cache miss)
5218 timing reifyNode:node_modules/axios-mock-adapter Completed in 8363ms
5219 timing reifyNode:node_modules/js2xmlparser Completed in 8378ms
5220 http fetch GET 200 https://registry.npmjs.org/string_decoder/-/string_decoder-1.1.1.tgz 6844ms (cache miss)
5221 timing reifyNode:node_modules/archiver-utils/node_modules/string_decoder Completed in 8411ms
5222 http fetch GET 200 https://registry.npmjs.org/safe-buffer/-/safe-buffer-5.1.2.tgz 6844ms (cache miss)
5223 timing reifyNode:node_modules/archiver-utils/node_modules/safe-buffer Completed in 8411ms
5224 http fetch GET 200 https://registry.npmjs.org/p-limit/-/p-limit-2.3.0.tgz 6827ms (cache miss)
5225 timing reifyNode:node_modules/p-locate/node_modules/p-limit Completed in 8392ms
5226 http fetch GET 200 https://registry.npmjs.org/supports-color/-/supports-color-8.1.1.tgz 6825ms (cache miss)
5227 timing reifyNode:node_modules/jest-worker/node_modules/supports-color Completed in 8388ms
5228 http fetch GET 200 https://registry.npmjs.org/ansi-styles/-/ansi-styles-5.2.0.tgz 6824ms (cache miss)
5229 timing reifyNode:node_modules/pretty-format/node_modules/ansi-styles Completed in 8388ms
5230 http fetch GET 200 https://registry.npmjs.org/camelcase/-/camelcase-6.3.0.tgz 6824ms (cache miss)
5231 timing reifyNode:node_modules/jest-validate/node_modules/camelcase Completed in 8389ms
5232 http fetch GET 200 https://registry.npmjs.org/esbuild/-/esbuild-0.21.5.tgz 6927ms (cache miss)
5233 http fetch GET 200 https://registry.npmjs.org/istanbul-lib-instrument/-/istanbul-lib-instrument-5.2.1.tgz 6900ms (cache miss)
5234 http fetch GET 200 https://registry.npmjs.org/get-port/-/get-port-5.1.1.tgz 6895ms (cache miss)
5235 timing reifyNode:node_modules/testcontainers/node_modules/get-port Completed in 8460ms
5236 http fetch GET 200 https://registry.npmjs.org/inherits/-/inherits-2.0.3.tgz 6895ms (cache miss)
5237 timing reifyNode:node_modules/path/node_modules/inherits Completed in 8460ms
5238 http fetch GET 200 https://registry.npmjs.org/util/-/util-0.10.4.tgz 6894ms (cache miss)
5239 timing reifyNode:node_modules/path/node_modules/util Completed in 8460ms
5240 http fetch GET 200 https://registry.npmjs.org/strip-ansi/-/strip-ansi-7.1.2.tgz 6893ms (cache miss)
5241 timing reifyNode:node_modules/ora/node_modules/strip-ansi Completed in 8460ms
5242 http fetch GET 200 https://registry.npmjs.org/ansi-regex/-/ansi-regex-6.2.2.tgz 6895ms (cache miss)
5243 timing reifyNode:node_modules/ora/node_modules/ansi-regex Completed in 8461ms
5244 timing reifyNode:node_modules/@inversifyjs/reflect-metadata-utils Completed in 8485ms
5245 http fetch GET 200 https://registry.npmjs.org/brace-expansion/-/brace-expansion-2.0.2.tgz 6932ms (cache miss)
5246 timing reifyNode:node_modules/rimraf/node_modules/brace-expansion Completed in 8514ms
5247 http fetch GET 200 https://registry.npmjs.org/emoji-regex/-/emoji-regex-10.6.0.tgz 6920ms (cache miss)
5248 timing reifyNode:node_modules/ora/node_modules/emoji-regex Completed in 8486ms
5249 http fetch GET 200 https://registry.npmjs.org/restore-cursor/-/restore-cursor-3.1.0.tgz 6917ms (cache miss)
5250 timing reifyNode:node_modules/inquirer/node_modules/restore-cursor Completed in 8487ms
5251 http fetch GET 200 https://registry.npmjs.org/is-unicode-supported/-/is-unicode-supported-0.1.0.tgz 6916ms (cache miss)
5252 timing reifyNode:node_modules/inquirer/node_modules/is-unicode-supported Completed in 8487ms
5253 http fetch GET 200 https://registry.npmjs.org/string-width/-/string-width-7.2.0.tgz 6919ms (cache miss)
5254 timing reifyNode:node_modules/ora/node_modules/string-width Completed in 8487ms
5255 http fetch GET 200 https://registry.npmjs.org/log-symbols/-/log-symbols-4.1.0.tgz 6917ms (cache miss)
5256 timing reifyNode:node_modules/inquirer/node_modules/log-symbols Completed in 8488ms
5257 timing reifyNode:node_modules/vite/node_modules/esbuild Completed in 8549ms
5258 http fetch GET 200 https://registry.npmjs.org/chalk/-/chalk-5.6.2.tgz 6948ms (cache miss)
5259 http fetch GET 200 https://registry.npmjs.org/chalk/-/chalk-5.6.2.tgz 6927ms (cache miss)
5260 http fetch GET 200 https://registry.npmjs.org/source-map-support/-/source-map-support-0.5.13.tgz 6955ms (cache miss)
5261 timing reifyNode:node_modules/jest-runner/node_modules/source-map-support Completed in 8522ms
5262 http fetch GET 200 https://registry.npmjs.org/cli-cursor/-/cli-cursor-3.1.0.tgz 6934ms (cache miss)
5263 timing reifyNode:node_modules/inquirer/node_modules/cli-cursor Completed in 8518ms
5264 http fetch GET 200 https://registry.npmjs.org/is-interactive/-/is-interactive-1.0.0.tgz 6947ms (cache miss)
5265 timing reifyNode:node_modules/inquirer/node_modules/is-interactive Completed in 8519ms
5266 http fetch GET 200 https://registry.npmjs.org/undici-types/-/undici-types-7.16.0.tgz 7342ms (cache miss)
5267 http fetch GET 200 https://registry.npmjs.org/@jest/reporters/-/reporters-29.7.0.tgz 7205ms (cache miss)
5268 http fetch GET 200 https://registry.npmjs.org/commander/-/commander-10.0.1.tgz 7059ms (cache miss)
5269 timing reifyNode:node_modules/tsyringe/node_modules/tslib Completed in 8570ms
5270 timing reifyNode:node_modules/babel-plugin-istanbul/node_modules/istanbul-lib-instrument Completed in 8547ms
5271 http fetch GET 200 https://registry.npmjs.org/ora/-/ora-5.4.1.tgz 6958ms (cache miss)
5272 timing reifyNode:node_modules/inquirer/node_modules/ora Completed in 8543ms
5273 http fetch GET 200 https://registry.npmjs.org/for-each/-/for-each-0.3.5.tgz 6964ms (cache miss)
5274 http fetch GET 200 https://registry.npmjs.org/node-opcua-client-dynamic-extension-object/-/node-opcua-client-dynamic-extension-object-2.160.0.tgz 7720ms (cache miss)
5275 http fetch GET 200 https://registry.npmjs.org/ip 6444ms (cache miss)
5276 timing metavuln:packument:ip Completed in 6444ms
5277 timing metavuln:load:security-advisory:ip:1101851 Completed in 1ms
5278 timing metavuln:load:security-advisory:ip:1097721 Completed in 0ms
5279 http fetch GET 200 https://registry.npmjs.org/node-opcua-aggregates/-/node-opcua-aggregates-2.160.0.tgz 7607ms (cache miss)
5280 timing reifyNode:node_modules/@jest/reporters Completed in 8592ms
5281 timing reifyNode:node_modules/node-opcua-client-dynamic-extension-object Completed in 8621ms
5282 timing reifyNode:node_modules/undici-types Completed in 8617ms
5283 timing reifyNode:node_modules/math-intrinsics Completed in 8615ms
5284 timing reifyNode:node_modules/commander Completed in 8616ms
5285 http fetch GET 200 https://registry.npmjs.org/chalk/-/chalk-5.6.2.tgz 7087ms (cache miss)
5286 timing reifyNode:node_modules/node-opcua-aggregates Completed in 8657ms
5287 timing reifyNode:node_modules/@protobuf-ts/grpc-transport Completed in 8655ms
5288 http fetch GET 200 https://registry.npmjs.org/node-opcua-data-model/-/node-opcua-data-model-2.158.0.tgz 7714ms (cache miss)
5289 timing reifyNode:node_modules/@inquirer/external-editor Completed in 8669ms
5290 http fetch GET 200 https://registry.npmjs.org/@peculiar/asn1-schema/-/asn1-schema-2.6.0.tgz 7900ms (cache miss)
5291 timing reifyNode:node_modules/log-symbols/node_modules/chalk Completed in 8723ms
5292 timing reifyNode:node_modules/for-each Completed in 8751ms
5293 timing reifyNode:node_modules/node-opcua-data-model Completed in 8730ms
5294 timing reifyNode:node_modules/@peculiar/asn1-schema Completed in 8744ms
5295 http fetch GET 200 https://registry.npmjs.org/mustache/-/mustache-4.2.0.tgz 7284ms (cache miss)
5296 timing reifyNode:node_modules/ora/node_modules/chalk Completed in 8782ms
5297 http fetch GET 200 https://registry.npmjs.org/tar 6658ms (cache miss)
5298 timing metavuln:packument:tar Completed in 6660ms
5299 timing metavuln:load:security-advisory:tar:1097493 Completed in 3ms
5300 http fetch GET 200 https://registry.npmjs.org/@protobuf-ts/grpcweb-transport/-/grpcweb-transport-2.8.2.tgz 7305ms (cache miss)
5301 warn deprecated node-domexception@1.0.0: Use your platform's native DOMException instead
5302 timing reifyNode:node_modules/node-domexception Completed in 8814ms
5303 timing reifyNode:node_modules/mustache Completed in 8820ms
5304 http fetch GET 200 https://registry.npmjs.org/node-opcua-client-crawler/-/node-opcua-client-crawler-2.127.1.tgz 7315ms (cache miss)
5305 timing reifyNode:node_modules/@normalframework/applications-sdk/node_modules/chalk Completed in 8823ms
5306 timing reifyNode:node_modules/@peculiar/asn1-cms Completed in 8854ms
5307 http fetch GET 200 https://registry.npmjs.org/js-yaml/-/js-yaml-3.14.2.tgz 7641ms (cache miss)
5308 http fetch GET 200 https://registry.npmjs.org/type-fest/-/type-fest-0.21.3.tgz 7495ms (cache miss)
5309 timing reifyNode:node_modules/@protobuf-ts/grpcweb-transport Completed in 8842ms
5310 http fetch GET 200 https://registry.npmjs.org/readable-stream/-/readable-stream-2.3.8.tgz 7309ms (cache miss)
5311 http fetch GET 200 https://registry.npmjs.org/readable-stream/-/readable-stream-2.3.8.tgz 7305ms (cache miss)
5312 http fetch GET 200 https://registry.npmjs.org/chardet/-/chardet-2.1.1.tgz 7506ms (cache miss)
5313 warn deprecated node-opcua-client-crawler@2.127.1: true
5314 timing reifyNode:node_modules/node-opcua-client-crawler Completed in 8853ms
5315 timing reifyNode:node_modules/js-yaml Completed in 8866ms
5316 http fetch GET 200 https://registry.npmjs.org/minipass/-/minipass-7.1.2.tgz 7350ms (cache miss)
5317 timing metavuln:cache:put:security-advisory:ip:b30c5XyTTW4mB+FTN7C/h1vhoJFO9OI8Q+LTllMkSK3uH9C7IrxRvaSJh85+QHMX79NvRWdtpRRPVOFX+5JL7A== Completed in 295ms
5318 timing metavuln:calculate:security-advisory:ip:1097721 Completed in 6740ms
5319 timing metavuln:cache:put:security-advisory:ip:FcMhhitnipE8n5zCPiVRq2NLRNmu7UZkoO9lrM5CRC/emGwY5wSoa1+q1Q1Z8SPpfXO9tzox/MNRv7luhyJvqg== Completed in 295ms
5320 timing metavuln:calculate:security-advisory:ip:1101851 Completed in 6740ms
5321 http fetch GET 200 https://registry.npmjs.org/@jridgewell/trace-mapping/-/trace-mapping-0.3.31.tgz 7586ms (cache miss)
5322 timing reifyNode:node_modules/@inversifyjs/common Completed in 8870ms
5323 timing reifyNode:node_modules/type-fest Completed in 8871ms
5324 http fetch GET 200 https://registry.npmjs.org/inquirer/-/inquirer-9.3.8.tgz 7393ms (cache miss)
5325 timing reifyNode:node_modules/lazystream/node_modules/readable-stream Completed in 8902ms
5326 timing reifyNode:node_modules/archiver-utils/node_modules/readable-stream Completed in 8902ms
5327 timing reifyNode:node_modules/chardet Completed in 8883ms
5328 timing reifyNode:node_modules/path-scurry/node_modules/minipass Completed in 8933ms
5329 http fetch GET 200 https://registry.npmjs.org/undici-types/-/undici-types-5.26.5.tgz 7359ms (cache miss)
5330 timing reifyNode:node_modules/@jridgewell/trace-mapping Completed in 8915ms
5331 timing reifyNode:node_modules/inquirer Completed in 8916ms
5332 http fetch GET 200 https://registry.npmjs.org/node-opcua-factory/-/node-opcua-factory-2.158.0.tgz 7979ms (cache miss)
5333 http fetch GET 200 https://registry.npmjs.org/source-map/-/source-map-0.6.1.tgz 7767ms (cache miss)
5334 http fetch GET 200 https://registry.npmjs.org/signal-exit/-/signal-exit-4.1.0.tgz 7384ms (cache miss)
5335 timing reifyNode:node_modules/source-map Completed in 8948ms
5336 http fetch GET 200 https://registry.npmjs.org/@js-sdsl/ordered-map/-/ordered-map-4.4.2.tgz 7497ms (cache miss)
5337 timing reifyNode:node_modules/@types/ssh2/node_modules/undici-types Completed in 8975ms
5338 timing reifyNode:node_modules/node-opcua-factory Completed in 8969ms
5339 http fetch GET 200 https://registry.npmjs.org/@jest/core/-/core-29.7.0.tgz 7629ms (cache miss)
5340 timing reifyNode:node_modules/@js-sdsl/ordered-map Completed in 8967ms
5341 timing reifyNode:node_modules/restore-cursor/node_modules/signal-exit Completed in 8999ms
5342 http fetch GET 200 https://registry.npmjs.org/@sinclair/typebox/-/typebox-0.27.8.tgz 7759ms (cache miss)
5343 http fetch GET 200 https://registry.npmjs.org/iconv-lite/-/iconv-lite-0.7.2.tgz 7642ms (cache miss)
5344 timing reifyNode:node_modules/iconv-lite Completed in 8989ms
5345 timing metavuln:cache:put:security-advisory:tar:xsfciMtNhQn+Vb692L8h5HEYBYUJ5Lhjy3bF//LOsKSn8tp0f1hbuDX26k9UtKJNPZjM5uuq2Cxlz3KwL19oJg== Completed in 197ms
5346 timing metavuln:calculate:security-advisory:tar:1097493 Completed in 6860ms
5347 timing metavuln:packument:@normalframework/applications-sdk Completed in 0ms
5348 timing metavuln:packument:vite Completed in 1ms
5349 http fetch GET 200 https://registry.npmjs.org/reflect-metadata/-/reflect-metadata-0.1.14.tgz 7401ms (cache miss)
5350 timing reifyNode:node_modules/@sinclair/typebox Completed in 8996ms
5351 timing reifyNode:node_modules/@jest/core Completed in 8993ms
5352 timing metavuln:cache:get:security-advisory:@normalframework/applications-sdk:TesXB1a+w19NIAC/x0cwWaCJJ7X0fPr/B/248+w5zdMkysyQAw9jHXg6UFGklDaoOu0VpCf8rsZZW8J4CtQGrA== Completed in 6ms
5353 timing metavuln:load:security-advisory:@normalframework/applications-sdk:jKdCIzePj7J1488qgRXvF8Srh9wutSuR1exB8YooNX62hT+qhtrUXYbArLNoIhgwbaCqKpmduh18syZU7BR9SA== Completed in 8ms
5354 timing metavuln:cache:get:security-advisory:vite:tMBsdAS7JBTyRORp0YaJR984WAAsOxgmReSLBN0Nd41GhzEakjROICqAJ31iOdYG5Ijo/MlJ01p3ig1iN88+Tw== Completed in 15ms
5355 timing metavuln:load:security-advisory:vite:jKdCIzePj7J1488qgRXvF8Srh9wutSuR1exB8YooNX62hT+qhtrUXYbArLNoIhgwbaCqKpmduh18syZU7BR9SA== Completed in 103ms
5356 http fetch GET 200 https://registry.npmjs.org/node-cron/-/node-cron-3.0.3.tgz 7662ms (cache miss)
5357 timing reifyNode:node_modules/@normalframework/applications-sdk/node_modules/reflect-metadata Completed in 9119ms
5358 timing reifyNode:node_modules/dockerode/node_modules/tar-fs Completed in 9157ms
5359 http fetch GET 200 https://registry.npmjs.org/ts-pattern/-/ts-pattern-4.3.0.tgz 7679ms (cache miss)
5360 http fetch GET 200 https://registry.npmjs.org/node-opcua-transport/-/node-opcua-transport-2.158.0.tgz 8265ms (cache miss)
5361 http fetch GET 200 https://registry.npmjs.org/@rollup/rollup-linux-x64-musl/-/rollup-linux-x64-musl-4.55.1.tgz 8679ms (cache miss)
5362 timing reifyNode:node_modules/@rollup/rollup-linux-x64-musl Completed in 9169ms
5363 timing reifyNode:node_modules/node-cron Completed in 9139ms
5364 http fetch GET 200 https://registry.npmjs.org/@rollup/rollup-linux-x64-gnu/-/rollup-linux-x64-gnu-4.55.1.tgz 8706ms (cache miss)
5365 timing reifyNode:node_modules/@rollup/rollup-linux-x64-gnu Completed in 9197ms
5366 timing reifyNode:node_modules/ts-pattern Completed in 9163ms
5367 timing reifyNode:node_modules/node-opcua-transport Completed in 9174ms
5368 http fetch GET 200 https://registry.npmjs.org/prompts/-/prompts-2.4.2.tgz 8128ms (cache miss)
5369 timing metavuln:cache:put:security-advisory:@normalframework/applications-sdk:TesXB1a+w19NIAC/x0cwWaCJJ7X0fPr/B/248+w5zdMkysyQAw9jHXg6UFGklDaoOu0VpCf8rsZZW8J4CtQGrA== Completed in 257ms
5370 timing metavuln:calculate:security-advisory:@normalframework/applications-sdk:jKdCIzePj7J1488qgRXvF8Srh9wutSuR1exB8YooNX62hT+qhtrUXYbArLNoIhgwbaCqKpmduh18syZU7BR9SA== Completed in 271ms
5371 timing metavuln:cache:put:security-advisory:vite:tMBsdAS7JBTyRORp0YaJR984WAAsOxgmReSLBN0Nd41GhzEakjROICqAJ31iOdYG5Ijo/MlJ01p3ig1iN88+Tw== Completed in 153ms
5372 timing metavuln:calculate:security-advisory:vite:jKdCIzePj7J1488qgRXvF8Srh9wutSuR1exB8YooNX62hT+qhtrUXYbArLNoIhgwbaCqKpmduh18syZU7BR9SA== Completed in 271ms
5373 timing metavuln:packument:npm Completed in 4ms
5374 http fetch GET 200 https://registry.npmjs.org/@bcoe/v8-coverage/-/v8-coverage-0.2.3.tgz 7990ms (cache miss)
5375 http fetch GET 200 https://registry.npmjs.org/google-protobuf/-/google-protobuf-3.21.4.tgz 7796ms (cache miss)
5376 timing metavuln:cache:get:security-advisory:npm:Tnjcek1x/VKkCUl7kFpsU35VOtVDarxyrZkj2s5fjoFQK2BXQ8+LY+RKd6SB21d7DtRaWcReGS6J3kVPG32tsw== Completed in 18ms
5377 timing metavuln:load:security-advisory:npm:NTB2XjbDOgk4lkd8PZ3tUAm1F3E/ohGF6rl9/3LEO7Z0FDzSR5nWwzd3nUENA3NCNdyeR+35DOC12wPml2IV+g== Completed in 69ms
5378 timing metavuln:cache:get:security-advisory:cacache:jgcnDPpQA6Pd0WUq11of4JS3nfZzFbYPGEiM5lXhkm38JNpJrS4nuiCNInBrG+RFBevWIak8ZWL+tkpr1DlzGg== Completed in 86ms
5379 timing metavuln:cache:get:security-advisory:read-package-json:5WkYUYsTGprHudeNOjhfcYXDGB8eWDswOp2+aJWtp1ncEbaoiGa2Q1lkBQE7lR7C0v/5HFdS8ID7fdeWkZPMug== Completed in 86ms
5380 timing metavuln:cache:get:security-advisory:@npmcli/map-workspaces:0pNmdcaMgysipPn6Wv1WZIdj3OPO0iIPrafbxPsaQEI88kFNZEKM1Ez46mSxpG8no1QYhOWIPUIuJAtmQVkZGQ== Completed in 86ms
5381 timing metavuln:cache:get:security-advisory:@npmcli/package-json:IuS4uCq0jDhmwGeZQ7hT5/7X0enk4QFpYi73Hk9aQe2Ak7eJfTA1g5LBJtInWoHDHMJZdV4ZAMp0p9TjU8doGw== Completed in 85ms
5382 http fetch GET 200 https://registry.npmjs.org/semver/-/semver-7.7.3.tgz 7837ms (cache miss)
5383 http fetch GET 200 https://registry.npmjs.org/node-opcua-address-space-base/-/node-opcua-address-space-base-2.159.0.tgz 8556ms (cache miss)
5384 timing reifyNode:node_modules/prompts Completed in 9406ms
5385 http fetch GET 200 https://registry.npmjs.org/semver/-/semver-7.7.3.tgz 7860ms (cache miss)
5386 timing reifyNode:node_modules/@bcoe/v8-coverage Completed in 9425ms
5387 http fetch GET 200 https://registry.npmjs.org/@protobuf-ts/runtime-rpc/-/runtime-rpc-2.11.1.tgz 7984ms (cache miss)
5388 http fetch GET 200 https://registry.npmjs.org/winston/-/winston-3.19.0.tgz 7974ms (cache miss)
5389 timing reifyNode:node_modules/google-protobuf Completed in 9423ms
5390 timing reifyNode:node_modules/node-opcua-address-space/node_modules/semver Completed in 9433ms
5391 http fetch GET 200 https://registry.npmjs.org/semver/-/semver-7.7.3.tgz 7838ms (cache miss)
5392 timing reifyNode:node_modules/make-dir/node_modules/semver Completed in 9452ms
5393 http fetch GET 200 https://registry.npmjs.org/semver/-/semver-7.7.3.tgz 7888ms (cache miss)
5394 timing reifyNode:node_modules/node-opcua-address-space-base Completed in 9459ms
5395 timing reifyNode:node_modules/@protobuf-ts/runtime-rpc Completed in 9451ms
5396 timing reifyNode:node_modules/winston Completed in 9459ms
5397 http fetch GET 200 https://registry.npmjs.org/@connectrpc/connect-node/-/connect-node-2.1.1.tgz 7964ms (cache miss)
5398 timing reifyNode:node_modules/node-opcua/node_modules/semver Completed in 9476ms
5399 http fetch GET 200 https://registry.npmjs.org/semver/-/semver-7.7.3.tgz 7884ms (cache miss)
5400 http fetch GET 200 https://registry.npmjs.org/@babel/generator/-/generator-7.28.6.tgz 8215ms (cache miss)
5401 timing reifyNode:node_modules/istanbul-lib-instrument/node_modules/semver Completed in 9486ms
5402 timing reifyNode:node_modules/jest-snapshot/node_modules/semver Completed in 9504ms
5403 timing reifyNode:node_modules/@connectrpc/connect-node Completed in 9504ms
5404 timing reifyNode:node_modules/@babel/generator Completed in 9517ms
5405 timing metavuln:cache:put:security-advisory:npm:Tnjcek1x/VKkCUl7kFpsU35VOtVDarxyrZkj2s5fjoFQK2BXQ8+LY+RKd6SB21d7DtRaWcReGS6J3kVPG32tsw== Completed in 223ms
5406 timing metavuln:calculate:security-advisory:npm:NTB2XjbDOgk4lkd8PZ3tUAm1F3E/ohGF6rl9/3LEO7Z0FDzSR5nWwzd3nUENA3NCNdyeR+35DOC12wPml2IV+g== Completed in 310ms
5407 http fetch GET 200 https://registry.npmjs.org/pure-rand/-/pure-rand-6.1.0.tgz 8485ms (cache miss)
5408 http fetch GET 200 https://registry.npmjs.org/lru-cache/-/lru-cache-10.4.3.tgz 8068ms (cache miss)
5409 timing reifyNode:node_modules/path-scurry/node_modules/lru-cache Completed in 9620ms
5410 http fetch GET 200 https://registry.npmjs.org/yargs/-/yargs-17.7.2.tgz 8139ms (cache miss)
5411 timing reifyNode:node_modules/pure-rand Completed in 9595ms
5412 http fetch GET 200 https://registry.npmjs.org/@peculiar/asn1-x509/-/asn1-x509-2.6.0.tgz 8838ms (cache miss)
5413 http fetch GET 200 https://registry.npmjs.org/@npmcli%2fmap-workspaces 344ms (cache miss)
5414 timing metavuln:packument:@npmcli/map-workspaces Completed in 345ms
5415 timing metavuln:load:security-advisory:@npmcli/map-workspaces:NTB2XjbDOgk4lkd8PZ3tUAm1F3E/ohGF6rl9/3LEO7Z0FDzSR5nWwzd3nUENA3NCNdyeR+35DOC12wPml2IV+g== Completed in 4ms
5416 timing reifyNode:node_modules/yargs Completed in 9612ms
5417 timing reifyNode:node_modules/@peculiar/asn1-x509 Completed in 9642ms
5418 http fetch GET 200 https://registry.npmjs.org/istanbul-reports/-/istanbul-reports-3.2.0.tgz 8340ms (cache miss)
5419 http fetch GET 200 https://registry.npmjs.org/uuid/-/uuid-9.0.1.tgz 8114ms (cache miss)
5420 http fetch GET 200 https://registry.npmjs.org/read-package-json 362ms (cache miss)
5421 timing metavuln:packument:read-package-json Completed in 364ms
5422 timing metavuln:load:security-advisory:read-package-json:NTB2XjbDOgk4lkd8PZ3tUAm1F3E/ohGF6rl9/3LEO7Z0FDzSR5nWwzd3nUENA3NCNdyeR+35DOC12wPml2IV+g== Completed in 3ms
5423 http fetch GET 200 https://registry.npmjs.org/@npmcli%2fpackage-json 365ms (cache miss)
5424 timing metavuln:packument:@npmcli/package-json Completed in 365ms
5425 timing metavuln:load:security-advisory:@npmcli/package-json:NTB2XjbDOgk4lkd8PZ3tUAm1F3E/ohGF6rl9/3LEO7Z0FDzSR5nWwzd3nUENA3NCNdyeR+35DOC12wPml2IV+g== Completed in 1ms
5426 http fetch GET 200 https://registry.npmjs.org/@types/jsrsasign/-/jsrsasign-10.5.15.tgz 8849ms (cache miss)
5427 timing reifyNode:node_modules/istanbul-reports Completed in 9640ms
5428 timing reifyNode:node_modules/uuid Completed in 9638ms
5429 http fetch GET 200 https://registry.npmjs.org/uuid/-/uuid-8.3.2.tgz 8061ms (cache miss)
5430 timing reifyNode:node_modules/@types/jsrsasign Completed in 9662ms
5431 http fetch GET 200 https://registry.npmjs.org/cacache 391ms (cache miss)
5432 timing metavuln:packument:cacache Completed in 393ms
5433 timing metavuln:load:security-advisory:cacache:NTB2XjbDOgk4lkd8PZ3tUAm1F3E/ohGF6rl9/3LEO7Z0FDzSR5nWwzd3nUENA3NCNdyeR+35DOC12wPml2IV+g== Completed in 2ms
5434 http fetch GET 200 https://registry.npmjs.org/minimatch/-/minimatch-8.0.4.tgz 8106ms (cache miss)
5435 http fetch GET 200 https://registry.npmjs.org/uuid/-/uuid-8.3.2.tgz 8091ms (cache miss)
5436 http fetch GET 200 https://registry.npmjs.org/node-opcua-pki/-/node-opcua-pki-5.7.0.tgz 8864ms (cache miss)
5437 http fetch GET 200 https://registry.npmjs.org/@protobuf-ts/plugin/-/plugin-2.8.2.tgz 8173ms (cache miss)
5438 timing reifyNode:node_modules/@normalframework/applications-sdk/node_modules/uuid Completed in 9674ms
5439 timing reifyNode:node_modules/rimraf/node_modules/minimatch Completed in 9726ms
5440 timing reifyNode:node_modules/node-cron/node_modules/uuid Completed in 9697ms
5441 timing reifyNode:node_modules/node-opcua-pki Completed in 9714ms
5442 timing reifyNode:node_modules/@protobuf-ts/plugin Completed in 9715ms
5443 http fetch GET 200 https://registry.npmjs.org/rimraf/-/rimraf-4.4.1.tgz 9009ms (cache miss)
5444 http fetch GET 200 https://registry.npmjs.org/@babel/traverse/-/traverse-7.28.6.tgz 8482ms (cache miss)
5445 timing metavuln:cache:put:security-advisory:read-package-json:5WkYUYsTGprHudeNOjhfcYXDGB8eWDswOp2+aJWtp1ncEbaoiGa2Q1lkBQE7lR7C0v/5HFdS8ID7fdeWkZPMug== Completed in 120ms
5446 timing metavuln:calculate:security-advisory:read-package-json:NTB2XjbDOgk4lkd8PZ3tUAm1F3E/ohGF6rl9/3LEO7Z0FDzSR5nWwzd3nUENA3NCNdyeR+35DOC12wPml2IV+g== Completed in 487ms
5447 timing metavuln:cache:put:security-advisory:@npmcli/package-json:IuS4uCq0jDhmwGeZQ7hT5/7X0enk4QFpYi73Hk9aQe2Ak7eJfTA1g5LBJtInWoHDHMJZdV4ZAMp0p9TjU8doGw== Completed in 119ms
5448 timing metavuln:calculate:security-advisory:@npmcli/package-json:NTB2XjbDOgk4lkd8PZ3tUAm1F3E/ohGF6rl9/3LEO7Z0FDzSR5nWwzd3nUENA3NCNdyeR+35DOC12wPml2IV+g== Completed in 485ms
5449 timing metavuln:cache:put:security-advisory:@npmcli/map-workspaces:0pNmdcaMgysipPn6Wv1WZIdj3OPO0iIPrafbxPsaQEI88kFNZEKM1Ez46mSxpG8no1QYhOWIPUIuJAtmQVkZGQ== Completed in 137ms
5450 timing metavuln:calculate:security-advisory:@npmcli/map-workspaces:NTB2XjbDOgk4lkd8PZ3tUAm1F3E/ohGF6rl9/3LEO7Z0FDzSR5nWwzd3nUENA3NCNdyeR+35DOC12wPml2IV+g== Completed in 486ms
5451 timing reifyNode:node_modules/rimraf Completed in 9783ms
5452 timing reifyNode:node_modules/@babel/traverse Completed in 9761ms
5453 timing metavuln:cache:put:security-advisory:cacache:jgcnDPpQA6Pd0WUq11of4JS3nfZzFbYPGEiM5lXhkm38JNpJrS4nuiCNInBrG+RFBevWIak8ZWL+tkpr1DlzGg== Completed in 119ms
5454 timing metavuln:calculate:security-advisory:cacache:NTB2XjbDOgk4lkd8PZ3tUAm1F3E/ohGF6rl9/3LEO7Z0FDzSR5nWwzd3nUENA3NCNdyeR+35DOC12wPml2IV+g== Completed in 515ms
5455 http fetch GET 200 https://registry.npmjs.org/@babel/parser/-/parser-7.28.6.tgz 8537ms (cache miss)
5456 timing metavuln:cache:get:security-advisory:npm:NSQ2hJyAXiKs7q60O50I2qxvS/TexoA6bTJcxlCHVKMFsMufLhknWG4X2L8DVjjiOUhphssZQCAvxy/cIu7LmA== Completed in 29ms
5457 timing metavuln:load:security-advisory:npm:Naq1CJMfecJBJMmqOv5emO+A914rqdkiOI2bP060S0GlI/Ryqht9JKmX0fFLz2hhwbvhm515GDG4KjMr9woLSw== Completed in 63ms
5458 timing metavuln:cache:get:security-advisory:builtins:s5yS3XqDPr1P69G8qSIl4MyDB4CnM9vmmXyIZKN9uaaAjHHp6ghXE09L+AX1RmLRjGLk4tZ75iIYt/Cb44pLHA== Completed in 93ms
5459 timing metavuln:cache:get:security-advisory:init-package-json:k3fte+79DnjQhn9Xv6p115YtsDn6O0uqmCCvk9dFySQs7i8ln9qG9KRhFk2554SDJu7eZrPRTJld15wfEXdWjg== Completed in 93ms
5460 timing metavuln:cache:get:security-advisory:libnpmexec:Aq1+bRCvWABq6kQ1tUdS/ja+MYeFmpoF7FydLbuukrjyse0QcIa1EqIxahLKB/HfGLHkZ4c4H7n+p3uBuqcXxA== Completed in 92ms
5461 timing metavuln:cache:get:security-advisory:libnpmpublish:DDM94y6ohBHU7GMYxrqotx+fLk/qGbjd7Lssg5S7+0Ipt2yrpt1M0dVMtiwiXCtkpX2ba0q4xJNjoRpQrpElwQ== Completed in 93ms
5462 timing metavuln:cache:get:security-advisory:libnpmversion:RPXlMWgLT+ps2dbtbW/Q7EdY1yEsZa+iricIthNC/42ASbstGL3TRdYj/vaoZ509kJUOWsuCTGT3qrxESIGOEA== Completed in 92ms
5463 timing metavuln:cache:get:security-advisory:node-gyp:KgRArgFM/3Nm3Nmj6JcLS/j84f3t3dQMPBpCqtFGFhWcgMJtu3C9n3HnUzM4auiw/eqPVXrRiUg7qv9+j9SCkQ== Completed in 92ms
5464 timing metavuln:cache:get:security-advisory:@npmcli/fs:qQBeAJQVzHos5Jo9tk96IgK0vGRtDR1eQdc7v4tyUuqNrqj0hgAbJBoVp0oaKQ9OVXNL51iv7QyBPDEFuflodA== Completed in 91ms
5465 timing metavuln:cache:get:security-advisory:normalize-package-data:KrbY+EEGvjMFt2unJR8Im5gfm+RzCu3QPrq+EiA6naPLQZrmZrNP44jPYWQ/kCn8t+Ow6g9ML5F7ThLakYKveg== Completed in 90ms
5466 timing metavuln:cache:get:security-advisory:npm-install-checks:sVmM1LzSTy61We/q5nM0YF6RSFfdckeu/uefVnn1McKQbyvSdAT8ELxv9Ffd13uzwOM95K8fX0EwDJ7iJGTrVA== Completed in 89ms
5467 timing metavuln:cache:get:security-advisory:npm-package-arg:GBZ5lbX0srF4rFNGudexQ+FCuCsHFhfRqw4VQhk2Jg34maO4TilDizGRFFT7ol9IMQwXhGU1YsL/KgERCh5mwQ== Completed in 88ms
5468 timing metavuln:cache:get:security-advisory:npm-pick-manifest:P9XY5IPgjx3/jRb/2+/tPoM2tPTCAcVajZI9yjn46b7YiRv58hUBPYp93ghtnZvTbJkqlWPg6ZTThnF/ED2Gvg== Completed in 87ms
5469 timing metavuln:cache:get:security-advisory:@npmcli/arborist:egq2HD1R/W3V4AsqOvNsf1cDVXMBJ6qHAidL5DJV0YWqrhVdlDbs9xnCmh8/tw1NP78E6ifEz1a8Kmi/B0z/ug== Completed in 87ms
5470 timing metavuln:cache:get:security-advisory:@npmcli/config:5RcjLnZYC6DoRpKCSRBKHzFwHa3Eep5dmSrw/2UAwuEzjP2WMfjzxe62UtTE5LNVhvBCDr+9CH83gVTUVdO52g== Completed in 86ms
5471 timing metavuln:cache:get:security-advisory:@npmcli/git:MRchICcNkOu9haB1R4bFecZP52cPOTeT42u+LNmfyEBBVwMI0aMIG2/X684p54+Y57BKkLdzJHPxlFi0Y8Wofw== Completed in 85ms
5472 timing metavuln:cache:get:security-advisory:@npmcli/metavuln-calculator:9hN8hyMqyECLl7eaQJscnxEwTAN2/0jYn0S3LF2zPfUDlszoUGQqFlJNR5YHvDhAWtHho4Dq42d7mBdqMAEuKQ== Completed in 85ms
5473 timing reifyNode:node_modules/@babel/parser Completed in 9903ms
5474 http fetch GET 200 https://registry.npmjs.org/node-opcua-secure-channel/-/node-opcua-secure-channel-2.160.0.tgz 8995ms (cache miss)
5475 http fetch GET 200 https://registry.npmjs.org/glob/-/glob-9.3.5.tgz 8364ms (cache miss)
5476 timing reifyNode:node_modules/node-opcua-secure-channel Completed in 9953ms
5477 timing reifyNode:node_modules/rimraf/node_modules/glob Completed in 10004ms
5478 http fetch GET 200 https://registry.npmjs.org/@protobuf-ts/runtime/-/runtime-2.11.1.tgz 8607ms (cache miss)
5479 http fetch GET 200 https://registry.npmjs.org/rollup/-/rollup-4.55.1.tgz 9584ms (cache miss)
5480 http fetch GET 200 https://registry.npmjs.org/@protobuf-ts/plugin-framework/-/plugin-framework-2.11.0.tgz 8633ms (cache miss)
5481 timing reifyNode:node_modules/rollup Completed in 10100ms
5482 timing metavuln:cache:put:security-advisory:npm:NSQ2hJyAXiKs7q60O50I2qxvS/TexoA6bTJcxlCHVKMFsMufLhknWG4X2L8DVjjiOUhphssZQCAvxy/cIu7LmA== Completed in 207ms
5483 timing metavuln:calculate:security-advisory:npm:Naq1CJMfecJBJMmqOv5emO+A914rqdkiOI2bP060S0GlI/Ryqht9JKmX0fFLz2hhwbvhm515GDG4KjMr9woLSw== Completed in 300ms
5484 timing reifyNode:node_modules/@protobuf-ts/runtime Completed in 10078ms
5485 timing reifyNode:node_modules/@protobuf-ts/plugin-framework Completed in 10085ms
5486 http fetch GET 200 https://registry.npmjs.org/npm-install-checks 339ms (cache miss)
5487 timing metavuln:packument:npm-install-checks Completed in 340ms
5488 timing metavuln:load:security-advisory:npm-install-checks:Naq1CJMfecJBJMmqOv5emO+A914rqdkiOI2bP060S0GlI/Ryqht9JKmX0fFLz2hhwbvhm515GDG4KjMr9woLSw== Completed in 2ms
5489 http fetch GET 200 https://registry.npmjs.org/@npmcli%2ffs 353ms (cache miss)
5490 timing metavuln:packument:@npmcli/fs Completed in 355ms
5491 timing metavuln:load:security-advisory:@npmcli/fs:Naq1CJMfecJBJMmqOv5emO+A914rqdkiOI2bP060S0GlI/Ryqht9JKmX0fFLz2hhwbvhm515GDG4KjMr9woLSw== Completed in 0ms
5492 http fetch GET 200 https://registry.npmjs.org/normalize-package-data 360ms (cache miss)
5493 timing metavuln:packument:normalize-package-data Completed in 361ms
5494 timing metavuln:load:security-advisory:normalize-package-data:Naq1CJMfecJBJMmqOv5emO+A914rqdkiOI2bP060S0GlI/Ryqht9JKmX0fFLz2hhwbvhm515GDG4KjMr9woLSw== Completed in 3ms
5495 http fetch GET 200 https://registry.npmjs.org/init-package-json 368ms (cache miss)
5496 timing metavuln:packument:init-package-json Completed in 369ms
5497 timing metavuln:load:security-advisory:init-package-json:Naq1CJMfecJBJMmqOv5emO+A914rqdkiOI2bP060S0GlI/Ryqht9JKmX0fFLz2hhwbvhm515GDG4KjMr9woLSw== Completed in 1ms
5498 http fetch GET 200 https://registry.npmjs.org/builtins 372ms (cache miss)
5499 timing metavuln:packument:builtins Completed in 372ms
5500 timing metavuln:load:security-advisory:builtins:Naq1CJMfecJBJMmqOv5emO+A914rqdkiOI2bP060S0GlI/Ryqht9JKmX0fFLz2hhwbvhm515GDG4KjMr9woLSw== Completed in 1ms
5501 http fetch GET 200 https://registry.npmjs.org/async/-/async-3.2.6.tgz 9357ms (cache miss)
5502 timing reifyNode:node_modules/async Completed in 10177ms
5503 http fetch GET 200 https://registry.npmjs.org/npm-package-arg 390ms (cache miss)
5504 timing metavuln:packument:npm-package-arg Completed in 390ms
5505 timing metavuln:load:security-advisory:npm-package-arg:Naq1CJMfecJBJMmqOv5emO+A914rqdkiOI2bP060S0GlI/Ryqht9JKmX0fFLz2hhwbvhm515GDG4KjMr9woLSw== Completed in 2ms
5506 http fetch GET 200 https://registry.npmjs.org/npm-pick-manifest 391ms (cache miss)
5507 timing metavuln:packument:npm-pick-manifest Completed in 392ms
5508 timing metavuln:load:security-advisory:npm-pick-manifest:Naq1CJMfecJBJMmqOv5emO+A914rqdkiOI2bP060S0GlI/Ryqht9JKmX0fFLz2hhwbvhm515GDG4KjMr9woLSw== Completed in 0ms
5509 http fetch GET 200 https://registry.npmjs.org/libnpmversion 405ms (cache miss)
5510 timing metavuln:packument:libnpmversion Completed in 405ms
5511 timing metavuln:load:security-advisory:libnpmversion:Naq1CJMfecJBJMmqOv5emO+A914rqdkiOI2bP060S0GlI/Ryqht9JKmX0fFLz2hhwbvhm515GDG4KjMr9woLSw== Completed in 3ms
5512 http fetch GET 200 https://registry.npmjs.org/@npmcli%2fgit 402ms (cache miss)
5513 timing metavuln:packument:@npmcli/git Completed in 403ms
5514 timing metavuln:load:security-advisory:@npmcli/git:Naq1CJMfecJBJMmqOv5emO+A914rqdkiOI2bP060S0GlI/Ryqht9JKmX0fFLz2hhwbvhm515GDG4KjMr9woLSw== Completed in 0ms
5515 http fetch GET 200 https://registry.npmjs.org/@npmcli%2fmetavuln-calculator 403ms (cache miss)
5516 timing metavuln:packument:@npmcli/metavuln-calculator Completed in 404ms
5517 timing metavuln:load:security-advisory:@npmcli/metavuln-calculator:Naq1CJMfecJBJMmqOv5emO+A914rqdkiOI2bP060S0GlI/Ryqht9JKmX0fFLz2hhwbvhm515GDG4KjMr9woLSw== Completed in 0ms
5518 http fetch GET 200 https://registry.npmjs.org/libnpmpublish 429ms (cache miss)
5519 timing metavuln:packument:libnpmpublish Completed in 431ms
5520 timing metavuln:load:security-advisory:libnpmpublish:Naq1CJMfecJBJMmqOv5emO+A914rqdkiOI2bP060S0GlI/Ryqht9JKmX0fFLz2hhwbvhm515GDG4KjMr9woLSw== Completed in 1ms
5521 http fetch GET 200 https://registry.npmjs.org/@npmcli%2fconfig 430ms (cache miss)
5522 timing metavuln:packument:@npmcli/config Completed in 431ms
5523 timing metavuln:load:security-advisory:@npmcli/config:Naq1CJMfecJBJMmqOv5emO+A914rqdkiOI2bP060S0GlI/Ryqht9JKmX0fFLz2hhwbvhm515GDG4KjMr9woLSw== Completed in 1ms
5524 http fetch GET 200 https://registry.npmjs.org/libnpmexec 442ms (cache miss)
5525 timing metavuln:packument:libnpmexec Completed in 445ms
5526 timing metavuln:load:security-advisory:libnpmexec:Naq1CJMfecJBJMmqOv5emO+A914rqdkiOI2bP060S0GlI/Ryqht9JKmX0fFLz2hhwbvhm515GDG4KjMr9woLSw== Completed in 1ms
5527 http fetch GET 200 https://registry.npmjs.org/node-gyp 447ms (cache miss)
5528 timing metavuln:packument:node-gyp Completed in 449ms
5529 timing metavuln:load:security-advisory:node-gyp:Naq1CJMfecJBJMmqOv5emO+A914rqdkiOI2bP060S0GlI/Ryqht9JKmX0fFLz2hhwbvhm515GDG4KjMr9woLSw== Completed in 3ms
5530 timing metavuln:cache:put:security-advisory:npm-install-checks:sVmM1LzSTy61We/q5nM0YF6RSFfdckeu/uefVnn1McKQbyvSdAT8ELxv9Ffd13uzwOM95K8fX0EwDJ7iJGTrVA== Completed in 130ms
5531 timing metavuln:calculate:security-advisory:npm-install-checks:Naq1CJMfecJBJMmqOv5emO+A914rqdkiOI2bP060S0GlI/Ryqht9JKmX0fFLz2hhwbvhm515GDG4KjMr9woLSw== Completed in 472ms
5532 timing metavuln:cache:put:security-advisory:@npmcli/fs:qQBeAJQVzHos5Jo9tk96IgK0vGRtDR1eQdc7v4tyUuqNrqj0hgAbJBoVp0oaKQ9OVXNL51iv7QyBPDEFuflodA== Completed in 120ms
5533 timing metavuln:calculate:security-advisory:@npmcli/fs:Naq1CJMfecJBJMmqOv5emO+A914rqdkiOI2bP060S0GlI/Ryqht9JKmX0fFLz2hhwbvhm515GDG4KjMr9woLSw== Completed in 475ms
5534 timing metavuln:cache:put:security-advisory:init-package-json:k3fte+79DnjQhn9Xv6p115YtsDn6O0uqmCCvk9dFySQs7i8ln9qG9KRhFk2554SDJu7eZrPRTJld15wfEXdWjg== Completed in 112ms
5535 timing metavuln:calculate:security-advisory:init-package-json:Naq1CJMfecJBJMmqOv5emO+A914rqdkiOI2bP060S0GlI/Ryqht9JKmX0fFLz2hhwbvhm515GDG4KjMr9woLSw== Completed in 483ms
5536 timing metavuln:cache:put:security-advisory:normalize-package-data:KrbY+EEGvjMFt2unJR8Im5gfm+RzCu3QPrq+EiA6naPLQZrmZrNP44jPYWQ/kCn8t+Ow6g9ML5F7ThLakYKveg== Completed in 114ms
5537 timing metavuln:calculate:security-advisory:normalize-package-data:Naq1CJMfecJBJMmqOv5emO+A914rqdkiOI2bP060S0GlI/Ryqht9JKmX0fFLz2hhwbvhm515GDG4KjMr9woLSw== Completed in 478ms
5538 timing metavuln:cache:put:security-advisory:builtins:s5yS3XqDPr1P69G8qSIl4MyDB4CnM9vmmXyIZKN9uaaAjHHp6ghXE09L+AX1RmLRjGLk4tZ75iIYt/Cb44pLHA== Completed in 110ms
5539 timing metavuln:calculate:security-advisory:builtins:Naq1CJMfecJBJMmqOv5emO+A914rqdkiOI2bP060S0GlI/Ryqht9JKmX0fFLz2hhwbvhm515GDG4KjMr9woLSw== Completed in 483ms
5540 http fetch GET 200 https://registry.npmjs.org/cpu-features/-/cpu-features-0.0.10.tgz 9719ms (cache miss)
5541 timing metavuln:cache:put:security-advisory:npm-pick-manifest:P9XY5IPgjx3/jRb/2+/tPoM2tPTCAcVajZI9yjn46b7YiRv58hUBPYp93ghtnZvTbJkqlWPg6ZTThnF/ED2Gvg== Completed in 90ms
5542 timing metavuln:calculate:security-advisory:npm-pick-manifest:Naq1CJMfecJBJMmqOv5emO+A914rqdkiOI2bP060S0GlI/Ryqht9JKmX0fFLz2hhwbvhm515GDG4KjMr9woLSw== Completed in 482ms
5543 timing metavuln:cache:put:security-advisory:npm-package-arg:GBZ5lbX0srF4rFNGudexQ+FCuCsHFhfRqw4VQhk2Jg34maO4TilDizGRFFT7ol9IMQwXhGU1YsL/KgERCh5mwQ== Completed in 93ms
5544 timing metavuln:calculate:security-advisory:npm-package-arg:Naq1CJMfecJBJMmqOv5emO+A914rqdkiOI2bP060S0GlI/Ryqht9JKmX0fFLz2hhwbvhm515GDG4KjMr9woLSw== Completed in 485ms
5545 timing metavuln:cache:put:security-advisory:libnpmversion:RPXlMWgLT+ps2dbtbW/Q7EdY1yEsZa+iricIthNC/42ASbstGL3TRdYj/vaoZ509kJUOWsuCTGT3qrxESIGOEA== Completed in 83ms
5546 timing metavuln:calculate:security-advisory:libnpmversion:Naq1CJMfecJBJMmqOv5emO+A914rqdkiOI2bP060S0GlI/Ryqht9JKmX0fFLz2hhwbvhm515GDG4KjMr9woLSw== Completed in 491ms
5547 timing metavuln:cache:put:security-advisory:@npmcli/git:MRchICcNkOu9haB1R4bFecZP52cPOTeT42u+LNmfyEBBVwMI0aMIG2/X684p54+Y57BKkLdzJHPxlFi0Y8Wofw== Completed in 81ms
5548 timing metavuln:calculate:security-advisory:@npmcli/git:Naq1CJMfecJBJMmqOv5emO+A914rqdkiOI2bP060S0GlI/Ryqht9JKmX0fFLz2hhwbvhm515GDG4KjMr9woLSw== Completed in 485ms
5549 timing metavuln:cache:put:security-advisory:@npmcli/metavuln-calculator:9hN8hyMqyECLl7eaQJscnxEwTAN2/0jYn0S3LF2zPfUDlszoUGQqFlJNR5YHvDhAWtHho4Dq42d7mBdqMAEuKQ== Completed in 80ms
5550 timing metavuln:calculate:security-advisory:@npmcli/metavuln-calculator:Naq1CJMfecJBJMmqOv5emO+A914rqdkiOI2bP060S0GlI/Ryqht9JKmX0fFLz2hhwbvhm515GDG4KjMr9woLSw== Completed in 484ms
5551 timing reifyNode:node_modules/cpu-features Completed in 10305ms
5552 timing metavuln:cache:put:security-advisory:libnpmpublish:DDM94y6ohBHU7GMYxrqotx+fLk/qGbjd7Lssg5S7+0Ipt2yrpt1M0dVMtiwiXCtkpX2ba0q4xJNjoRpQrpElwQ== Completed in 77ms
5553 timing metavuln:calculate:security-advisory:libnpmpublish:Naq1CJMfecJBJMmqOv5emO+A914rqdkiOI2bP060S0GlI/Ryqht9JKmX0fFLz2hhwbvhm515GDG4KjMr9woLSw== Completed in 509ms
5554 timing metavuln:cache:put:security-advisory:@npmcli/config:5RcjLnZYC6DoRpKCSRBKHzFwHa3Eep5dmSrw/2UAwuEzjP2WMfjzxe62UtTE5LNVhvBCDr+9CH83gVTUVdO52g== Completed in 76ms
5555 timing metavuln:calculate:security-advisory:@npmcli/config:Naq1CJMfecJBJMmqOv5emO+A914rqdkiOI2bP060S0GlI/Ryqht9JKmX0fFLz2hhwbvhm515GDG4KjMr9woLSw== Completed in 508ms
5556 http fetch GET 200 https://registry.npmjs.org/resolve/-/resolve-1.22.11.tgz 9238ms (cache miss)
5557 timing metavuln:cache:put:security-advisory:libnpmexec:Aq1+bRCvWABq6kQ1tUdS/ja+MYeFmpoF7FydLbuukrjyse0QcIa1EqIxahLKB/HfGLHkZ4c4H7n+p3uBuqcXxA== Completed in 73ms
5558 timing metavuln:calculate:security-advisory:libnpmexec:Naq1CJMfecJBJMmqOv5emO+A914rqdkiOI2bP060S0GlI/Ryqht9JKmX0fFLz2hhwbvhm515GDG4KjMr9woLSw== Completed in 519ms
5559 timing metavuln:cache:put:security-advisory:node-gyp:KgRArgFM/3Nm3Nmj6JcLS/j84f3t3dQMPBpCqtFGFhWcgMJtu3C9n3HnUzM4auiw/eqPVXrRiUg7qv9+j9SCkQ== Completed in 68ms
5560 timing metavuln:calculate:security-advisory:node-gyp:Naq1CJMfecJBJMmqOv5emO+A914rqdkiOI2bP060S0GlI/Ryqht9JKmX0fFLz2hhwbvhm515GDG4KjMr9woLSw== Completed in 520ms
5561 timing reifyNode:node_modules/resolve Completed in 10316ms
5562 http fetch GET 200 https://registry.npmjs.org/vite/-/vite-5.4.21.tgz 9843ms (cache miss)
5563 http fetch GET 200 https://registry.npmjs.org/@npmcli%2farborist 551ms (cache miss)
5564 timing metavuln:packument:@npmcli/arborist Completed in 556ms
5565 timing metavuln:load:security-advisory:@npmcli/arborist:Naq1CJMfecJBJMmqOv5emO+A914rqdkiOI2bP060S0GlI/Ryqht9JKmX0fFLz2hhwbvhm515GDG4KjMr9woLSw== Completed in 3ms
5566 timing reifyNode:node_modules/vite Completed in 10380ms
5567 http fetch GET 200 https://registry.npmjs.org/ssh2/-/ssh2-1.17.0.tgz 9823ms (cache miss)
5568 timing reifyNode:node_modules/ssh2 Completed in 10401ms
5569 timing metavuln:cache:put:security-advisory:@npmcli/arborist:egq2HD1R/W3V4AsqOvNsf1cDVXMBJ6qHAidL5DJV0YWqrhVdlDbs9xnCmh8/tw1NP78E6ifEz1a8Kmi/B0z/ug== Completed in 75ms
5570 timing metavuln:calculate:security-advisory:@npmcli/arborist:Naq1CJMfecJBJMmqOv5emO+A914rqdkiOI2bP060S0GlI/Ryqht9JKmX0fFLz2hhwbvhm515GDG4KjMr9woLSw== Completed in 634ms
5571 http fetch GET 200 https://registry.npmjs.org/tsyringe/-/tsyringe-4.10.0.tgz 9667ms (cache miss)
5572 timing metavuln:cache:get:security-advisory:foreground-child:cZpBeVkHEpw8jHC+EKy88Laxrd1ur7RE5Fx7lVjtRJXjrwMFQVN00FKtYlT+IVZhQkq/19Fig8voVSYNZLEz1A== Completed in 5ms
5573 timing reifyNode:node_modules/tsyringe Completed in 10474ms
5574 http fetch GET 200 https://registry.npmjs.org/node-opcua-server/-/node-opcua-server-2.160.0.tgz 9631ms (cache miss)
5575 http fetch GET 200 https://registry.npmjs.org/@babel/core/-/core-7.28.6.tgz 9284ms (cache miss)
5576 timing reifyNode:node_modules/node-opcua-server Completed in 10575ms
5577 http fetch GET 200 https://registry.npmjs.org/node-opcua-types/-/node-opcua-types-2.159.0.tgz 9710ms (cache miss)
5578 timing reifyNode:node_modules/@babel/core Completed in 10577ms
5579 timing reifyNode:node_modules/node-opcua-types Completed in 10600ms
5580 http fetch GET 200 https://registry.npmjs.org/foreground-child 172ms (cache miss)
5581 timing metavuln:packument:foreground-child Completed in 173ms
5582 timing metavuln:load:security-advisory:foreground-child:PBcc/5P1UEO/1Ba/jUNR65wOzs1wU0Y+m+OOSfB57dG5EajzjbqRMRm0l7MWqcJgHDYM5GoZ36Hm7qAYFlIH3A== Completed in 1ms
5583 http fetch GET 200 https://registry.npmjs.org/vitest/-/vitest-2.1.9.tgz 9161ms (cache miss)
5584 timing reifyNode:node_modules/vitest Completed in 10632ms
5585 http fetch GET 200 https://registry.npmjs.org/node-opcua-crypto/-/node-opcua-crypto-4.16.1.tgz 9691ms (cache miss)
5586 http fetch GET 200 https://registry.npmjs.org/simple-git/-/simple-git-3.30.0.tgz 9229ms (cache miss)
5587 timing reifyNode:node_modules/node-opcua-crypto Completed in 10693ms
5588 timing metavuln:cache:put:security-advisory:foreground-child:cZpBeVkHEpw8jHC+EKy88Laxrd1ur7RE5Fx7lVjtRJXjrwMFQVN00FKtYlT+IVZhQkq/19Fig8voVSYNZLEz1A== Completed in 107ms
5589 timing metavuln:calculate:security-advisory:foreground-child:PBcc/5P1UEO/1Ba/jUNR65wOzs1wU0Y+m+OOSfB57dG5EajzjbqRMRm0l7MWqcJgHDYM5GoZ36Hm7qAYFlIH3A== Completed in 281ms
5590 timing metavuln:packument:minimatch Completed in 0ms
5591 timing reifyNode:node_modules/simple-git Completed in 10701ms
5592 timing metavuln:cache:get:security-advisory:minimatch:EdzP79sukXfwnaTxyFO/a1+fXPBBvIH9NlsgWGTGWGSpQkNPxYQxFaMxiKCAwfckwBABbsvD1jCrk+QZ4W56Rw== Completed in 4ms
5593 timing metavuln:load:security-advisory:minimatch:7IQMvcVTr+svbh5KCx4Kl6FQKJ1GciM03BnJAve/5WYJjUeRzKAIrStVpfachbl3T6a7o8nYlQEVG6Ih0TNXRg== Completed in 2ms
5594 http fetch GET 200 https://registry.npmjs.org/@types/node/-/node-18.19.130.tgz 9216ms (cache miss)
5595 timing reifyNode:node_modules/@types/ssh2/node_modules/@types/node Completed in 10789ms
5596 timing metavuln:cache:put:security-advisory:minimatch:EdzP79sukXfwnaTxyFO/a1+fXPBBvIH9NlsgWGTGWGSpQkNPxYQxFaMxiKCAwfckwBABbsvD1jCrk+QZ4W56Rw== Completed in 105ms
5597 timing metavuln:calculate:security-advisory:minimatch:7IQMvcVTr+svbh5KCx4Kl6FQKJ1GciM03BnJAve/5WYJjUeRzKAIrStVpfachbl3T6a7o8nYlQEVG6Ih0TNXRg== Completed in 111ms
5598 timing metavuln:cache:get:security-advisory:minimatch:47aVejY8/1KnEnFlTo+uF90a7w1XvtOjMP1i7DvyX4+jxy/wlG4RjX1rMW+bmptQMpL8TSkcMyWTMH7gxl9Fpg== Completed in 3ms
5599 timing metavuln:load:security-advisory:minimatch:mClmYqWawCNXseeTBHWiIwZH/2CmFUqPCmosJIeOhAgD9z1v3SayhHAwaWVo8wmeKU/JN9VP4zDBeXaqy3Ay2A== Completed in 2ms
5600 http fetch GET 200 https://registry.npmjs.org/node-opcua-client/-/node-opcua-client-2.160.0.tgz 9327ms (cache miss)
5601 timing reifyNode:node_modules/node-opcua-client Completed in 10856ms
5602 timing metavuln:cache:put:security-advisory:minimatch:47aVejY8/1KnEnFlTo+uF90a7w1XvtOjMP1i7DvyX4+jxy/wlG4RjX1rMW+bmptQMpL8TSkcMyWTMH7gxl9Fpg== Completed in 79ms
5603 timing metavuln:calculate:security-advisory:minimatch:mClmYqWawCNXseeTBHWiIwZH/2CmFUqPCmosJIeOhAgD9z1v3SayhHAwaWVo8wmeKU/JN9VP4zDBeXaqy3Ay2A== Completed in 84ms
5604 timing metavuln:packument:dockerode Completed in 0ms
5605 timing metavuln:cache:get:security-advisory:dockerode:qNLYC2cAV4fbDjMxuO4a92srmZ62xVPRQFZnR5IkwgnLuFllDssE28+JiAw1opSV+YDA01BvqUXN+1pd3qdocQ== Completed in 2ms
5606 timing metavuln:load:security-advisory:dockerode:cvuUIK3mvYU/u7TShVqDjuuoWy7Jgl2iyysqZzndeGLLwvbCDiePQ/rot9wwSNqpYc8yRaszF/7dU1Uelp1dUw== Completed in 4ms
5607 http fetch GET 200 https://registry.npmjs.org/@types/node/-/node-25.0.8.tgz 9512ms (cache miss)
5608 timing reifyNode:node_modules/@types/node Completed in 10923ms
5609 http fetch GET 200 https://registry.npmjs.org/yaml/-/yaml-2.8.2.tgz 10388ms (cache miss)
5610 timing metavuln:cache:put:security-advisory:dockerode:qNLYC2cAV4fbDjMxuO4a92srmZ62xVPRQFZnR5IkwgnLuFllDssE28+JiAw1opSV+YDA01BvqUXN+1pd3qdocQ== Completed in 37ms
5611 timing metavuln:calculate:security-advisory:dockerode:cvuUIK3mvYU/u7TShVqDjuuoWy7Jgl2iyysqZzndeGLLwvbCDiePQ/rot9wwSNqpYc8yRaszF/7dU1Uelp1dUw== Completed in 43ms
5612 timing metavuln:cache:get:security-advisory:socks:re7e5WgYC0N2yCcyKEpIVOef1b0RSDx7Y0SpqokON2S0og4NBc+basQ12t25Rom7giF5cYm2S3iMuCSJlhszhQ== Completed in 4ms
5613 http fetch GET 200 https://registry.npmjs.org/axios/-/axios-1.13.2.tgz 9449ms (cache miss)
5614 timing reifyNode:node_modules/axios Completed in 10947ms
5615 timing reifyNode:node_modules/yaml Completed in 10982ms
5616 http fetch GET 200 https://registry.npmjs.org/@babel/helpers/-/helpers-7.28.6.tgz 9709ms (cache miss)
5617 timing reifyNode:node_modules/@babel/helpers Completed in 10985ms
5618 http fetch GET 200 https://registry.npmjs.org/protobufjs/-/protobufjs-7.5.4.tgz 9545ms (cache miss)
5619 timing reifyNode:node_modules/protobufjs Completed in 10991ms
5620 http fetch GET 200 https://registry.npmjs.org/inversify/-/inversify-6.2.2.tgz 9553ms (cache miss)
5621 timing reifyNode:node_modules/inversify Completed in 11020ms
5622 http fetch GET 200 https://registry.npmjs.org/testcontainers/-/testcontainers-9.12.0.tgz 9605ms (cache miss)
5623 timing reifyNode:node_modules/testcontainers Completed in 11066ms
5624 http fetch GET 200 https://registry.npmjs.org/socks 160ms (cache miss)
5625 timing metavuln:packument:socks Completed in 163ms
5626 timing metavuln:load:security-advisory:socks:FcMhhitnipE8n5zCPiVRq2NLRNmu7UZkoO9lrM5CRC/emGwY5wSoa1+q1Q1Z8SPpfXO9tzox/MNRv7luhyJvqg== Completed in 4ms
5627 timing metavuln:cache:put:security-advisory:socks:re7e5WgYC0N2yCcyKEpIVOef1b0RSDx7Y0SpqokON2S0og4NBc+basQ12t25Rom7giF5cYm2S3iMuCSJlhszhQ== Completed in 50ms
5628 timing metavuln:calculate:security-advisory:socks:FcMhhitnipE8n5zCPiVRq2NLRNmu7UZkoO9lrM5CRC/emGwY5wSoa1+q1Q1Z8SPpfXO9tzox/MNRv7luhyJvqg== Completed in 217ms
5629 timing metavuln:cache:get:security-advisory:npm:q4iQECdLrjI3Gf+BxhrntvmBu9Ki+IP40GlML4SVC0e8TrqO++lsU2iWXZDasV4MsmAj9HsvCqDQN3ru5ZK4LA== Completed in 7ms
5630 timing metavuln:load:security-advisory:npm:xsfciMtNhQn+Vb692L8h5HEYBYUJ5Lhjy3bF//LOsKSn8tp0f1hbuDX26k9UtKJNPZjM5uuq2Cxlz3KwL19oJg== Completed in 58ms
5631 timing metavuln:cache:get:security-advisory:cacache:23ujtretmvB1Q6nwRAN4et2x6TaiMiF22Q16OlGB9hz1JzeqP0elo3O+sZbaMFuF2ldINgIs99mZYf/yzvXNSQ== Completed in 67ms
5632 timing metavuln:load:security-advisory:cacache:xsfciMtNhQn+Vb692L8h5HEYBYUJ5Lhjy3bF//LOsKSn8tp0f1hbuDX26k9UtKJNPZjM5uuq2Cxlz3KwL19oJg== Completed in 6ms
5633 timing metavuln:cache:get:security-advisory:libnpmdiff:PzYmTkdUsuU6p7xMS3NvuXIkDg6/ZUdsiAUOaG2FG+ruETVHRw3pkwd5SfSPv/HvPr+DGPbBjjeuF87hyHgl/w== Completed in 73ms
5634 timing metavuln:cache:get:security-advisory:node-gyp:Rpe4QFTznz5OQZEcumE8ewontGWpDMN2/EB2qOpnA+zB6STvbtlNxaZNR126QHUStUK80yo/wR7Tw4gAhvfWhw== Completed in 71ms
5635 timing metavuln:load:security-advisory:node-gyp:xsfciMtNhQn+Vb692L8h5HEYBYUJ5Lhjy3bF//LOsKSn8tp0f1hbuDX26k9UtKJNPZjM5uuq2Cxlz3KwL19oJg== Completed in 10ms
5636 timing metavuln:cache:get:security-advisory:pacote:5nL2BVmZdpjhBZ7a3CK7N/m/f/lv+zH8Y+nT55HCe0u90hwrkMqqWFfJGcy1kDrYlqMa4V2tZ5D9u6+B+mJoTQ== Completed in 81ms
5637 timing metavuln:cache:put:security-advisory:node-gyp:Rpe4QFTznz5OQZEcumE8ewontGWpDMN2/EB2qOpnA+zB6STvbtlNxaZNR126QHUStUK80yo/wR7Tw4gAhvfWhw== Completed in 42ms
5638 timing metavuln:calculate:security-advisory:node-gyp:xsfciMtNhQn+Vb692L8h5HEYBYUJ5Lhjy3bF//LOsKSn8tp0f1hbuDX26k9UtKJNPZjM5uuq2Cxlz3KwL19oJg== Completed in 123ms
5639 timing metavuln:cache:put:security-advisory:cacache:23ujtretmvB1Q6nwRAN4et2x6TaiMiF22Q16OlGB9hz1JzeqP0elo3O+sZbaMFuF2ldINgIs99mZYf/yzvXNSQ== Completed in 52ms
5640 timing metavuln:calculate:security-advisory:cacache:xsfciMtNhQn+Vb692L8h5HEYBYUJ5Lhjy3bF//LOsKSn8tp0f1hbuDX26k9UtKJNPZjM5uuq2Cxlz3KwL19oJg== Completed in 125ms
5641 timing metavuln:cache:put:security-advisory:npm:q4iQECdLrjI3Gf+BxhrntvmBu9Ki+IP40GlML4SVC0e8TrqO++lsU2iWXZDasV4MsmAj9HsvCqDQN3ru5ZK4LA== Completed in 63ms
5642 timing metavuln:calculate:security-advisory:npm:xsfciMtNhQn+Vb692L8h5HEYBYUJ5Lhjy3bF//LOsKSn8tp0f1hbuDX26k9UtKJNPZjM5uuq2Cxlz3KwL19oJg== Completed in 128ms
5643 http fetch GET 200 https://registry.npmjs.org/luxon/-/luxon-3.7.2.tgz 9829ms (cache miss)
5644 timing reifyNode:node_modules/luxon Completed in 11286ms
5645 http fetch GET 200 https://registry.npmjs.org/@babel/types/-/types-7.28.6.tgz 10071ms (cache miss)
5646 timing reifyNode:node_modules/@babel/types Completed in 11320ms
5647 http fetch GET 200 https://registry.npmjs.org/@connectrpc/connect/-/connect-2.1.1.tgz 9821ms (cache miss)
5648 timing reifyNode:node_modules/@connectrpc/connect Completed in 11328ms
5649 http fetch GET 200 https://registry.npmjs.org/pacote 212ms (cache miss)
5650 timing metavuln:packument:pacote Completed in 217ms
5651 timing metavuln:load:security-advisory:pacote:xsfciMtNhQn+Vb692L8h5HEYBYUJ5Lhjy3bF//LOsKSn8tp0f1hbuDX26k9UtKJNPZjM5uuq2Cxlz3KwL19oJg== Completed in 13ms
5652 http fetch GET 200 https://registry.npmjs.org/libnpmdiff 258ms (cache miss)
5653 timing metavuln:packument:libnpmdiff Completed in 261ms
5654 timing metavuln:load:security-advisory:libnpmdiff:xsfciMtNhQn+Vb692L8h5HEYBYUJ5Lhjy3bF//LOsKSn8tp0f1hbuDX26k9UtKJNPZjM5uuq2Cxlz3KwL19oJg== Completed in 2ms
5655 timing metavuln:cache:put:security-advisory:pacote:5nL2BVmZdpjhBZ7a3CK7N/m/f/lv+zH8Y+nT55HCe0u90hwrkMqqWFfJGcy1kDrYlqMa4V2tZ5D9u6+B+mJoTQ== Completed in 38ms
5656 timing metavuln:calculate:security-advisory:pacote:xsfciMtNhQn+Vb692L8h5HEYBYUJ5Lhjy3bF//LOsKSn8tp0f1hbuDX26k9UtKJNPZjM5uuq2Cxlz3KwL19oJg== Completed in 268ms
5657 timing metavuln:cache:put:security-advisory:libnpmdiff:PzYmTkdUsuU6p7xMS3NvuXIkDg6/ZUdsiAUOaG2FG+ruETVHRw3pkwd5SfSPv/HvPr+DGPbBjjeuF87hyHgl/w== Completed in 42ms
5658 timing metavuln:calculate:security-advisory:libnpmdiff:xsfciMtNhQn+Vb692L8h5HEYBYUJ5Lhjy3bF//LOsKSn8tp0f1hbuDX26k9UtKJNPZjM5uuq2Cxlz3KwL19oJg== Completed in 305ms
5659 timing metavuln:packument:vitest Completed in 1ms
5660 timing metavuln:packument:@vitest/mocker Completed in 1ms
5661 timing metavuln:packument:vite-node Completed in 0ms
5662 timing metavuln:cache:get:security-advisory:vitest:XRC5FYn4BgxTqFRmBvXrbhEb/XwDQF7aS38Di6r7Pv9zY1oGG9mQ2VYohi/Jc8TchbgRdRy0c0xiUZ9w83+tUA== Completed in 4ms
5663 timing metavuln:load:security-advisory:vitest:tMBsdAS7JBTyRORp0YaJR984WAAsOxgmReSLBN0Nd41GhzEakjROICqAJ31iOdYG5Ijo/MlJ01p3ig1iN88+Tw== Completed in 113ms
5664 timing metavuln:cache:get:security-advisory:@vitest/mocker:SJ6ALG5CByItLFxBhtpyrxAdDoKdsJCSnzbVFPNK6WdVHJq3/BQr5X33nTvglq430Jo7eFZBpLt727pFLHxHzA== Completed in 119ms
5665 timing metavuln:load:security-advisory:@vitest/mocker:tMBsdAS7JBTyRORp0YaJR984WAAsOxgmReSLBN0Nd41GhzEakjROICqAJ31iOdYG5Ijo/MlJ01p3ig1iN88+Tw== Completed in 3ms
5666 timing metavuln:cache:get:security-advisory:vite-node:qYQfE1mMxIUuwRggKZ3LbYT3bx3mXjMCa+BErBSpF5ui1NkOZf8s+ygWxS4DHMFgC2TLwtHm6g4avxKZe91a0g== Completed in 121ms
5667 timing metavuln:load:security-advisory:vite-node:tMBsdAS7JBTyRORp0YaJR984WAAsOxgmReSLBN0Nd41GhzEakjROICqAJ31iOdYG5Ijo/MlJ01p3ig1iN88+Tw== Completed in 37ms
5668 timing metavuln:cache:put:security-advisory:@vitest/mocker:SJ6ALG5CByItLFxBhtpyrxAdDoKdsJCSnzbVFPNK6WdVHJq3/BQr5X33nTvglq430Jo7eFZBpLt727pFLHxHzA== Completed in 63ms
5669 timing metavuln:calculate:security-advisory:@vitest/mocker:tMBsdAS7JBTyRORp0YaJR984WAAsOxgmReSLBN0Nd41GhzEakjROICqAJ31iOdYG5Ijo/MlJ01p3ig1iN88+Tw== Completed in 185ms
5670 timing metavuln:cache:put:security-advisory:vitest:XRC5FYn4BgxTqFRmBvXrbhEb/XwDQF7aS38Di6r7Pv9zY1oGG9mQ2VYohi/Jc8TchbgRdRy0c0xiUZ9w83+tUA== Completed in 67ms
5671 timing metavuln:calculate:security-advisory:vitest:tMBsdAS7JBTyRORp0YaJR984WAAsOxgmReSLBN0Nd41GhzEakjROICqAJ31iOdYG5Ijo/MlJ01p3ig1iN88+Tw== Completed in 185ms
5672 timing metavuln:cache:put:security-advisory:vite-node:qYQfE1mMxIUuwRggKZ3LbYT3bx3mXjMCa+BErBSpF5ui1NkOZf8s+ygWxS4DHMFgC2TLwtHm6g4avxKZe91a0g== Completed in 26ms
5673 timing metavuln:calculate:security-advisory:vite-node:tMBsdAS7JBTyRORp0YaJR984WAAsOxgmReSLBN0Nd41GhzEakjROICqAJ31iOdYG5Ijo/MlJ01p3ig1iN88+Tw== Completed in 184ms
5674 timing metavuln:cache:get:security-advisory:@normalframework/applications-sdk:rz69+Iwej9q0AoUvOVz7voQCc+mw4/ZHHNxJ+QeESODksC4NPYlwlImnHl7qeAj8JPN3J2+48Kp3EH8nshG4ew== Completed in 2ms
5675 timing metavuln:load:security-advisory:@normalframework/applications-sdk:Tnjcek1x/VKkCUl7kFpsU35VOtVDarxyrZkj2s5fjoFQK2BXQ8+LY+RKd6SB21d7DtRaWcReGS6J3kVPG32tsw== Completed in 5ms
5676 timing metavuln:cache:put:security-advisory:@normalframework/applications-sdk:rz69+Iwej9q0AoUvOVz7voQCc+mw4/ZHHNxJ+QeESODksC4NPYlwlImnHl7qeAj8JPN3J2+48Kp3EH8nshG4ew== Completed in 18ms
5677 timing metavuln:calculate:security-advisory:@normalframework/applications-sdk:Tnjcek1x/VKkCUl7kFpsU35VOtVDarxyrZkj2s5fjoFQK2BXQ8+LY+RKd6SB21d7DtRaWcReGS6J3kVPG32tsw== Completed in 25ms
5678 timing metavuln:packument:testcontainers Completed in 0ms
5679 timing metavuln:cache:get:security-advisory:testcontainers:0Lf48WxjgTbbT++sm+oWPLB7TJBE0g58dkN3xPrLMj/ecsyewzqpxdaUONUFMEbhkYsHaT8BnCdup9RNMD2sHw== Completed in 1ms
5680 timing metavuln:load:security-advisory:testcontainers:qNLYC2cAV4fbDjMxuO4a92srmZ62xVPRQFZnR5IkwgnLuFllDssE28+JiAw1opSV+YDA01BvqUXN+1pd3qdocQ== Completed in 14ms
5681 timing metavuln:cache:put:security-advisory:testcontainers:0Lf48WxjgTbbT++sm+oWPLB7TJBE0g58dkN3xPrLMj/ecsyewzqpxdaUONUFMEbhkYsHaT8BnCdup9RNMD2sHw== Completed in 49ms
5682 timing metavuln:calculate:security-advisory:testcontainers:qNLYC2cAV4fbDjMxuO4a92srmZ62xVPRQFZnR5IkwgnLuFllDssE28+JiAw1opSV+YDA01BvqUXN+1pd3qdocQ== Completed in 64ms
5683 timing metavuln:cache:get:security-advisory:socks-proxy-agent:O35lPVDdakgt3PlMJ9Zvn535r+Rq41+Bl/9fFt/aDDpWq0oHeg7o+DHqp/GCXtD2sFx/QS2MkwRqg1u8nOKHkQ== Completed in 2ms
5684 http fetch GET 200 https://registry.npmjs.org/@bufbuild/protobuf/-/protobuf-2.10.2.tgz 10355ms (cache miss)
5685 http fetch GET 200 https://registry.npmjs.org/socks-proxy-agent 118ms (cache miss)
5686 timing metavuln:packument:socks-proxy-agent Completed in 119ms
5687 timing metavuln:load:security-advisory:socks-proxy-agent:re7e5WgYC0N2yCcyKEpIVOef1b0RSDx7Y0SpqokON2S0og4NBc+basQ12t25Rom7giF5cYm2S3iMuCSJlhszhQ== Completed in 3ms
5688 timing reifyNode:node_modules/@bufbuild/protobuf Completed in 11885ms
5689 timing metavuln:cache:put:security-advisory:socks-proxy-agent:O35lPVDdakgt3PlMJ9Zvn535r+Rq41+Bl/9fFt/aDDpWq0oHeg7o+DHqp/GCXtD2sFx/QS2MkwRqg1u8nOKHkQ== Completed in 52ms
5690 timing metavuln:calculate:security-advisory:socks-proxy-agent:re7e5WgYC0N2yCcyKEpIVOef1b0RSDx7Y0SpqokON2S0og4NBc+basQ12t25Rom7giF5cYm2S3iMuCSJlhszhQ== Completed in 174ms
5691 timing metavuln:cache:get:security-advisory:vitest:BSMf7BHi5iZnvIquFfRkjWP6a8w6U34XKSRTgPQahAegm6GPZJH2KxXV9Lykl5yaU1n6yOYaeIOzMIn67rnZBA== Completed in 2ms
5692 timing metavuln:load:security-advisory:vitest:SJ6ALG5CByItLFxBhtpyrxAdDoKdsJCSnzbVFPNK6WdVHJq3/BQr5X33nTvglq430Jo7eFZBpLt727pFLHxHzA== Completed in 30ms
5693 timing metavuln:cache:put:security-advisory:vitest:BSMf7BHi5iZnvIquFfRkjWP6a8w6U34XKSRTgPQahAegm6GPZJH2KxXV9Lykl5yaU1n6yOYaeIOzMIn67rnZBA== Completed in 75ms
5694 timing metavuln:calculate:security-advisory:vitest:SJ6ALG5CByItLFxBhtpyrxAdDoKdsJCSnzbVFPNK6WdVHJq3/BQr5X33nTvglq430Jo7eFZBpLt727pFLHxHzA== Completed in 107ms
5695 timing metavuln:cache:get:security-advisory:@normalframework/applications-sdk:2eRyfm31PvISGrJdr05hn7+2y1CRKwecRLlUkr/ewXokWdRVfp5xjXEYXmso0c/1ypKda4MK+16mMmdxOiyeyQ== Completed in 1ms
5696 timing metavuln:load:security-advisory:@normalframework/applications-sdk:XRC5FYn4BgxTqFRmBvXrbhEb/XwDQF7aS38Di6r7Pv9zY1oGG9mQ2VYohi/Jc8TchbgRdRy0c0xiUZ9w83+tUA== Completed in 5ms
5697 timing metavuln:cache:put:security-advisory:@normalframework/applications-sdk:2eRyfm31PvISGrJdr05hn7+2y1CRKwecRLlUkr/ewXokWdRVfp5xjXEYXmso0c/1ypKda4MK+16mMmdxOiyeyQ== Completed in 51ms
5698 timing metavuln:calculate:security-advisory:@normalframework/applications-sdk:XRC5FYn4BgxTqFRmBvXrbhEb/XwDQF7aS38Di6r7Pv9zY1oGG9mQ2VYohi/Jc8TchbgRdRy0c0xiUZ9w83+tUA== Completed in 57ms
5699 timing metavuln:cache:get:security-advisory:vitest:/pX+ULPoj9dEnRcNW69EXnv2mQCWcvTXV+PKVdUpqTO30rpIrWPLiQ08km9aOcIK0/KGaALKzFSV/S2lNDmaxg== Completed in 2ms
5700 timing metavuln:load:security-advisory:vitest:qYQfE1mMxIUuwRggKZ3LbYT3bx3mXjMCa+BErBSpF5ui1NkOZf8s+ygWxS4DHMFgC2TLwtHm6g4avxKZe91a0g== Completed in 145ms
5701 timing metavuln:cache:put:security-advisory:vitest:/pX+ULPoj9dEnRcNW69EXnv2mQCWcvTXV+PKVdUpqTO30rpIrWPLiQ08km9aOcIK0/KGaALKzFSV/S2lNDmaxg== Completed in 55ms
5702 timing metavuln:calculate:security-advisory:vitest:qYQfE1mMxIUuwRggKZ3LbYT3bx3mXjMCa+BErBSpF5ui1NkOZf8s+ygWxS4DHMFgC2TLwtHm6g4avxKZe91a0g== Completed in 203ms
5703 timing metavuln:cache:get:security-advisory:@normalframework/applications-sdk:qRzaSI48bdhjH+7zkozHzEfts4JZkiMaBXFKK0zasQq33jzFdYuRdDEcOYlxBC0Pxho2/nCNR4JiatG82fZ8zQ== Completed in 2ms
5704 timing metavuln:load:security-advisory:@normalframework/applications-sdk:0Lf48WxjgTbbT++sm+oWPLB7TJBE0g58dkN3xPrLMj/ecsyewzqpxdaUONUFMEbhkYsHaT8BnCdup9RNMD2sHw== Completed in 5ms
5705 timing metavuln:cache:put:security-advisory:@normalframework/applications-sdk:qRzaSI48bdhjH+7zkozHzEfts4JZkiMaBXFKK0zasQq33jzFdYuRdDEcOYlxBC0Pxho2/nCNR4JiatG82fZ8zQ== Completed in 24ms
5706 timing metavuln:calculate:security-advisory:@normalframework/applications-sdk:0Lf48WxjgTbbT++sm+oWPLB7TJBE0g58dkN3xPrLMj/ecsyewzqpxdaUONUFMEbhkYsHaT8BnCdup9RNMD2sHw== Completed in 31ms
5707 timing auditReport:init Completed in 10198ms
5708 timing reify:audit Completed in 12393ms
5709 http fetch GET 200 https://registry.npmjs.org/@esbuild/linux-x64/-/linux-x64-0.21.5.tgz 11952ms (cache miss)
5710 timing reifyNode:node_modules/@esbuild/linux-x64 Completed in 12375ms
5711 http fetch GET 200 https://registry.npmjs.org/esbuild-linux-64/-/esbuild-linux-64-0.15.18.tgz 10934ms (cache miss)
5712 timing reifyNode:node_modules/esbuild-linux-64 Completed in 12345ms
5713 http fetch GET 200 https://registry.npmjs.org/@types/lodash/-/lodash-4.17.22.tgz 11589ms (cache miss)
5714 timing reifyNode:node_modules/@types/lodash Completed in 12449ms
5715 http fetch GET 200 https://registry.npmjs.org/@inversifyjs/core/-/core-1.3.5.tgz 11220ms (cache miss)
5716 timing reifyNode:node_modules/@inversifyjs/core Completed in 12566ms
5717 http fetch GET 200 https://registry.npmjs.org/node-opcua-nodesets/-/node-opcua-nodesets-2.157.0.tgz 11917ms (cache miss)
5718 timing reifyNode:node_modules/node-opcua-nodesets Completed in 12869ms
5719 http fetch GET 200 https://registry.npmjs.org/node-opcua-address-space/-/node-opcua-address-space-2.160.0.tgz 11897ms (cache miss)
5720 timing reifyNode:node_modules/node-opcua-address-space Completed in 12891ms
5721 http fetch GET 200 https://registry.npmjs.org/@grpc/grpc-js/-/grpc-js-1.14.3.tgz 11429ms (cache miss)
5722 timing reifyNode:node_modules/@grpc/grpc-js Completed in 12931ms
5723 http fetch GET 200 https://registry.npmjs.org/caniuse-lite/-/caniuse-lite-1.0.30001764.tgz 11831ms (cache miss)
5724 timing reifyNode:node_modules/caniuse-lite Completed in 13023ms
5725 http fetch GET 200 https://registry.npmjs.org/lodash/-/lodash-4.17.21.tgz 11597ms (cache miss)
5726 timing reifyNode:node_modules/lodash Completed in 13058ms
5727 http fetch GET 200 https://registry.npmjs.org/typescript/-/typescript-5.9.3.tgz 12061ms (cache miss)
5728 timing reifyNode:node_modules/typescript Completed in 13576ms
5729 http fetch GET 200 https://registry.npmjs.org/node-opcua-nodeset-ua/-/node-opcua-nodeset-ua-2.159.0.tgz 13038ms (cache miss)
5730 timing reifyNode:node_modules/node-opcua-nodeset-ua Completed in 13885ms
5731 http fetch GET 200 https://registry.npmjs.org/rxjs/-/rxjs-7.8.2.tgz 12759ms (cache miss)
5732 timing reifyNode:node_modules/rxjs Completed in 14214ms
5733 http fetch GET 200 https://registry.npmjs.org/typescript/-/typescript-3.9.10.tgz 12943ms (cache miss)
5734 timing reifyNode:node_modules/@protobuf-ts/plugin/node_modules/typescript Completed in 14531ms
5735 http fetch GET 200 https://registry.npmjs.org/typescript/-/typescript-3.9.10.tgz 12970ms (cache miss)
5736 timing reifyNode:node_modules/@protobuf-ts/plugin-framework/node_modules/typescript Completed in 14533ms
5737 http fetch GET 200 https://registry.npmjs.org/@normalframework/applications-sdk/-/applications-sdk-0.1.99.tgz 13460ms (cache miss)
5738 timing reifyNode:node_modules/@normalframework/applications-sdk Completed in 14968ms
5739 timing reify:unpack Completed in 15008ms
5740 timing reify:unretire Completed in 0ms
5741 timing build:queue Completed in 48ms
5742 timing build:link:node_modules/jest-cli Completed in 36ms
5743 timing build:link:node_modules/@babel/parser Completed in 40ms
5744 timing build:link:node_modules/@normalframework/applications-sdk/node_modules/uuid Completed in 38ms
5745 timing build:link:node_modules/jest-snapshot/node_modules/semver Completed in 38ms
5746 timing build:link:node_modules/make-dir/node_modules/semver Completed in 38ms
5747 timing build:link:node_modules/node-cron/node_modules/uuid Completed in 38ms
5748 timing build:link:node_modules/istanbul-lib-instrument/node_modules/semver Completed in 38ms
5749 timing build:link:node_modules/node-opcua/node_modules/semver Completed in 38ms
5750 timing build:link:node_modules/node-opcua-address-space/node_modules/semver Completed in 38ms
5751 timing build:link:node_modules/npm/node_modules/@npmcli/arborist Completed in 38ms
5752 timing build:link:node_modules/npm/node_modules/cross-spawn/node_modules/which Completed in 37ms
5753 timing build:link:node_modules/npm/node_modules/node-gyp/node_modules/nopt Completed in 37ms
5754 timing build:link:node_modules/vite/node_modules/esbuild Completed in 37ms
5755 timing build:link:node_modules/@grpc/proto-loader Completed in 40ms
5756 timing build:link:node_modules/@normalframework/applications-sdk Completed in 40ms
5757 timing build:link:node_modules/@protobuf-ts/plugin Completed in 40ms
5758 timing build:link:node_modules/@protobuf-ts/protoc Completed in 41ms
5759 timing build:link:node_modules/baseline-browser-mapping Completed in 41ms
5760 timing build:link:node_modules/browserslist Completed in 41ms
5761 timing build:link:node_modules/crc-32 Completed in 41ms
5762 timing build:link:node_modules/esbuild Completed in 41ms
5763 timing build:link:node_modules/create-jest Completed in 41ms
5764 timing build:link:node_modules/esprima Completed in 41ms
5765 timing build:link:node_modules/hexy Completed in 40ms
5766 timing build:link:node_modules/import-local Completed in 40ms
5767 timing build:link:node_modules/jest Completed in 40ms
5768 timing build:link:node_modules/js-yaml Completed in 40ms
5769 timing build:link:node_modules/jsesc Completed in 40ms
5770 timing build:link:node_modules/json5 Completed in 40ms
5771 timing build:link:node_modules/mkdirp Completed in 40ms
5772 timing build:link:node_modules/multicast-dns Completed in 40ms
5773 timing build:link:node_modules/mustache Completed in 40ms
5774 timing build:link:node_modules/nanoid Completed in 40ms
5775 timing build:link:node_modules/node-opcua-pki Completed in 40ms
5776 timing build:link:node_modules/npm Completed in 40ms
5777 timing build:link:node_modules/resolve Completed in 40ms
5778 timing build:link:node_modules/rimraf Completed in 40ms
5779 timing build:link:node_modules/rollup Completed in 40ms
5780 timing build:link:node_modules/semver Completed in 40ms
5781 timing build:link:node_modules/sshpk Completed in 40ms
5782 timing build:link:node_modules/typescript Completed in 39ms
5783 timing build:link:node_modules/update-browserslist-db Completed in 39ms
5784 timing build:link:node_modules/uuid Completed in 39ms
5785 timing build:link:node_modules/vite Completed in 39ms
5786 timing build:link:node_modules/vite-node Completed in 39ms
5787 timing build:link:node_modules/vitest Completed in 39ms
5788 timing build:link:node_modules/which Completed in 39ms
5789 timing build:link:node_modules/why-is-node-running Completed in 39ms
5790 timing build:link:node_modules/yaml Completed in 39ms
5791 timing build:link:node_modules/@protobuf-ts/plugin-framework/node_modules/typescript Completed in 39ms
5792 timing build:link:node_modules/@protobuf-ts/plugin/node_modules/typescript Completed in 39ms
5793 timing build:link:node_modules/npm/node_modules/@npmcli/installed-package-contents Completed in 38ms
5794 timing build:link:node_modules/npm/node_modules/color-support Completed in 38ms
5795 timing build:link:node_modules/npm/node_modules/cssesc Completed in 38ms
5796 timing build:link:node_modules/npm/node_modules/glob Completed in 38ms
5797 timing build:link:node_modules/npm/node_modules/mkdirp Completed in 38ms
5798 timing build:link:node_modules/npm/node_modules/node-gyp Completed in 39ms
5799 timing build:link:node_modules/npm/node_modules/nopt Completed in 39ms
5800 timing build:link:node_modules/npm/node_modules/pacote Completed in 39ms
5801 timing build:link:node_modules/npm/node_modules/qrcode-terminal Completed in 39ms
5802 timing build:link:node_modules/npm/node_modules/rimraf Completed in 39ms
5803 timing build:link:node_modules/npm/node_modules/semver Completed in 39ms
5804 timing build:link:node_modules/npm/node_modules/sigstore Completed in 39ms
5805 timing build:link:node_modules/npm/node_modules/which Completed in 39ms
5806 timing build:link:node_modules/npm/node_modules/node-gyp/node_modules/which Completed in 39ms
5807 timing build:link:node_modules/wget-improved-2 Completed in 56ms
5808 timing build:link Completed in 59ms
5809 info run cpu-features@0.0.10 install node_modules/cpu-features node buildcheck.js > buildcheck.gypi && node-gyp rebuild
5810 info run ssh2@1.17.0 install node_modules/ssh2 node install.js
5811 info run cpu-features@0.0.10 install { code: 1, signal: null }
5812 verbose reify failed optional dependency /app/node_modules/cpu-features
5813 silly reify mark deleted [ '/app/node_modules/cpu-features' ]
5814 verbose reify failed optional dependency /app/node_modules/buildcheck
5815 silly reify mark deleted [ '/app/node_modules/buildcheck' ]
5816 verbose reify failed optional dependency /app/node_modules/nan
5817 silly reify mark deleted [ '/app/node_modules/nan' ]
5818 timing build:run:install:node_modules/cpu-features Completed in 162ms
5819 info run ssh2@1.17.0 install { code: 0, signal: null }
5820 timing build:run:install:node_modules/ssh2 Completed in 507ms
5821 timing build:run:install Completed in 528ms
5822 info run esbuild@0.15.18 postinstall node_modules/esbuild node install.js
5823 info run protobufjs@7.5.4 postinstall node_modules/protobufjs node scripts/postinstall
5824 info run esbuild@0.21.5 postinstall node_modules/vite/node_modules/esbuild node install.js
5825 info run protobufjs@7.5.4 postinstall { code: 0, signal: null }
5826 timing build:run:postinstall:node_modules/protobufjs Completed in 157ms
5827 info run esbuild@0.15.18 postinstall { code: 0, signal: null }
5828 timing build:run:postinstall:node_modules/esbuild Completed in 227ms
5829 info run esbuild@0.21.5 postinstall { code: 0, signal: null }
5830 timing build:run:postinstall:node_modules/vite/node_modules/esbuild Completed in 209ms
5831 timing build:run:postinstall Completed in 250ms
5832 timing build:deps Completed in 885ms
5833 timing build Completed in 885ms
5834 timing reify:build Completed in 887ms
5835 timing reify:trash Completed in 8ms
5836 timing reify:save Completed in 477ms
5837 timing reify Completed in 40054ms
5838 silly ADD
5839 silly ADD
5840 silly ADD
5841 silly ADD
5842 silly ADD
5843 silly ADD
5844 silly ADD node_modules/@esbuild/linux-x64
5845 silly ADD
5846 silly ADD
5847 silly ADD
5848 silly ADD
5849 silly ADD
5850 silly ADD
5851 silly ADD
5852 silly ADD
5853 silly ADD
5854 silly ADD
5855 silly ADD
5856 silly ADD
5857 silly ADD
5858 silly ADD
5859 silly ADD node_modules/@types/ssh2-streams
5860 silly ADD node_modules/path-scurry
5861 silly ADD node_modules/path-scurry/node_modules/minipass
5862 silly ADD node_modules/path-scurry/node_modules/lru-cache
5863 silly ADD node_modules/minipass
5864 silly ADD node_modules/mimic-function
5865 silly ADD node_modules/p-try
5866 silly ADD node_modules/get-east-asian-width
5867 silly ADD node_modules/clone
5868 silly ADD node_modules/defaults
5869 silly ADD node_modules/wcwidth
5870 silly ADD node_modules/process-nextick-args
5871 silly ADD node_modules/isarray
5872 silly ADD node_modules/core-util-is
5873 silly ADD node_modules/crc-32
5874 silly ADD node_modules/crc32-stream
5875 silly ADD node_modules/compress-commons
5876 silly ADD node_modules/pend
5877 silly ADD node_modules/yargs-parser
5878 silly ADD node_modules/y18n
5879 silly ADD node_modules/require-directory
5880 silly ADD node_modules/get-caller-file
5881 silly ADD node_modules/cliui
5882 silly ADD node_modules/cliui/node_modules/wrap-ansi
5883 silly ADD node_modules/imurmurhash
5884 silly ADD node_modules/fn.name
5885 silly ADD node_modules/fecha
5886 silly ADD node_modules/@types/triple-beam
5887 silly ADD node_modules/color-string
5888 silly ADD node_modules/color-string/node_modules/color-name
5889 silly ADD node_modules/text-hex
5890 silly ADD node_modules/color
5891 silly ADD node_modules/color/node_modules/color-name
5892 silly ADD node_modules/color/node_modules/color-convert
5893 silly ADD node_modules/kuler
5894 silly ADD node_modules/enabled
5895 silly ADD node_modules/@so-ric/colorspace
5896 silly ADD node_modules/winston-transport
5897 silly ADD node_modules/triple-beam
5898 silly ADD node_modules/stack-trace
5899 silly ADD node_modules/safe-stable-stringify
5900 silly ADD node_modules/one-time
5901 silly ADD node_modules/logform
5902 silly ADD node_modules/@dabh/diagnostics
5903 silly ADD node_modules/@colors/colors
5904 silly ADD node_modules/stackback
5905 silly ADD node_modules/siginfo
5906 silly ADD node_modules/is-callable
5907 silly ADD node_modules/possible-typed-array-names
5908 silly ADD node_modules/for-each
5909 silly ADD node_modules/available-typed-arrays
5910 silly ADD node_modules/isexe
5911 silly ADD node_modules/webidl-conversions
5912 silly ADD node_modules/tr46
5913 silly ADD node_modules/tunnel
5914 silly ADD node_modules/minimist
5915 silly ADD node_modules/tmpl
5916 silly ADD node_modules/makeerror
5917 silly ADD node_modules/es-module-lexer
5918 silly ADD node_modules/cac
5919 silly ADD
5920 silly ADD
5921 silly ADD
5922 silly ADD
5923 silly ADD
5924 silly ADD
5925 silly ADD node_modules/@rollup/rollup-linux-x64-musl
5926 silly ADD node_modules/@rollup/rollup-linux-x64-gnu
5927 silly ADD
5928 silly ADD
5929 silly ADD
5930 silly ADD
5931 silly ADD
5932 silly ADD
5933 silly ADD
5934 silly ADD
5935 silly ADD
5936 silly ADD
5937 silly ADD
5938 silly ADD
5939 silly ADD
5940 silly ADD
5941 silly ADD
5942 silly ADD
5943 silly ADD
5944 silly ADD node_modules/source-map-js
5945 silly ADD node_modules/nanoid
5946 silly ADD node_modules/rollup
5947 silly ADD node_modules/postcss
5948 silly ADD node_modules/@types/estree
5949 silly ADD node_modules/pathval
5950 silly ADD node_modules/deep-eql
5951 silly ADD node_modules/check-error
5952 silly ADD node_modules/assertion-error
5953 silly ADD node_modules/loupe
5954 silly ADD node_modules/tinyspy
5955 silly ADD node_modules/estree-walker
5956 silly ADD node_modules/why-is-node-running
5957 silly ADD node_modules/vite-node
5958 silly ADD node_modules/vite
5959 silly ADD
5960 silly ADD
5961 silly ADD node_modules/vite/node_modules/esbuild
5962 silly ADD node_modules/tinyrainbow
5963 silly ADD node_modules/tinypool
5964 silly ADD node_modules/tinyexec
5965 silly ADD node_modules/tinybench
5966 silly ADD node_modules/std-env
5967 silly ADD node_modules/pathe
5968 silly ADD node_modules/magic-string
5969 silly ADD node_modules/expect-type
5970 silly ADD node_modules/chai
5971 silly ADD node_modules/@vitest/utils
5972 silly ADD node_modules/@vitest/spy
5973 silly ADD node_modules/@vitest/snapshot
5974 silly ADD node_modules/@vitest/runner
5975 silly ADD node_modules/@vitest/pretty-format
5976 silly ADD node_modules/@vitest/mocker
5977 silly ADD node_modules/@vitest/expect
5978 silly ADD node_modules/is-regex
5979 silly ADD node_modules/safe-regex-test
5980 silly ADD node_modules/generator-function
5981 silly ADD node_modules/which-typed-array
5982 silly ADD node_modules/is-typed-array
5983 silly ADD node_modules/is-generator-function
5984 silly ADD node_modules/is-arguments
5985 silly ADD node_modules/escalade
5986 silly ADD node_modules/is-number
5987 silly ADD node_modules/any-promise
5988 silly ADD node_modules/ieee754
5989 silly ADD node_modules/base64-js
5990 silly ADD node_modules/buffer
5991 silly ADD node_modules/fs-constants
5992 silly ADD node_modules/bl
5993 silly ADD node_modules/end-of-stream
5994 silly ADD node_modules/pump
5995 silly ADD node_modules/mkdirp-classic
5996 silly ADD node_modules/chownr
5997 silly ADD node_modules/safe-buffer
5998 silly ADD
5999 silly ADD
6000 silly ADD
6001 silly ADD node_modules/util-deprecate
6002 silly ADD node_modules/string_decoder
6003 silly ADD node_modules/whatwg-url
6004 silly ADD node_modules/ssh2
6005 silly ADD node_modules/split-ca
6006 silly ADD node_modules/docker-modem
6007 silly ADD node_modules/yaml
6008 silly ADD node_modules/lodash.union
6009 silly ADD node_modules/lodash.isplainobject
6010 silly ADD node_modules/lodash.flatten
6011 silly ADD node_modules/lodash.difference
6012 silly ADD node_modules/lodash.defaults
6013 silly ADD node_modules/lazystream
6014 silly ADD node_modules/lazystream/node_modules/string_decoder
6015 silly ADD node_modules/lazystream/node_modules/safe-buffer
6016 silly ADD node_modules/lazystream/node_modules/readable-stream
6017 silly ADD node_modules/zip-stream
6018 silly ADD node_modules/zip-stream/node_modules/archiver-utils
6019 silly ADD node_modules/tar-stream
6020 silly ADD node_modules/readdir-glob
6021 silly ADD node_modules/readdir-glob/node_modules/brace-expansion
6022 silly ADD node_modules/readdir-glob/node_modules/minimatch
6023 silly ADD node_modules/readable-stream
6024 silly ADD node_modules/buffer-crc32
6025 silly ADD node_modules/archiver-utils
6026 silly ADD node_modules/archiver-utils/node_modules/string_decoder
6027 silly ADD node_modules/archiver-utils/node_modules/safe-buffer
6028 silly ADD node_modules/archiver-utils/node_modules/readable-stream
6029 silly ADD node_modules/@types/ssh2
6030 silly ADD node_modules/@types/ssh2/node_modules/undici-types
6031 silly ADD node_modules/@types/ssh2/node_modules/@types/node
6032 silly ADD node_modules/@types/docker-modem
6033 silly ADD node_modules/@types/readdir-glob
6034 silly ADD node_modules/tmp
6035 silly ADD node_modules/tar-fs
6036 silly ADD node_modules/ssh-remote-port-forward
6037 silly ADD node_modules/ssh-remote-port-forward/node_modules/@types/ssh2
6038 silly ADD node_modules/properties-reader
6039 silly ADD node_modules/node-fetch
6040 silly ADD node_modules/dockerode
6041 silly ADD node_modules/dockerode/node_modules/tar-fs
6042 silly ADD node_modules/docker-compose
6043 silly ADD node_modules/async-lock
6044 silly ADD node_modules/archiver
6045 silly ADD node_modules/@types/dockerode
6046 silly ADD node_modules/@types/archiver
6047 silly ADD node_modules/@balena/dockerignore
6048 silly ADD node_modules/has-flag
6049 silly ADD node_modules/ansi-regex
6050 silly ADD node_modules/is-fullwidth-code-point
6051 silly ADD node_modules/emoji-regex
6052 silly ADD node_modules/char-regex
6053 silly ADD node_modules/@leichtgewicht/ip-codec
6054 silly ADD node_modules/thunky
6055 silly ADD node_modules/dns-packet
6056 silly ADD node_modules/@types/dns-packet
6057 silly ADD node_modules/multicast-dns
6058 silly ADD node_modules/dns-equal
6059 silly ADD node_modules/array-flatten
6060 silly ADD node_modules/@types/multicast-dns
6061 silly ADD node_modules/escape-string-regexp
6062 silly ADD node_modules/tweetnacl
6063 silly ADD node_modules/jsbn
6064 silly ADD node_modules/getpass
6065 silly ADD node_modules/ecc-jsbn
6066 silly ADD node_modules/dashdash
6067 silly ADD node_modules/bcrypt-pbkdf
6068 silly ADD node_modules/assert-plus
6069 silly ADD node_modules/asn1
6070 silly ADD node_modules/buffer-from
6071 silly ADD node_modules/@kwsites/promise-deferred
6072 silly ADD node_modules/@kwsites/file-exists
6073 silly ADD node_modules/shebang-regex
6074 silly ADD node_modules/supports-preserve-symlinks-flag
6075 silly ADD node_modules/path-parse
6076 silly ADD node_modules/is-core-module
6077 silly ADD node_modules/@protobufjs/utf8
6078 silly ADD node_modules/@protobufjs/pool
6079 silly ADD node_modules/@protobufjs/path
6080 silly ADD node_modules/@protobufjs/inquire
6081 silly ADD node_modules/@protobufjs/float
6082 silly ADD node_modules/@protobufjs/fetch
6083 silly ADD node_modules/@protobufjs/eventemitter
6084 silly ADD node_modules/@protobufjs/codegen
6085 silly ADD node_modules/@protobufjs/base64
6086 silly ADD node_modules/@protobufjs/aspromise
6087 silly ADD node_modules/retry
6088 silly ADD node_modules/sisteransi
6089 silly ADD node_modules/kleur
6090 silly ADD node_modules/react-is
6091 silly ADD node_modules/process
6092 silly ADD node_modules/is-arrayish
6093 silly ADD node_modules/lines-and-columns
6094 silly ADD node_modules/json-parse-even-better-errors
6095 silly ADD node_modules/error-ex
6096 silly ADD node_modules/yocto-queue
6097 silly ADD node_modules/restore-cursor
6098 silly ADD node_modules/restore-cursor/node_modules/signal-exit
6099 silly ADD node_modules/restore-cursor/node_modules/onetime
6100 silly ADD node_modules/stdin-discarder
6101 silly ADD node_modules/log-symbols
6102 silly ADD node_modules/log-symbols/node_modules/is-unicode-supported
6103 silly ADD node_modules/log-symbols/node_modules/chalk
6104 silly ADD node_modules/is-unicode-supported
6105 silly ADD node_modules/is-interactive
6106 silly ADD node_modules/cli-cursor
6107 silly ADD node_modules/mimic-fn
6108 silly ADD node_modules/call-bound
6109 silly ADD node_modules/humanize
6110 silly ADD node_modules/sterfive-bonjour-service
6111 silly ADD node_modules/@types/async
6112 silly ADD node_modules/node-opcua-packet-assembler
6113 silly ADD node_modules/precond
6114 silly ADD node_modules/node-opcua-chunkmanager
6115 silly ADD node_modules/backoff
6116 silly ADD node_modules/readdirp
6117 silly ADD node_modules/yauzl
6118 silly ADD node_modules/wget-improved-2
6119 silly ADD node_modules/rimraf
6120 silly ADD node_modules/rimraf/node_modules/brace-expansion
6121 silly ADD node_modules/rimraf/node_modules/minimatch
6122 silly ADD node_modules/rimraf/node_modules/glob
6123 silly ADD node_modules/progress
6124 silly ADD node_modules/chokidar
6125 silly ADD node_modules/byline
6126 silly ADD node_modules/object-keys
6127 silly ADD node_modules/has-property-descriptors
6128 silly ADD node_modules/define-data-property
6129 silly ADD node_modules/define-properties
6130 silly ADD node_modules/set-function-length
6131 silly ADD node_modules/util
6132 silly ADD node_modules/object.assign
6133 silly ADD node_modules/object-is
6134 silly ADD node_modules/is-nan
6135 silly ADD node_modules/call-bind
6136 silly ADD node_modules/pvutils
6137 silly ADD node_modules/@types/asn1
6138 silly ADD node_modules/@peculiar/asn1-pkcs8
6139 silly ADD node_modules/@peculiar/asn1-pfx
6140 silly ADD node_modules/@peculiar/asn1-x509-attr
6141 silly ADD node_modules/tsyringe
6142 silly ADD node_modules/tsyringe/node_modules/tslib
6143 silly ADD node_modules/@peculiar/asn1-x509
6144 silly ADD node_modules/@peculiar/asn1-rsa
6145 silly ADD node_modules/@peculiar/asn1-pkcs9
6146 silly ADD node_modules/@peculiar/asn1-ecc
6147 silly ADD node_modules/@peculiar/asn1-csr
6148 silly ADD node_modules/@peculiar/asn1-cms
6149 silly ADD node_modules/asn1js
6150 silly ADD node_modules/webcrypto-core
6151 silly ADD node_modules/tslib
6152 silly ADD node_modules/pvtsutils
6153 silly ADD node_modules/@peculiar/json-schema
6154 silly ADD node_modules/@peculiar/asn1-schema
6155 silly ADD node_modules/sshpk
6156 silly ADD node_modules/jsrsasign
6157 silly ADD node_modules/hexy
6158 silly ADD node_modules/assert
6159 silly ADD node_modules/@types/sshpk
6160 silly ADD node_modules/@types/jsrsasign
6161 silly ADD node_modules/@peculiar/x509
6162 silly ADD node_modules/@peculiar/webcrypto
6163 silly ADD node_modules/thenify
6164 silly ADD node_modules/@types/retry
6165 silly ADD node_modules/proper-lockfile
6166 silly ADD node_modules/@types/proper-lockfile
6167 silly ADD node_modules/node-opcua-alarm-condition
6168 silly ADD node_modules/async
6169 silly ADD node_modules/@ster5/global-mutex
6170 silly ADD node_modules/node-opcua-pki
6171 silly ADD node_modules/mkdirp
6172 silly ADD node_modules/env-paths
6173 silly ADD node_modules/node-opcua-guid
6174 silly ADD node_modules/node-opcua-buffer-utils
6175 silly ADD node_modules/node-opcua-schemas
6176 silly ADD node_modules/xml-writer
6177 silly ADD node_modules/thenify-ex
6178 silly ADD node_modules/node-opcua-xml2json
6179 silly ADD node_modules/node-opcua-pseudo-session
6180 silly ADD node_modules/node-opcua-object-registry
6181 silly ADD node_modules/node-opcua-nodeset-ua
6182 silly ADD node_modules/node-opcua-extension-object
6183 silly ADD node_modules/node-opcua-date-time
6184 silly ADD node_modules/node-opcua-client-dynamic-extension-object
6185 silly ADD node_modules/node-opcua-address-space-base
6186 silly ADD node_modules/dequeue
6187 silly ADD node_modules/@types/lodash
6188 silly ADD node_modules/node-opcua-vendor-diagnostic
6189 silly ADD node_modules/node-opcua-variant
6190 silly ADD node_modules/node-opcua-utils
6191 silly ADD node_modules/node-opcua-types
6192 silly ADD node_modules/node-opcua-transport
6193 silly ADD node_modules/node-opcua-status-code
6194 silly ADD node_modules/node-opcua-service-write
6195 silly ADD node_modules/node-opcua-service-translate-browse-path
6196 silly ADD node_modules/node-opcua-service-subscription
6197 silly ADD node_modules/node-opcua-service-session
6198 silly ADD node_modules/node-opcua-service-secure-channel
6199 silly ADD node_modules/node-opcua-service-register-node
6200 silly ADD node_modules/node-opcua-service-read
6201 silly ADD node_modules/node-opcua-service-query
6202 silly ADD node_modules/node-opcua-service-node-management
6203 silly ADD node_modules/node-opcua-service-history
6204 silly ADD node_modules/node-opcua-service-filter
6205 silly ADD node_modules/node-opcua-service-endpoints
6206 silly ADD node_modules/node-opcua-service-discovery
6207 silly ADD node_modules/node-opcua-service-call
6208 silly ADD node_modules/node-opcua-service-browse
6209 silly ADD node_modules/node-opcua-server-discovery
6210 silly ADD node_modules/node-opcua-server
6211 silly ADD node_modules/node-opcua-secure-channel
6212 silly ADD node_modules/node-opcua-packet-analyzer
6213 silly ADD node_modules/node-opcua-numeric-range
6214 silly ADD node_modules/node-opcua-nodesets
6215 silly ADD node_modules/node-opcua-nodeid
6216 silly ADD node_modules/node-opcua-hostname
6217 silly ADD node_modules/node-opcua-factory
6218 silly ADD node_modules/node-opcua-enum
6219 silly ADD node_modules/node-opcua-debug
6220 silly ADD node_modules/node-opcua-data-value
6221 silly ADD node_modules/node-opcua-data-model
6222 silly ADD node_modules/node-opcua-data-access
6223 silly ADD node_modules/node-opcua-crypto
6224 silly ADD node_modules/node-opcua-constants
6225 silly ADD node_modules/node-opcua-common
6226 silly ADD node_modules/node-opcua-client-proxy
6227 silly ADD node_modules/node-opcua-certificate-manager
6228 silly ADD node_modules/node-opcua-binary-stream
6229 silly ADD node_modules/node-opcua-basic-types
6230 silly ADD node_modules/node-opcua-assert
6231 silly ADD node_modules/node-opcua-aggregates
6232 silly ADD node_modules/node-opcua-address-space-for-conformance-testing
6233 silly ADD node_modules/node-opcua-address-space
6234 silly ADD node_modules/node-opcua-address-space/node_modules/semver
6235 silly ADD node_modules/@types/semver
6236 silly ADD node_modules/concat-map
6237 silly ADD node_modules/balanced-match
6238 silly ADD node_modules/brace-expansion
6239 silly ADD node_modules/mime-db
6240 silly ADD node_modules/to-regex-range
6241 silly ADD node_modules/fill-range
6242 silly ADD node_modules/braces
6243 silly ADD node_modules/yallist
6244 silly ADD node_modules/p-locate
6245 silly ADD node_modules/p-locate/node_modules/p-limit
6246 silly ADD node_modules/xmlcreate
6247 silly ADD node_modules/sprintf-js
6248 silly ADD node_modules/esprima
6249 silly ADD node_modules/argparse
6250 silly ADD node_modules/leven
6251 silly ADD node_modules/natural-compare
6252 silly ADD node_modules/@babel/plugin-syntax-typescript
6253 silly ADD node_modules/@babel/plugin-syntax-jsx
6254 silly ADD node_modules/callsites
6255 silly ADD node_modules/strip-bom
6256 silly ADD node_modules/cjs-module-lexer
6257 silly ADD node_modules/@jest/source-map
6258 silly ADD node_modules/@jest/globals
6259 silly ADD node_modules/detect-newline
6260 silly ADD node_modules/jest-leak-detector
6261 silly ADD node_modules/jest-docblock
6262 silly ADD node_modules/emittery
6263 silly ADD node_modules/resolve.exports
6264 silly ADD node_modules/resolve
6265 silly ADD node_modules/jest-pnp-resolver
6266 silly ADD node_modules/@types/stack-utils
6267 silly ADD node_modules/diff-sequences
6268 silly ADD node_modules/jest-diff
6269 silly ADD node_modules/node-int64
6270 silly ADD node_modules/bser
6271 silly ADD node_modules/picomatch
6272 silly ADD node_modules/normalize-path
6273 silly ADD node_modules/walker
6274 silly ADD
6275 silly ADD node_modules/fb-watchman
6276 silly ADD node_modules/anymatch
6277 silly ADD node_modules/@types/graceful-fs
6278 silly ADD node_modules/@jest/expect-utils
6279 silly ADD node_modules/type-detect
6280 silly ADD node_modules/@sinonjs/commons
6281 silly ADD node_modules/@sinonjs/fake-timers
6282 silly ADD node_modules/expect
6283 silly ADD node_modules/jest-mock
6284 silly ADD node_modules/@jest/fake-timers
6285 silly ADD node_modules/stack-utils
6286 silly ADD node_modules/pure-rand
6287 silly ADD node_modules/jest-matcher-utils
6288 silly ADD node_modules/jest-each
6289 silly ADD node_modules/is-generator-fn
6290 silly ADD node_modules/dedent
6291 silly ADD node_modules/co
6292 silly ADD node_modules/@jest/expect
6293 silly ADD node_modules/@jest/environment
6294 silly ADD node_modules/@babel/plugin-syntax-top-level-await
6295 silly ADD node_modules/@babel/plugin-syntax-private-property-in-object
6296 silly ADD node_modules/@babel/plugin-syntax-optional-chaining
6297 silly ADD node_modules/@babel/plugin-syntax-optional-catch-binding
6298 silly ADD node_modules/@babel/plugin-syntax-object-rest-spread
6299 silly ADD node_modules/@babel/plugin-syntax-numeric-separator
6300 silly ADD node_modules/@babel/plugin-syntax-nullish-coalescing-operator
6301 silly ADD node_modules/@babel/plugin-syntax-logical-assignment-operators
6302 silly ADD node_modules/@babel/plugin-syntax-json-strings
6303 silly ADD node_modules/@babel/plugin-syntax-import-meta
6304 silly ADD node_modules/@babel/plugin-syntax-import-attributes
6305 silly ADD node_modules/@babel/plugin-syntax-class-static-block
6306 silly ADD node_modules/@babel/plugin-syntax-class-properties
6307 silly ADD node_modules/@babel/plugin-syntax-bigint
6308 silly ADD node_modules/@babel/plugin-syntax-async-generators
6309 silly ADD node_modules/babel-preset-current-node-syntax
6310 silly ADD node_modules/babel-plugin-jest-hoist
6311 silly ADD node_modules/@types/babel__traverse
6312 silly ADD node_modules/@types/babel__template
6313 silly ADD node_modules/@types/babel__generator
6314 silly ADD node_modules/babel-preset-jest
6315 silly ADD node_modules/@types/babel__core
6316 silly ADD node_modules/strip-json-comments
6317 silly ADD node_modules/parse-json
6318 silly ADD node_modules/jest-get-type
6319 silly ADD node_modules/jest-environment-node
6320 silly ADD node_modules/jest-circus
6321 silly ADD node_modules/deepmerge
6322 silly ADD node_modules/babel-jest
6323 silly ADD node_modules/@jest/test-sequencer
6324 silly ADD node_modules/prompts
6325 silly ADD node_modules/create-jest
6326 silly ADD node_modules/which
6327 silly ADD node_modules/shebang-command
6328 silly ADD node_modules/path-key
6329 silly ADD node_modules/strip-final-newline
6330 silly ADD node_modules/signal-exit
6331 silly ADD node_modules/onetime
6332 silly ADD node_modules/npm-run-path
6333 silly ADD node_modules/merge-stream
6334 silly ADD node_modules/is-stream
6335 silly ADD node_modules/human-signals
6336 silly ADD node_modules/get-stream
6337 silly ADD node_modules/cross-spawn
6338 silly ADD node_modules/p-limit
6339 silly ADD node_modules/execa
6340 silly ADD node_modules/html-escaper
6341 silly ADD node_modules/source-map
6342 silly ADD node_modules/make-dir
6343 silly ADD node_modules/make-dir/node_modules/semver
6344 silly ADD node_modules/wrappy
6345 silly ADD node_modules/resolve-cwd
6346 silly ADD node_modules/pkg-dir
6347 silly ADD node_modules/path-is-absolute
6348 silly ADD node_modules/once
6349 silly ADD node_modules/minimatch
6350 silly ADD node_modules/inherits
6351 silly ADD node_modules/inflight
6352 silly ADD node_modules/fs.realpath
6353 silly ADD node_modules/path-exists
6354 silly ADD node_modules/locate-path
6355 silly ADD node_modules/ms
6356 silly ADD node_modules/update-browserslist-db
6357 silly ADD node_modules/node-releases
6358 silly ADD node_modules/electron-to-chromium
6359 silly ADD node_modules/caniuse-lite
6360 silly ADD node_modules/baseline-browser-mapping
6361 silly ADD node_modules/resolve-from
6362 silly ADD node_modules/js-yaml
6363 silly ADD node_modules/get-package-type
6364 silly ADD node_modules/find-up
6365 silly ADD node_modules/camelcase
6366 silly ADD node_modules/test-exclude
6367 silly ADD node_modules/@istanbuljs/schema
6368 silly ADD node_modules/@istanbuljs/load-nyc-config
6369 silly ADD node_modules/@babel/helper-plugin-utils
6370 silly ADD node_modules/@types/yargs-parser
6371 silly ADD node_modules/undici-types
6372 silly ADD node_modules/@types/istanbul-lib-report
6373 silly ADD node_modules/@jridgewell/resolve-uri
6374 silly ADD node_modules/@jridgewell/sourcemap-codec
6375 silly ADD node_modules/@sinclair/typebox
6376 silly ADD node_modules/@types/yargs
6377 silly ADD node_modules/@types/istanbul-reports
6378 silly ADD node_modules/@jest/schemas
6379 silly ADD node_modules/@babel/helper-string-parser
6380 silly ADD node_modules/@babel/helper-globals
6381 silly ADD node_modules/@babel/helper-module-imports
6382 silly ADD node_modules/lru-cache
6383 silly ADD node_modules/browserslist
6384 silly ADD node_modules/@babel/helper-validator-option
6385 silly ADD node_modules/@babel/compat-data
6386 silly ADD node_modules/jsesc
6387 silly ADD node_modules/@jridgewell/gen-mapping
6388 silly ADD node_modules/picocolors
6389 silly ADD node_modules/js-tokens
6390 silly ADD node_modules/@babel/helper-validator-identifier
6391 silly ADD node_modules/semver
6392 silly ADD node_modules/json5
6393 silly ADD node_modules/gensync
6394 silly ADD node_modules/debug
6395 silly ADD node_modules/@jridgewell/remapping
6396 silly ADD node_modules/@babel/types
6397 silly ADD node_modules/@babel/traverse
6398 silly ADD node_modules/@babel/template
6399 silly ADD node_modules/@babel/parser
6400 silly ADD node_modules/@babel/helpers
6401 silly ADD node_modules/@babel/helper-module-transforms
6402 silly ADD node_modules/@babel/helper-compilation-targets
6403 silly ADD node_modules/@babel/generator
6404 silly ADD node_modules/@babel/code-frame
6405 silly ADD node_modules/write-file-atomic
6406 silly ADD node_modules/pirates
6407 silly ADD node_modules/fast-json-stable-stringify
6408 silly ADD node_modules/convert-source-map
6409 silly ADD node_modules/babel-plugin-istanbul
6410 silly ADD node_modules/babel-plugin-istanbul/node_modules/istanbul-lib-instrument
6411 silly ADD node_modules/@babel/core
6412 silly ADD node_modules/@types/istanbul-lib-coverage
6413 silly ADD node_modules/v8-to-istanbul
6414 silly ADD node_modules/string-length
6415 silly ADD node_modules/jest-worker
6416 silly ADD node_modules/jest-worker/node_modules/supports-color
6417 silly ADD node_modules/istanbul-reports
6418 silly ADD node_modules/istanbul-lib-source-maps
6419 silly ADD node_modules/istanbul-lib-report
6420 silly ADD node_modules/istanbul-lib-instrument
6421 silly ADD node_modules/istanbul-lib-instrument/node_modules/semver
6422 silly ADD node_modules/istanbul-lib-coverage
6423 silly ADD node_modules/glob
6424 silly ADD node_modules/collect-v8-coverage
6425 silly ADD node_modules/@jridgewell/trace-mapping
6426 silly ADD node_modules/@bcoe/v8-coverage
6427 silly ADD node_modules/slash
6428 silly ADD node_modules/pretty-format
6429 silly ADD node_modules/pretty-format/node_modules/ansi-styles
6430 silly ADD node_modules/micromatch
6431 silly ADD node_modules/jest-watcher
6432 silly ADD node_modules/jest-validate
6433 silly ADD node_modules/jest-validate/node_modules/camelcase
6434 silly ADD node_modules/jest-util
6435 silly ADD node_modules/jest-snapshot
6436 silly ADD node_modules/jest-snapshot/node_modules/semver
6437 silly ADD node_modules/jest-runtime
6438 silly ADD node_modules/jest-runner
6439 silly ADD node_modules/jest-runner/node_modules/source-map-support
6440 silly ADD node_modules/jest-resolve-dependencies
6441 silly ADD node_modules/jest-resolve
6442 silly ADD node_modules/jest-regex-util
6443 silly ADD node_modules/jest-message-util
6444 silly ADD node_modules/jest-haste-map
6445 silly ADD node_modules/jest-config
6446 silly ADD node_modules/jest-changed-files
6447 silly ADD node_modules/graceful-fs
6448 silly ADD node_modules/exit
6449 silly ADD node_modules/ci-info
6450 silly ADD node_modules/@types/node
6451 silly ADD node_modules/@jest/transform
6452 silly ADD node_modules/@jest/test-result
6453 silly ADD node_modules/@jest/reporters
6454 silly ADD node_modules/@jest/console
6455 silly ADD node_modules/jest-cli
6456 silly ADD node_modules/import-local
6457 silly ADD node_modules/@jest/types
6458 silly ADD node_modules/@jest/core
6459 silly ADD node_modules/@inversifyjs/reflect-metadata-utils
6460 silly ADD node_modules/reflect-metadata
6461 silly ADD node_modules/@inversifyjs/core
6462 silly ADD node_modules/@inversifyjs/common
6463 silly ADD node_modules/safer-buffer
6464 silly ADD node_modules/type-fest
6465 silly ADD node_modules/iconv-lite
6466 silly ADD node_modules/chardet
6467 silly ADD node_modules/yoctocolors-cjs
6468 silly ADD node_modules/wrap-ansi
6469 silly ADD node_modules/strip-ansi
6470 silly ADD node_modules/string-width
6471 silly ADD node_modules/run-async
6472 silly ADD node_modules/mute-stream
6473 silly ADD node_modules/cli-width
6474 silly ADD node_modules/ansi-escapes
6475 silly ADD node_modules/@inquirer/figures
6476 silly ADD node_modules/@inquirer/external-editor
6477 silly ADD node_modules/dunder-proto
6478 silly ADD node_modules/math-intrinsics
6479 silly ADD node_modules/has-symbols
6480 silly ADD node_modules/gopd
6481 silly ADD node_modules/get-proto
6482 silly ADD node_modules/function-bind
6483 silly ADD node_modules/es-object-atoms
6484 silly ADD node_modules/es-define-property
6485 silly ADD node_modules/call-bind-apply-helpers
6486 silly ADD node_modules/has-tostringtag
6487 silly ADD node_modules/get-intrinsic
6488 silly ADD node_modules/es-errors
6489 silly ADD node_modules/delayed-stream
6490 silly ADD node_modules/mime-types
6491 silly ADD node_modules/hasown
6492 silly ADD node_modules/es-set-tostringtag
6493 silly ADD node_modules/combined-stream
6494 silly ADD node_modules/asynckit
6495 silly ADD
6496 silly ADD
6497 silly ADD
6498 silly ADD
6499 silly ADD
6500 silly ADD
6501 silly ADD
6502 silly ADD
6503 silly ADD
6504 silly ADD
6505 silly ADD
6506 silly ADD
6507 silly ADD node_modules/esbuild-linux-64
6508 silly ADD
6509 silly ADD
6510 silly ADD
6511 silly ADD
6512 silly ADD
6513 silly ADD
6514 silly ADD
6515 silly ADD
6516 silly ADD
6517 silly ADD node_modules/color-name
6518 silly ADD node_modules/color-convert
6519 silly ADD node_modules/supports-color
6520 silly ADD node_modules/ansi-styles
6521 silly ADD node_modules/is-buffer
6522 silly ADD node_modules/fast-deep-equal
6523 silly ADD node_modules/proxy-from-env
6524 silly ADD node_modules/form-data
6525 silly ADD node_modules/follow-redirects
6526 silly ADD node_modules/@protobuf-ts/protoc
6527 silly ADD node_modules/@protobuf-ts/plugin-framework
6528 silly ADD node_modules/@protobuf-ts/plugin-framework/node_modules/typescript
6529 silly ADD node_modules/@protobuf-ts/runtime-rpc
6530 silly ADD node_modules/@protobuf-ts/runtime
6531 silly ADD node_modules/protobufjs
6532 silly ADD node_modules/long
6533 silly ADD node_modules/lodash.camelcase
6534 silly ADD node_modules/@js-sdsl/ordered-map
6535 silly ADD node_modules/@grpc/proto-loader
6536 silly ADD node_modules/yargs
6537 silly ADD node_modules/winston
6538 silly ADD node_modules/vitest
6539 silly ADD node_modules/ts-pattern
6540 silly ADD node_modules/tiny-invariant
6541 silly ADD node_modules/testcontainers
6542 silly ADD node_modules/testcontainers/node_modules/get-port
6543 silly ADD node_modules/source-map-support
6544 silly ADD node_modules/simple-git
6545 silly ADD node_modules/rxjs
6546 silly ADD node_modules/path
6547 silly ADD node_modules/path/node_modules/inherits
6548 silly ADD node_modules/path/node_modules/util
6549 silly ADD node_modules/ora
6550 silly ADD node_modules/ora/node_modules/ansi-regex
6551 silly ADD node_modules/ora/node_modules/emoji-regex
6552 silly ADD node_modules/ora/node_modules/strip-ansi
6553 silly ADD node_modules/ora/node_modules/string-width
6554 silly ADD node_modules/ora/node_modules/chalk
6555 silly ADD node_modules/npm
6556 silly ADD node_modules/node-domexception
6557 silly ADD node_modules/node-cron
6558 silly ADD node_modules/node-cron/node_modules/uuid
6559 silly ADD node_modules/mustache
6560 silly ADD node_modules/luxon
6561 silly ADD node_modules/lodash
6562 silly ADD node_modules/jest
6563 silly ADD node_modules/inversify
6564 silly ADD node_modules/install
6565 silly ADD node_modules/inquirer
6566 silly ADD node_modules/inquirer/node_modules/restore-cursor
6567 silly ADD node_modules/inquirer/node_modules/log-symbols
6568 silly ADD node_modules/inquirer/node_modules/is-unicode-supported
6569 silly ADD node_modules/inquirer/node_modules/is-interactive
6570 silly ADD node_modules/inquirer/node_modules/cli-cursor
6571 silly ADD node_modules/inquirer/node_modules/ora
6572 silly ADD node_modules/google-protobuf
6573 silly ADD node_modules/get-port
6574 silly ADD node_modules/esbuild
6575 silly ADD node_modules/dotenv
6576 silly ADD node_modules/commander
6577 silly ADD node_modules/cli-spinners
6578 silly ADD node_modules/axios-mock-adapter
6579 silly ADD node_modules/axios
6580 silly ADD node_modules/@protobuf-ts/plugin
6581 silly ADD node_modules/@protobuf-ts/plugin/node_modules/typescript
6582 silly ADD node_modules/@protobuf-ts/grpcweb-transport
6583 silly ADD node_modules/@protobuf-ts/grpc-transport
6584 silly ADD node_modules/@grpc/grpc-js
6585 silly ADD node_modules/@connectrpc/connect-node
6586 silly ADD node_modules/@connectrpc/connect
6587 silly ADD node_modules/@bufbuild/protobuf
6588 silly ADD node_modules/uuid
6589 silly ADD node_modules/typescript
6590 silly ADD node_modules/node-opcua-client
6591 silly ADD node_modules/node-opcua-client-crawler
6592 silly ADD node_modules/node-opcua
6593 silly ADD node_modules/node-opcua/node_modules/semver
6594 silly ADD node_modules/js2xmlparser
6595 silly ADD node_modules/chalk
6596 silly ADD node_modules/@normalframework/applications-sdk
6597 silly ADD node_modules/@normalframework/applications-sdk/node_modules/reflect-metadata
6598 silly ADD node_modules/@normalframework/applications-sdk/node_modules/uuid
6599 silly ADD node_modules/@normalframework/applications-sdk/node_modules/chalk
6600 timing command:install Completed in 40162ms
6601 notice
6601 notice New major version of npm available! 9.6.7 -> 11.7.0
6601 notice Changelog: <https://github.com/npm/cli/releases/tag/v11.7.0>
6601 notice Run `npm install -g npm@11.7.0` to update!
6601 notice
6602 verbose exit 0
6603 timing npm Completed in 40497ms
6604 info ok
